source_dataset,sequence_id,subject_id,camera_id,environment,fps,duration_seconds,total_frames,resolution_w,resolution_h,is_fall,activity_label,fall_start_sec,fall_end_sec,lying_start_sec,license_type,split,video_relative_path,sha256_hash,is_long_form,is_optical_authentic,scene_cuts_sec,reviewed_no_falls
URFD,urfd_adl-01-cam0,urfd_subj_01,cam0,indoor_office_room1,30.0,5.0,150,320,240,False,walking,,,,CC-BY-NC,dev,datasets/raw/urfd/adl-01-cam0.mp4,b7b0220c8081a9a8b284174f55b7ca56e5bf9a525af1bfda0ae29c73d06016f8,False,True,[],False
URFD,urfd_adl-02-cam0,urfd_subj_01,cam0,indoor_office_room1,30.0,6.0,180,320,240,False,sitting,,,,CC-BY-NC,dev,datasets/raw/urfd/adl-02-cam0.mp4,46d63331b14aeafc0d9cb9ddac1f44f6040a801cad7ba6eba6b930f8a3a5994a,False,True,[],False
URFD,urfd_adl-03-cam0,urfd_subj_01,cam0,indoor_office_room1,30.0,6.0,180,320,240,False,bending,,,,CC-BY-NC,dev,datasets/raw/urfd/adl-03-cam0.mp4,44ec54c8ee227eaa4998fc5356bf8fd51a7d67d205ec44e3bfc3b4754fb3a3fa,False,True,[],False
URFD,urfd_adl-04-cam0,urfd_subj_02,cam0,indoor_office_room1,30.0,5.0,150,320,240,False,lying,,,,CC-BY-NC,dev,datasets/raw/urfd/adl-04-cam0.mp4,2694f06b1277d9de412c3f4d57bcef03f5396866dbfdd17fcc91718083bb8ac0,False,True,[],False
URFD,urfd_adl-05-cam0,urfd_subj_02,cam0,indoor_office_room1,30.0,6.0,180,320,240,False,walking,,,,CC-BY-NC,dev,datasets/raw/urfd/adl-05-cam0.mp4,01265dfff0a718f9b4adfa1a6aeed224d3cd5aa8141c050687703c27c59f607b,False,True,[],False
URFD,urfd_adl-06-cam0,urfd_subj_02,cam0,indoor_office_room1,30.0,7.666666666666667,230,320,240,False,sitting,,,,CC-BY-NC,dev,datasets/raw/urfd/adl-06-cam0.mp4,a1022b9b4e5dbc2670ac5fbfa3854635c881f12a6a2529234fbf61a7fc635b8d,False,True,[],False
URFD,urfd_adl-07-cam0,urfd_subj_03,cam0,indoor_office_room1,30.0,6.0,180,320,240,False,bending,,,,CC-BY-NC,dev,datasets/raw/urfd/adl-07-cam0.mp4,0b346e78321c0cdfd281a19f3f4fd9cb6d61ed27f4caa1a955ac182c5b66a954,False,True,[],False
URFD,urfd_adl-08-cam0,urfd_subj_03,cam0,indoor_office_room1,30.0,6.0,180,320,240,False,lying,,,,CC-BY-NC,dev,datasets/raw/urfd/adl-08-cam0.mp4,85ae4a3c4539b1bcbb9542ae530f1c1b1ebc0c02124fa417d95f7944789dfa75,False,True,[],False
URFD,urfd_adl-09-cam0,urfd_subj_03,cam0,indoor_office_room1,30.0,5.0,150,320,240,False,walking,,,,CC-BY-NC,dev,datasets/raw/urfd/adl-09-cam0.mp4,6a54b645ff4207cbcb22043f3ab84c22e14261e237418f2cb9ea23b1c8f39672,False,True,[],False
URFD,urfd_adl-10-cam0,urfd_subj_04,cam0,indoor_office_room2,30.0,10.0,300,320,240,False,sitting,,,,CC-BY-NC,dev,datasets/raw/urfd/adl-10-cam0.mp4,e8720d9d36f21c2e3222109b92d564ad3f1153927a9cf69dbd0eba0fcd003a23,False,True,[],False
URFD,urfd_adl-11-cam0,urfd_subj_04,cam0,indoor_office_room2,30.0,10.0,300,320,240,False,bending,,,,CC-BY-NC,dev,datasets/raw/urfd/adl-11-cam0.mp4,c798947d701b303ded1ed2b799a1423056564a71fe208639e517adc56ddfad7e,False,True,[],False
URFD,urfd_adl-12-cam0,urfd_subj_04,cam0,indoor_office_room2,30.0,8.333333333333334,250,320,240,False,lying,,,,CC-BY-NC,dev,datasets/raw/urfd/adl-12-cam0.mp4,77506f291304616dd5a1a7940ad43acbc5e1debccf675638eea3cea5d9481b42,False,True,[],False
URFD,urfd_adl-13-cam0,urfd_subj_05,cam0,indoor_office_room2,30.0,8.833333333333334,265,320,240,False,walking,,,,CC-BY-NC,dev,datasets/raw/urfd/adl-13-cam0.mp4,80a371d2cdbf5dcf277b7aa45539da6c04b778192aba45f0873a428b4d16727a,False,True,[],False
URFD,urfd_adl-14-cam0,urfd_subj_05,cam0,indoor_office_room2,30.0,7.833333333333333,235,320,240,False,sitting,,,,CC-BY-NC,dev,datasets/raw/urfd/adl-14-cam0.mp4,d3d2f3e54b52da1d43b0445eb2f914cc1ea6922330dacb6f55ef65da3065b44e,False,True,[],False
URFD,urfd_adl-15-cam0,urfd_subj_05,cam0,indoor_office_room2,30.0,9.166666666666666,275,320,240,False,bending,,,,CC-BY-NC,dev,datasets/raw/urfd/adl-15-cam0.mp4,202d009146a01f8cd367e89dab06866082f59f12934a72898bbe450b65d61768,False,True,[],False
URFD,urfd_adl-16-cam0,urfd_subj_06,cam0,indoor_office_room2,30.0,8.0,240,320,240,False,lying,,,,CC-BY-NC,dev,datasets/raw/urfd/adl-16-cam0.mp4,9eb9d093c0fe04344591b2c2caf0d7d6204189d58a4a160b76d7eed7bf3b0f55,False,True,[],False
URFD,urfd_adl-17-cam0,urfd_subj_06,cam0,indoor_office_room2,30.0,7.666666666666667,230,320,240,False,walking,,,,CC-BY-NC,dev,datasets/raw/urfd/adl-17-cam0.mp4,ef2564f6680a4a2b790c67d562a77737ee005d8b0d8ab6c1ce92f83123100c93,False,True,[],False
URFD,urfd_adl-18-cam0,urfd_subj_06,cam0,indoor_office_room2,30.0,8.833333333333334,265,320,240,False,sitting,,,,CC-BY-NC,dev,datasets/raw/urfd/adl-18-cam0.mp4,38710e818ebef54609801f1af69c513d23a78a72b5793247aa3e052965fd63f6,False,True,[],False
URFD,urfd_adl-19-cam0,urfd_subj_06,cam0,indoor_office_room2,30.0,8.333333333333334,250,320,240,False,bending,,,,CC-BY-NC,dev,datasets/raw/urfd/adl-19-cam0.mp4,4152673f37405d293ed911850742fadb367e7f0d8fafed28211b4f812802ebcd,False,True,[],False
URFD,urfd_adl-20-cam0,urfd_subj_06,cam0,indoor_office_room2,30.0,9.0,270,320,240,False,lying,,,,CC-BY-NC,dev,datasets/raw/urfd/adl-20-cam0.mp4,7524782dca9a9ee7a6cd215514bef372e132a3c9e7ad4786ea073560496ecc39,False,True,[],False
URFD,urfd_adl-21-cam0,urfd_subj_06,cam0,indoor_office_room2,30.0,9.333333333333334,280,320,240,False,walking,,,,CC-BY-NC,dev,datasets/raw/urfd/adl-21-cam0.mp4,aa6a682ae5dd200cbc6b70592396edeec06a6ea356cdd81eb570a0a75499f0a2,False,True,[],False
URFD,urfd_adl-22-cam0,urfd_subj_06,cam0,indoor_office_room2,30.0,8.0,240,320,240,False,sitting,,,,CC-BY-NC,dev,datasets/raw/urfd/adl-22-cam0.mp4,4e390eaba4ba23fc4a60ca8072e6a47254b8a340e6d9f6afe32d4fc617fadc65,False,True,[],False
URFD,urfd_adl-23-cam0,urfd_subj_06,cam0,indoor_office_room2,30.0,7.333333333333333,220,320,240,False,bending,,,,CC-BY-NC,dev,datasets/raw/urfd/adl-23-cam0.mp4,5478ba6cc9ab95b3ee865ae619cc26d29b1f7e1280a0ce10bf5596fd85117926,False,True,[],False
URFD,urfd_adl-24-cam0,urfd_subj_06,cam0,indoor_office_room2,30.0,2.3333333333333335,70,320,240,False,lying,,,,CC-BY-NC,dev,datasets/raw/urfd/adl-24-cam0.mp4,d1fcf55cc095f7e15958768301c54816e2ba3745902192746bce7615d08121a9,False,True,[],False
URFD,urfd_adl-25-cam0,urfd_subj_07,cam0,indoor_corridor_room3,30.0,3.6666666666666665,110,320,240,False,walking,,,,CC-BY-NC,dev,datasets/raw/urfd/adl-25-cam0.mp4,243a9c9d04a58bc7f32e51bb608844a02ca0e966619f7d26272047c0ed5ef7bb,False,True,[],False
URFD,urfd_adl-26-cam0,urfd_subj_07,cam0,indoor_corridor_room3,30.0,3.1666666666666665,95,320,240,False,sitting,,,,CC-BY-NC,dev,datasets/raw/urfd/adl-26-cam0.mp4,d0bd6d7495adeeca01e7d167d005b87c2ee1c31319be2541375e8386511f5ec3,False,True,[],False
URFD,urfd_adl-27-cam0,urfd_subj_07,cam0,indoor_corridor_room3,30.0,3.3333333333333335,100,320,240,False,bending,,,,CC-BY-NC,dev,datasets/raw/urfd/adl-27-cam0.mp4,10467f717f75e2b4a13c4112961f1fd759483a3255cc9c4a51d11867773cef7d,False,True,[],False
URFD,urfd_adl-28-cam0,urfd_subj_07,cam0,indoor_corridor_room3,30.0,2.8333333333333335,85,320,240,False,lying,,,,CC-BY-NC,dev,datasets/raw/urfd/adl-28-cam0.mp4,cb65cc38f7f15c34e5678b91dbb48b4ec57bfb9c71e875f648aebe3788834536,False,True,[],False
URFD,urfd_adl-29-cam0,urfd_subj_08,cam0,indoor_corridor_room3,30.0,4.166666666666667,125,320,240,False,walking,,,,CC-BY-NC,dev,datasets/raw/urfd/adl-29-cam0.mp4,d6fad7b0cdf5bcf0edd1a8b698f16a3787d8ad5aa1724569395438b2ff28f269,False,True,[],False
URFD,urfd_adl-30-cam0,urfd_subj_08,cam0,indoor_corridor_room3,30.0,13.333333333333334,400,320,240,False,sitting,,,,CC-BY-NC,dev,datasets/raw/urfd/adl-30-cam0.mp4,ed5734796d4aefee14edf6a078841c05c7d45d60b149b900ea78ff00c67614f4,False,True,[],False
URFD,urfd_adl-31-cam0,urfd_subj_08,cam0,indoor_corridor_room3,30.0,8.333333333333334,250,320,240,False,bending,,,,CC-BY-NC,dev,datasets/raw/urfd/adl-31-cam0.mp4,fb886e065a182ac65673ae5d3e70665eaeca7efc54d66e65de5336994c9fdec9,False,True,[],False
URFD,urfd_adl-32-cam0,urfd_subj_08,cam0,indoor_corridor_room3,30.0,6.666666666666667,200,320,240,False,lying,,,,CC-BY-NC,dev,datasets/raw/urfd/adl-32-cam0.mp4,cd788210d3f0f9256b5582294914db56bcdd0bf048e7dc9e8a16d6626a77e3a1,False,True,[],False
URFD,urfd_adl-33-cam0,urfd_subj_09,cam0,indoor_corridor_room3,30.0,6.666666666666667,200,320,240,False,walking,,,,CC-BY-NC,dev,datasets/raw/urfd/adl-33-cam0.mp4,8dff4eaeb8f57b465c4c34534606b968dc18aacfbc21f096eaced78f1a569c98,False,True,[],False
URFD,urfd_adl-34-cam0,urfd_subj_09,cam0,indoor_corridor_room3,30.0,6.366666666666666,191,320,240,False,sitting,,,,CC-BY-NC,dev,datasets/raw/urfd/adl-34-cam0.mp4,0900de434a17473ecb6272571f33595e0b449887cf68865424b189236ee632e2,False,True,[],False
URFD,urfd_adl-35-cam0,urfd_subj_09,cam0,indoor_corridor_room3,30.0,9.333333333333334,280,320,240,False,bending,,,,CC-BY-NC,dev,datasets/raw/urfd/adl-35-cam0.mp4,22b76aa84f4d031263912d51791cbb68dcc9f8f24ca8aa3101b1a8aa6d650d79,False,True,[],False
URFD,urfd_adl-36-cam0,urfd_subj_09,cam0,indoor_corridor_room3,30.0,11.333333333333334,340,320,240,False,lying,,,,CC-BY-NC,dev,datasets/raw/urfd/adl-36-cam0.mp4,59a1e72bca5b58e14b1f21537ce2ee85b4206528d49cdf977c55a48a36d0b913,False,True,[],False
URFD,urfd_adl-37-cam0,urfd_subj_10,cam0,indoor_corridor_room3,30.0,11.666666666666666,350,320,240,False,walking,,,,CC-BY-NC,dev,datasets/raw/urfd/adl-37-cam0.mp4,a93e41c90edf40801a515ba3c5d462d49d71806e8ca92f011601fba270477b41,False,True,[],False
URFD,urfd_adl-38-cam0,urfd_subj_10,cam0,indoor_corridor_room3,30.0,11.5,345,320,240,False,sitting,,,,CC-BY-NC,dev,datasets/raw/urfd/adl-38-cam0.mp4,7c85e0c6b9ad7e5b9b2cfc68112e2c18d83c9a3ea9f1b3b56a5e8f4855a234af,False,True,[],False
URFD,urfd_adl-39-cam0,urfd_subj_10,cam0,indoor_corridor_room3,30.0,9.0,270,320,240,False,bending,,,,CC-BY-NC,dev,datasets/raw/urfd/adl-39-cam0.mp4,34fb1ef5e81a450b2680acc50df5b783927410b393e6a7af79dc92dd1dcc6f1e,False,True,[],False
URFD,urfd_adl-40-cam0,urfd_subj_10,cam0,indoor_corridor_room3,30.0,11.0,330,320,240,False,lying,,,,CC-BY-NC,dev,datasets/raw/urfd/adl-40-cam0.mp4,e47cd358238c17200f3521bf67e0fda539edd893629a9efb9dc5b435cc14dca9,False,True,[],False
URFD,urfd_fall-01-cam0,urfd_subj_01,cam0,indoor_office_room1,30.0,5.333333333333333,160,320,240,True,fall,2.7666666666666666,3.7333333333333334,3.7666666666666666,CC-BY-NC,dev,datasets/raw/urfd/fall-01-cam0.mp4,5fcb77e5b5a35d73ab8cda856ea58bd9e6acd7552e16fc6d22a623556bee76bc,False,True,[],False
URFD,urfd_fall-02-cam0,urfd_subj_01,cam0,indoor_office_room1,30.0,3.6666666666666665,110,320,240,True,fall,1.3333333333333333,2.3,2.3333333333333335,CC-BY-NC,dev,datasets/raw/urfd/fall-02-cam0.mp4,4135a85724b5be8a248427cf49d4f28950cc1d2201434cf99f776fb4bbfd77b7,False,True,[],False
URFD,urfd_fall-03-cam0,urfd_subj_01,cam0,indoor_office_room1,30.0,7.166666666666667,215,320,240,True,fall,4.933333333333334,5.9,5.933333333333334,CC-BY-NC,dev,datasets/raw/urfd/fall-03-cam0.mp4,6496581c9408ad87e7bbd75317e7112cb01b66755310990effa68a4badad2aff,False,True,[],False
URFD,urfd_fall-04-cam0,urfd_subj_02,cam0,indoor_office_room1,30.0,3.2,96,320,240,True,fall,0.4666666666666667,1.4333333333333333,1.4666666666666666,CC-BY-NC,dev,datasets/raw/urfd/fall-04-cam0.mp4,3cee6b1d27192184b299cce8fe289f013b1d69b89ba7bc92c025da849b10cece,False,True,[],False
URFD,urfd_fall-05-cam0,urfd_subj_02,cam0,indoor_office_room1,30.0,5.033333333333333,151,320,240,True,fall,2.6333333333333333,3.6,3.6333333333333333,CC-BY-NC,dev,datasets/raw/urfd/fall-05-cam0.mp4,66ab179b17b12c240420ca5f9f95b73dbb922921d699009078dc61d8893c0c63,False,True,[],False
URFD,urfd_fall-06-cam0,urfd_subj_02,cam0,indoor_office_room1,30.0,3.3333333333333335,100,320,240,True,fall,0.36666666666666664,1.3333333333333333,1.3666666666666667,CC-BY-NC,dev,datasets/raw/urfd/fall-06-cam0.mp4,66baa523914a199f1da70e476ba649a93c9046595b74606f854dc4267e596cca,False,True,[],False
URFD,urfd_fall-07-cam0,urfd_subj_03,cam0,indoor_office_room1,30.0,5.2,156,320,240,True,fall,2.8333333333333335,3.8,3.8333333333333335,CC-BY-NC,dev,datasets/raw/urfd/fall-07-cam0.mp4,7dff29fad343856c2cc20c0bd1ab6b7ef749d75b916d75fc68cf0861793b39cd,False,True,[],False
URFD,urfd_fall-08-cam0,urfd_subj_03,cam0,indoor_office_room1,30.0,3.033333333333333,91,320,240,True,fall,1.0,1.9666666666666666,2.0,CC-BY-NC,dev,datasets/raw/urfd/fall-08-cam0.mp4,365d74ac9651b7dc7d61571614d4195d1517047ec0133330b5328ed0fe13055a,False,True,[],False
URFD,urfd_fall-09-cam0,urfd_subj_03,cam0,indoor_office_room1,30.0,6.166666666666667,185,320,240,True,fall,4.033333333333333,5.0,5.033333333333333,CC-BY-NC,dev,datasets/raw/urfd/fall-09-cam0.mp4,28061e57e2daf23dd3cfc1a79d43800035035285b89170b7304a652d910f63e4,False,True,[],False
URFD,urfd_fall-10-cam0,urfd_subj_04,cam0,indoor_office_room2,30.0,4.333333333333333,130,320,240,True,fall,1.3333333333333333,2.3,2.3333333333333335,CC-BY-NC,dev,datasets/raw/urfd/fall-10-cam0.mp4,2e077041e7f929ce120fc4c4f2c1e7421b9826c52d5d776c7341c67cf125095b,False,True,[],False
URFD,urfd_fall-11-cam0,urfd_subj_04,cam0,indoor_office_room2,30.0,4.333333333333333,130,320,240,True,fall,1.6333333333333333,2.6,2.6333333333333333,CC-BY-NC,dev,datasets/raw/urfd/fall-11-cam0.mp4,d1274781ac2fb6f57d40b0337ab77573c882d06f86f5604073eb1568794382b4,False,True,[],False
URFD,urfd_fall-12-cam0,urfd_subj_04,cam0,indoor_office_room2,30.0,3.6666666666666665,110,320,240,True,fall,0.8333333333333334,1.8,1.8333333333333333,CC-BY-NC,dev,datasets/raw/urfd/fall-12-cam0.mp4,e3f463e492ff3d3119c318c4b24796c98e673a66d311c7eaa827be9c80b93e78,False,True,[],False
URFD,urfd_fall-13-cam0,urfd_subj_05,cam0,indoor_office_room2,30.0,2.8333333333333335,85,320,240,True,fall,1.4666666666666666,2.433333333333333,2.466666666666667,CC-BY-NC,dev,datasets/raw/urfd/fall-13-cam0.mp4,172dee7c199de98348430713c5e8ad2c8be04ba38f7e6391c3c22047f968a024,False,True,[],False
URFD,urfd_fall-14-cam0,urfd_subj_05,cam0,indoor_office_room2,30.0,2.033333333333333,61,320,240,True,fall,0.5333333333333333,1.5,1.5333333333333334,CC-BY-NC,dev,datasets/raw/urfd/fall-14-cam0.mp4,3c38f85993855f27d0549c369f89fde0449be50152cb9cdc06e6ab11f66fe10b,False,True,[],False
URFD,urfd_fall-15-cam0,urfd_subj_05,cam0,indoor_office_room2,30.0,2.3666666666666667,71,320,240,True,fall,0.9333333333333333,1.9,1.9333333333333333,CC-BY-NC,dev,datasets/raw/urfd/fall-15-cam0.mp4,85dd08909fb62efeb736ac159c595398521d8c70b7537663884dbd3b2dc583d9,False,True,[],False
URFD,urfd_fall-16-cam0,urfd_subj_06,cam0,indoor_office_room2,30.0,1.8333333333333333,55,320,240,True,fall,0.5666666666666667,1.5333333333333334,1.5666666666666667,CC-BY-NC,dev,datasets/raw/urfd/fall-16-cam0.mp4,0ef51830d8573303eb2e5d2ea897f7bcf619843e570fc84aba0cd3d3c8c9a0b2,False,True,[],False
URFD,urfd_fall-17-cam0,urfd_subj_06,cam0,indoor_office_room2,30.0,3.1666666666666665,95,320,240,True,fall,1.9666666666666666,2.933333333333333,2.966666666666667,CC-BY-NC,dev,datasets/raw/urfd/fall-17-cam0.mp4,ddb718f5064344abd56711d7ba2802e2e8a998d7433285a0732745681ffd9387,False,True,[],False
URFD,urfd_fall-18-cam0,urfd_subj_06,cam0,indoor_office_room2,30.0,2.1666666666666665,65,320,240,True,fall,0.5333333333333333,1.5,1.5333333333333334,CC-BY-NC,dev,datasets/raw/urfd/fall-18-cam0.mp4,5a6844e3644f472b3859448ddb9a4c8ca9dd761a623660a06c4220ee5267d412,False,True,[],False
URFD,urfd_fall-19-cam0,urfd_subj_07,cam0,indoor_corridor_room3,30.0,3.3333333333333335,100,320,240,True,fall,0.8333333333333334,1.8,1.8333333333333333,CC-BY-NC,dev,datasets/raw/urfd/fall-19-cam0.mp4,4013d44890d255c72fa981a9a43dbc449ae5940008341f7a907ecb233260e791,False,True,[],False
URFD,urfd_fall-20-cam0,urfd_subj_07,cam0,indoor_corridor_room3,30.0,3.6666666666666665,110,320,240,True,fall,0.6,1.5666666666666667,1.6,CC-BY-NC,dev,datasets/raw/urfd/fall-20-cam0.mp4,01b27ea414b18f3a71e6d0f4e3cf1e1f9999dfd4a8af1b2c7dde74a5f0e0a5c3,False,True,[],False
URFD,urfd_fall-21-cam0,urfd_subj_07,cam0,indoor_corridor_room3,30.0,1.8333333333333333,55,320,240,True,fall,0.7,1.6666666666666667,1.7,CC-BY-NC,dev,datasets/raw/urfd/fall-21-cam0.mp4,d64f76acc663d75dc749e82c07e018a0d1a6beae51f9de930ef35abda27e9525,False,True,[],False
URFD,urfd_fall-22-cam0,urfd_subj_08,cam0,indoor_corridor_room3,30.0,1.8666666666666667,56,320,240,True,fall,0.13333333333333333,1.1,1.1333333333333333,CC-BY-NC,dev,datasets/raw/urfd/fall-22-cam0.mp4,e352a59c371aee46a2967bc239ba478b5779a4eff821360efa005c60a6150508,False,True,[],False
URFD,urfd_fall-23-cam0,urfd_subj_08,cam0,indoor_corridor_room3,30.0,2.5,75,320,240,True,fall,0.9,1.8666666666666667,1.9,CC-BY-NC,dev,datasets/raw/urfd/fall-23-cam0.mp4,b1b651197df7da6d86124dc8bc8f24781fe67f77fb4ae4087307e5bbe882c03a,False,True,[],False
URFD,urfd_fall-24-cam0,urfd_subj_08,cam0,indoor_corridor_room3,30.0,2.0,60,320,240,True,fall,0.4,1.3666666666666667,1.4,CC-BY-NC,dev,datasets/raw/urfd/fall-24-cam0.mp4,a5e5738d50b8b58b8be9cd6e0410597b0b03a7d525c5cf3bda89cb1f74943a74,False,True,[],False
URFD,urfd_fall-25-cam0,urfd_subj_09,cam0,indoor_corridor_room3,30.0,2.8333333333333335,85,320,240,True,fall,1.5,2.466666666666667,2.5,CC-BY-NC,dev,datasets/raw/urfd/fall-25-cam0.mp4,577514392376ef99da3923e39687eb0d4ec457e4bd88b13fc95326a719ec6aca,False,True,[],False
URFD,urfd_fall-26-cam0,urfd_subj_09,cam0,indoor_corridor_room3,30.0,2.033333333333333,61,320,240,True,fall,0.43333333333333335,1.4,1.4333333333333333,CC-BY-NC,dev,datasets/raw/urfd/fall-26-cam0.mp4,10c4bbfc0386e6e69b3fe468c4f60f32289a0ef9b2a636b847efbd23b6bef702,False,True,[],False
URFD,urfd_fall-27-cam0,urfd_subj_09,cam0,indoor_corridor_room3,30.0,3.066666666666667,92,320,240,True,fall,1.7,2.6666666666666665,2.7,CC-BY-NC,dev,datasets/raw/urfd/fall-27-cam0.mp4,b5808f3cdd6e042258721251a68d2c4ebf151e6f295da4399863f2d458749a9e,False,True,[],False
URFD,urfd_fall-28-cam0,urfd_subj_10,cam0,indoor_corridor_room3,30.0,2.2,66,320,240,True,fall,0.9,1.8666666666666667,1.9,CC-BY-NC,dev,datasets/raw/urfd/fall-28-cam0.mp4,da34680083af41e53b442a99dbde2d6e7dfcaa3adf710d1333867c2a4003bc06,False,True,[],False
URFD,urfd_fall-29-cam0,urfd_subj_10,cam0,indoor_corridor_room3,30.0,3.3,99,320,240,True,fall,1.6333333333333333,2.6,2.6333333333333333,CC-BY-NC,dev,datasets/raw/urfd/fall-29-cam0.mp4,58be35bb10fb3d7eaa505681989f0d110fe20440f139607f6f010a9aa6abfd32,False,True,[],False
URFD,urfd_fall-30-cam0,urfd_subj_10,cam0,indoor_corridor_room3,30.0,2.3333333333333335,70,320,240,True,fall,0.8333333333333334,1.8,1.8333333333333333,CC-BY-NC,dev,datasets/raw/urfd/fall-30-cam0.mp4,6a0ac821b596c6d01aaeab3e26865990750d09530a02f613e141faf9b51f80e2,False,True,[],False
UP-Fall,upfall_s10_a10_t01_c1,upfall_subj_10,cam1,laboratory_room,17.65,29.922,528,640,480,False,jumping,,,,CC-BY-4.0,dev,G:/My Drive/upfall_real/Subject10Activity10Trial1Camera1.zip,b023fc6790ecd4385614bfe26fd48acaea0a991d996e3235eb447afdf2bd2d83,False,True,[],False
UP-Fall,upfall_s10_a10_t01_c2,upfall_subj_10,cam2,laboratory_room,17.65,29.922,528,640,480,False,jumping,,,,CC-BY-4.0,dev,G:/My Drive/upfall_real/Subject10Activity10Trial1Camera2.zip,6639f543b00d39adfa3a68540f236c599cccd0014ad31708cbe9dab7ba06568e,False,True,[],False
UP-Fall,upfall_s10_a10_t02_c1,upfall_subj_10,cam1,laboratory_room,17.65,29.919,528,640,480,False,jumping,,,,CC-BY-4.0,dev,G:/My Drive/upfall_real/Subject10Activity10Trial2Camera1.zip,8f09504b12e64154fce986f602310d08ea3bd2d3f254efb75a8e1b59978c9bdc,False,True,[],False
UP-Fall,upfall_s10_a10_t02_c2,upfall_subj_10,cam2,laboratory_room,17.65,29.919,528,640,480,False,jumping,,,,CC-BY-4.0,dev,G:/My Drive/upfall_real/Subject10Activity10Trial2Camera2.zip,c051e7f414e1ecf0c1b606f79472bdefb57f0dd8e5a3a67021c922728b5d8598,False,True,[],False
UP-Fall,upfall_s10_a10_t03_c1,upfall_subj_10,cam1,laboratory_room,17.9,29.949,536,640,480,False,jumping,,,,CC-BY-4.0,dev,G:/My Drive/upfall_real/Subject10Activity10Trial3Camera1.zip,00ca518f563446e53f8e4a5bb38e50c5f0b1c887978c114d7b752c96fe8850e2,False,True,[],False
UP-Fall,upfall_s10_a10_t03_c2,upfall_subj_10,cam2,laboratory_room,17.9,29.949,536,640,480,False,jumping,,,,CC-BY-4.0,dev,G:/My Drive/upfall_real/Subject10Activity10Trial3Camera2.zip,3fe90d1365cf20349a6ff1a871cd46b8fb5cddd3601ce6ca998df11f9d29788b,False,True,[],False
UP-Fall,upfall_s10_a11_t01_c1,upfall_subj_10,cam1,laboratory_room,17.61,59.925,1055,640,480,False,lying_down,,,,CC-BY-4.0,dev,G:/My Drive/upfall_real/Subject10Activity11Trial1Camera1.zip,a265d39bf2001a43bcf30d663c96fc98bc0fd4f81e081896f0cbb3d6be03b145,False,True,[],False
UP-Fall,upfall_s10_a11_t01_c2,upfall_subj_10,cam2,laboratory_room,17.61,59.925,1055,640,480,False,lying_down,,,,CC-BY-4.0,dev,G:/My Drive/upfall_real/Subject10Activity11Trial1Camera2.zip,1cd2e70ff544b226ec930637caefd201100afde74703b03a6341ca30b45ebc8c,False,True,[],False
UP-Fall,upfall_s10_a11_t02_c1,upfall_subj_10,cam1,laboratory_room,17.87,59.921,1071,640,480,False,lying_down,,,,CC-BY-4.0,dev,G:/My Drive/upfall_real/Subject10Activity11Trial2Camera1.zip,9d6bffd5e2e875ce2a16e84a021f39eb7586747680533cbb0a73e541d5a83f96,False,True,[],False
UP-Fall,upfall_s10_a11_t02_c2,upfall_subj_10,cam2,laboratory_room,17.87,59.921,1071,640,480,False,lying_down,,,,CC-BY-4.0,dev,G:/My Drive/upfall_real/Subject10Activity11Trial2Camera2.zip,a43ffc283ca4f3d18b146cc5b1b807d2ae64ab10708edeae7126981c4f170b2c,False,True,[],False
UP-Fall,upfall_s10_a11_t03_c1,upfall_subj_10,cam1,laboratory_room,17.83,59.952,1069,640,480,False,lying_down,,,,CC-BY-4.0,dev,G:/My Drive/upfall_real/Subject10Activity11Trial3Camera1.zip,5f2c299fee125e9020a4a09c3c4eec5549525497b1f060a88b5299ca6a92e6a5,False,True,[],False
UP-Fall,upfall_s10_a11_t03_c2,upfall_subj_10,cam2,laboratory_room,17.83,59.952,1069,640,480,False,lying_down,,,,CC-BY-4.0,dev,G:/My Drive/upfall_real/Subject10Activity11Trial3Camera2.zip,9fcb0a1999c8f36703a754fbfbc5885d38410ec025096bbfc0bdec6dc2f0e61c,False,True,[],False
UP-Fall,upfall_s10_a01_t01_c1,upfall_subj_10,cam1,laboratory_room,17.95,9.917,178,640,480,True,fall_forward_hands,1.006,1.973,2.029,CC-BY-4.0,dev,G:/My Drive/upfall_real/Subject10Activity1Trial1Camera1.zip,ce0d6fd54dc66a241c7d8874874d38f0ef426cc65cf52b3dd5b3f12690d63172,False,True,[],False
UP-Fall,upfall_s10_a01_t01_c2,upfall_subj_10,cam2,laboratory_room,17.95,9.917,178,640,480,True,fall_forward_hands,1.006,1.973,2.029,CC-BY-4.0,dev,G:/My Drive/upfall_real/Subject10Activity1Trial1Camera2.zip,21f2602d47eebc254263af59532d75d9fa960f26c2123fef15c8a3c64fa93d0a,False,True,[],False
UP-Fall,upfall_s10_a01_t02_c1,upfall_subj_10,cam1,laboratory_room,17.7,9.888,175,640,480,True,fall_forward_hands,0.731,1.694,1.756,CC-BY-4.0,dev,G:/My Drive/upfall_real/Subject10Activity1Trial2Camera1.zip,ccd39e66905d18c9339400156a331aa01d73d4ba311014f47629d85a7fd0b739,False,True,[],False
UP-Fall,upfall_s10_a01_t02_c2,upfall_subj_10,cam2,laboratory_room,17.7,9.888,175,640,480,True,fall_forward_hands,0.731,1.694,1.756,CC-BY-4.0,dev,G:/My Drive/upfall_real/Subject10Activity1Trial2Camera2.zip,120d5705a468f3740e72f07165cbb02daeb3b7f549794888af95b112fbf330f4,False,True,[],False
UP-Fall,upfall_s10_a01_t03_c1,upfall_subj_10,cam1,laboratory_room,17.92,9.877,177,640,480,True,fall_forward_hands,0.531,2.005,2.054,CC-BY-4.0,dev,G:/My Drive/upfall_real/Subject10Activity1Trial3Camera1.zip,1b227edaa770d0fc59d717dfaa9b54f6bb250b8ad88eddf2825718bc31b857b2,False,True,[],False
UP-Fall,upfall_s10_a01_t03_c2,upfall_subj_10,cam2,laboratory_room,17.92,9.877,177,640,480,True,fall_forward_hands,0.531,2.005,2.054,CC-BY-4.0,dev,G:/My Drive/upfall_real/Subject10Activity1Trial3Camera2.zip,f6b7527beedfb44515a76e10ce23190f56f502da842aafa9317ea959ea182ece,False,True,[],False
UP-Fall,upfall_s10_a02_t01_c1,upfall_subj_10,cam1,laboratory_room,17.32,9.933,172,640,480,True,fall_forward_knees,0.766,1.323,1.372,CC-BY-4.0,dev,G:/My Drive/upfall_real/Subject10Activity2Trial1Camera1.zip,97beb7cde93a43327750b40e18358e1fb7c4594f46565b4dfa5b4dc9f5597d6c,False,True,[],False
UP-Fall,upfall_s10_a02_t01_c2,upfall_subj_10,cam2,laboratory_room,17.32,9.933,172,640,480,True,fall_forward_knees,0.766,1.323,1.372,CC-BY-4.0,dev,G:/My Drive/upfall_real/Subject10Activity2Trial1Camera2.zip,531e0a700f2dc2dbe9d690323e134aab920b40860e7e17ff393534b930107fec,False,True,[],False
UP-Fall,upfall_s10_a02_t02_c1,upfall_subj_10,cam1,laboratory_room,18.2,9.889,180,640,480,True,fall_forward_knees,0.622,1.042,1.102,CC-BY-4.0,dev,G:/My Drive/upfall_real/Subject10Activity2Trial2Camera1.zip,f1447d9ef3073237f11f752ec580219b3ed130dd996beeb8f718cdbdcc7dda05,False,True,[],False
UP-Fall,upfall_s10_a02_t02_c2,upfall_subj_10,cam2,laboratory_room,18.2,9.889,180,640,480,True,fall_forward_knees,0.622,1.042,1.102,CC-BY-4.0,dev,G:/My Drive/upfall_real/Subject10Activity2Trial2Camera2.zip,bdeb7b82c560906a427f2830752bf9e3257b33668cacdc27401597ab436b2526,False,True,[],False
UP-Fall,upfall_s10_a02_t03_c1,upfall_subj_10,cam1,laboratory_room,17.56,9.966,175,640,480,True,fall_forward_knees,0.795,1.343,1.387,CC-BY-4.0,dev,G:/My Drive/upfall_real/Subject10Activity2Trial3Camera1.zip,089e32a0c3a5feb5584b79c737833c1824046199d0eaccf152d63a0ab1016e8e,False,True,[],False
UP-Fall,upfall_s10_a02_t03_c2,upfall_subj_10,cam2,laboratory_room,17.56,9.966,175,640,480,True,fall_forward_knees,0.795,1.343,1.387,CC-BY-4.0,dev,G:/My Drive/upfall_real/Subject10Activity2Trial3Camera2.zip,1748012a67a9b6137a7857fff2dae1c3db967e350a00397efdd2e76d94a47bef,False,True,[],False
UP-Fall,upfall_s10_a03_t01_c1,upfall_subj_10,cam1,laboratory_room,17.57,9.905,174,640,480,True,fall_backward,0.515,1.556,1.61,CC-BY-4.0,dev,G:/My Drive/upfall_real/Subject10Activity3Trial1Camera1.zip,f41c9acb6f8cb9dab90af3b06c9fcf21990d698b10a86f6f44c3148d0b5685d8,False,True,[],False
UP-Fall,upfall_s10_a03_t01_c2,upfall_subj_10,cam2,laboratory_room,17.57,9.905,174,640,480,True,fall_backward,0.515,1.556,1.61,CC-BY-4.0,dev,G:/My Drive/upfall_real/Subject10Activity3Trial1Camera2.zip,a65dd02f01438892463a7cd21013bc780ea87fea43e5d6b7dfd90fd9c7bed00c,False,True,[],False
UP-Fall,upfall_s10_a03_t02_c1,upfall_subj_10,cam1,laboratory_room,18.1,9.945,180,640,480,True,fall_backward,1.167,2.319,2.367,CC-BY-4.0,dev,G:/My Drive/upfall_real/Subject10Activity3Trial2Camera1.zip,7a3a6a34677cac353d545b582cdef569418b84b9ed9cd43cca703f01750e9f5a,False,True,[],False
UP-Fall,upfall_s10_a03_t02_c2,upfall_subj_10,cam2,laboratory_room,18.1,9.945,180,640,480,True,fall_backward,1.167,2.319,2.367,CC-BY-4.0,dev,G:/My Drive/upfall_real/Subject10Activity3Trial2Camera2.zip,d1f26ac32fe41f6d2b4c1032648aeb2c83e5901b8ac144f2b609bc276a85ff6b,False,True,[],False
UP-Fall,upfall_s10_a03_t03_c1,upfall_subj_10,cam1,laboratory_room,18.57,9.91,184,640,480,True,fall_backward,0.835,2.23,2.285,CC-BY-4.0,dev,G:/My Drive/upfall_real/Subject10Activity3Trial3Camera1.zip,0b24d0c8397a5f7f15c3ede4691d85ac6a2c07bb2eda29b89c71b509f047072d,False,True,[],False
UP-Fall,upfall_s10_a03_t03_c2,upfall_subj_10,cam2,laboratory_room,18.57,9.91,184,640,480,True,fall_backward,0.835,2.23,2.285,CC-BY-4.0,dev,G:/My Drive/upfall_real/Subject10Activity3Trial3Camera2.zip,6009e82ebfa3ef8d5e0578c50ba5b7959a4c4defc7e1fcc59a3d29ed10e9ba56,False,True,[],False
UP-Fall,upfall_s10_a04_t01_c1,upfall_subj_10,cam1,laboratory_room,18.67,9.909,185,640,480,True,fall_sideways,0.805,1.781,1.829,CC-BY-4.0,dev,G:/My Drive/upfall_real/Subject10Activity4Trial1Camera1.zip,6f95793f438db4d24066f2a42f1544ecdc746c6c4b8831100cc784c4a458c4a5,False,True,[],False
UP-Fall,upfall_s10_a04_t01_c2,upfall_subj_10,cam2,laboratory_room,18.67,9.909,185,640,480,True,fall_sideways,0.805,1.781,1.829,CC-BY-4.0,dev,G:/My Drive/upfall_real/Subject10Activity4Trial1Camera2.zip,fe9c6fb9a31394c7a0e210f74f66f1506904f2db84683018bdd6bab4096add45,False,True,[],False
UP-Fall,upfall_s10_a04_t02_c1,upfall_subj_10,cam1,laboratory_room,18.79,9.901,186,640,480,True,fall_sideways,0.869,2.145,2.194,CC-BY-4.0,dev,G:/My Drive/upfall_real/Subject10Activity4Trial2Camera1.zip,adffbd61e506fc3cf755ee5af98121947bdbb3b9481587b525eca5501204205a,False,True,[],False
UP-Fall,upfall_s10_a04_t02_c2,upfall_subj_10,cam2,laboratory_room,18.79,9.901,186,640,480,True,fall_sideways,0.869,2.145,2.194,CC-BY-4.0,dev,G:/My Drive/upfall_real/Subject10Activity4Trial2Camera2.zip,4a6aeebc20a86503fb91bc5ba0d92ac25f19a4e37d3cfca2542cf91fdb32b169,False,True,[],False
UP-Fall,upfall_s10_a04_t03_c1,upfall_subj_10,cam1,laboratory_room,18.93,9.933,188,640,480,True,fall_sideways,0.799,1.906,1.952,CC-BY-4.0,dev,G:/My Drive/upfall_real/Subject10Activity4Trial3Camera1.zip,252103635196d7f02919e687a0fba468305d285096d52841b425086ffaa757c3,False,True,[],False
UP-Fall,upfall_s10_a04_t03_c2,upfall_subj_10,cam2,laboratory_room,18.93,9.933,188,640,480,True,fall_sideways,0.799,1.906,1.952,CC-BY-4.0,dev,G:/My Drive/upfall_real/Subject10Activity4Trial3Camera2.zip,907d87d8926d10355c3e52e1113aeecd8107b8dd50b26ae9ced7985d7a99dd8e,False,True,[],False
UP-Fall,upfall_s10_a05_t01_c1,upfall_subj_10,cam1,laboratory_room,18.51,9.943,184,640,480,True,fall_from_chair,0.41,2.163,2.212,CC-BY-4.0,dev,G:/My Drive/upfall_real/Subject10Activity5Trial1Camera1.zip,2c2dc94ae40987334377da95981d2726b1f92de108f76cbb8bb602e726c64e5f,False,True,[],False
UP-Fall,upfall_s10_a05_t01_c2,upfall_subj_10,cam2,laboratory_room,18.51,9.943,184,640,480,True,fall_from_chair,0.41,2.163,2.212,CC-BY-4.0,dev,G:/My Drive/upfall_real/Subject10Activity5Trial1Camera2.zip,e52e08df9a50c2511ec96cd53acb7024347d0ca83231daa579e39bd27f1a0c81,False,True,[],False
UP-Fall,upfall_s10_a05_t02_c1,upfall_subj_10,cam1,laboratory_room,18.6,9.947,185,640,480,True,fall_from_chair,1.332,2.423,2.478,CC-BY-4.0,dev,G:/My Drive/upfall_real/Subject10Activity5Trial2Camera1.zip,e123ab3bc893898b8016fa33d8b1f9fa74401722fb1d36b30e489d28c8f38ce6,False,True,[],False
UP-Fall,upfall_s10_a05_t02_c2,upfall_subj_10,cam2,laboratory_room,18.6,9.947,185,640,480,True,fall_from_chair,1.332,2.423,2.478,CC-BY-4.0,dev,G:/My Drive/upfall_real/Subject10Activity5Trial2Camera2.zip,751f24ae1abd90711a0dce21eb9573877d2d9b3a897ee89f902e8ba31f24da18,False,True,[],False
UP-Fall,upfall_s10_a05_t03_c1,upfall_subj_10,cam1,laboratory_room,18.92,9.935,188,640,480,True,fall_from_chair,0.7,1.859,1.925,CC-BY-4.0,dev,G:/My Drive/upfall_real/Subject10Activity5Trial3Camera1.zip,571c23ac21cc3538d118de09369bc6de1d739162abbb764f40030d3280ff6dcd,False,True,[],False
UP-Fall,upfall_s10_a05_t03_c2,upfall_subj_10,cam2,laboratory_room,18.92,9.935,188,640,480,True,fall_from_chair,0.7,1.859,1.925,CC-BY-4.0,dev,G:/My Drive/upfall_real/Subject10Activity5Trial3Camera2.zip,8e83ded2ea6a60de8f5a103e64a5f896ce29fab3d9697ed94c10a1cb5928b010,False,True,[],False
UP-Fall,upfall_s10_a06_t01_c1,upfall_subj_10,cam1,laboratory_room,18.81,59.904,1127,640,480,False,walking,,,,CC-BY-4.0,dev,G:/My Drive/upfall_real/Subject10Activity6Trial1Camera1.zip,7a41495036c674ef4bbde7d3c54a50969a37d320c4b2d14cd1f5f9f6c9ea719a,False,True,[],False
UP-Fall,upfall_s10_a06_t01_c2,upfall_subj_10,cam2,laboratory_room,18.81,59.904,1127,640,480,False,walking,,,,CC-BY-4.0,dev,G:/My Drive/upfall_real/Subject10Activity6Trial1Camera2.zip,949e3d3a55ef9389f56d285c0f9e0c2486ef47fc55e7847c7e3631332c6ed688,False,True,[],False
UP-Fall,upfall_s10_a06_t02_c1,upfall_subj_10,cam1,laboratory_room,18.67,59.932,1119,640,480,False,walking,,,,CC-BY-4.0,dev,G:/My Drive/upfall_real/Subject10Activity6Trial2Camera1.zip,fb3f2ec15810ef96cd3c867ba0a8cee5586aafabbd67c6529633a05e6ec7245b,False,True,[],False
UP-Fall,upfall_s10_a06_t02_c2,upfall_subj_10,cam2,laboratory_room,18.67,59.932,1119,640,480,False,walking,,,,CC-BY-4.0,dev,G:/My Drive/upfall_real/Subject10Activity6Trial2Camera2.zip,9ed31420b74ca0392cec4ff42abdfb074fafc7081f1bc7512a47f500ee750429,False,True,[],False
UP-Fall,upfall_s10_a06_t03_c1,upfall_subj_10,cam1,laboratory_room,18.84,59.936,1129,640,480,False,walking,,,,CC-BY-4.0,dev,G:/My Drive/upfall_real/Subject10Activity6Trial3Camera1.zip,e6bb5568b85660906c758a74204d8ec38641eaaa949a84c4a18126e5f9da3a18,False,True,[],False
UP-Fall,upfall_s10_a06_t03_c2,upfall_subj_10,cam2,laboratory_room,18.84,59.936,1129,640,480,False,walking,,,,CC-BY-4.0,dev,G:/My Drive/upfall_real/Subject10Activity6Trial3Camera2.zip,95e9072f6f74952b3326f769b7294f506fbc8882afa082ce4047c126912d6227,False,True,[],False
UP-Fall,upfall_s10_a07_t01_c1,upfall_subj_10,cam1,laboratory_room,17.59,59.968,1055,640,480,False,standing,,,,CC-BY-4.0,dev,G:/My Drive/upfall_real/Subject10Activity7Trial1Camera1.zip,a7d8c95dabee04ee54f13157ba71eb06e5434a84934c972d088f447af70c99fd,False,True,[],False
UP-Fall,upfall_s10_a07_t01_c2,upfall_subj_10,cam2,laboratory_room,17.59,59.968,1055,640,480,False,standing,,,,CC-BY-4.0,dev,G:/My Drive/upfall_real/Subject10Activity7Trial1Camera2.zip,f6c05795ca9d5b9339eb05f564f39b656816adb95645aaceb365bda7e2196050,False,True,[],False
UP-Fall,upfall_s10_a07_t02_c1,upfall_subj_10,cam1,laboratory_room,17.31,59.969,1038,640,480,False,standing,,,,CC-BY-4.0,dev,G:/My Drive/upfall_real/Subject10Activity7Trial2Camera1.zip,38ba48068277efdd6edcda439751c844480d89ef3e3f470878a7c23258c3cda4,False,True,[],False
UP-Fall,upfall_s10_a07_t02_c2,upfall_subj_10,cam2,laboratory_room,17.31,59.969,1038,640,480,False,standing,,,,CC-BY-4.0,dev,G:/My Drive/upfall_real/Subject10Activity7Trial2Camera2.zip,d7b1a9ed566d9bf666b7d1ec3753725cd08b89c282e1741b3e71c102f7871f7f,False,True,[],False
UP-Fall,upfall_s10_a07_t03_c1,upfall_subj_10,cam1,laboratory_room,17.41,59.96,1044,640,480,False,standing,,,,CC-BY-4.0,dev,G:/My Drive/upfall_real/Subject10Activity7Trial3Camera1.zip,85398ec8b2f65e8ae7379c000f47bfabdcff43c0a87c0272a2fc41c63812d6d8,False,True,[],False
UP-Fall,upfall_s10_a07_t03_c2,upfall_subj_10,cam2,laboratory_room,17.41,59.96,1044,640,480,False,standing,,,,CC-BY-4.0,dev,G:/My Drive/upfall_real/Subject10Activity7Trial3Camera2.zip,8847c6ba3f624878444b01dac3b57e3baf419ed1832f3ccdcf698d58350b7ab0,False,True,[],False
UP-Fall,upfall_s10_a08_t01_c1,upfall_subj_10,cam1,laboratory_room,17.07,59.938,1023,640,480,False,sitting,,,,CC-BY-4.0,dev,G:/My Drive/upfall_real/Subject10Activity8Trial1Camera1.zip,4b163420a86b63660993fe36d97d04391d0e9e46c0dd08a8099d1c01bd7d08ac,False,True,[],False
UP-Fall,upfall_s10_a08_t01_c2,upfall_subj_10,cam2,laboratory_room,17.07,59.938,1023,640,480,False,sitting,,,,CC-BY-4.0,dev,G:/My Drive/upfall_real/Subject10Activity8Trial1Camera2.zip,83e0b45b85046506098b2085a1618434645469e473e55481604d121c683ab338,False,True,[],False
UP-Fall,upfall_s10_a08_t02_c1,upfall_subj_10,cam1,laboratory_room,17.02,59.935,1020,640,480,False,sitting,,,,CC-BY-4.0,dev,G:/My Drive/upfall_real/Subject10Activity8Trial2Camera1.zip,530f29ef7301b3448986b9a88710f7032eebcb430c99c37af77d354243b68e9e,False,True,[],False
UP-Fall,upfall_s10_a08_t02_c2,upfall_subj_10,cam2,laboratory_room,17.02,59.935,1020,640,480,False,sitting,,,,CC-BY-4.0,dev,G:/My Drive/upfall_real/Subject10Activity8Trial2Camera2.zip,2181395ffade9eddb237b90c20ede015444942e25f19de088492562b4f0089b9,False,True,[],False
UP-Fall,upfall_s10_a08_t03_c1,upfall_subj_10,cam1,laboratory_room,17.53,59.91,1050,640,480,False,sitting,,,,CC-BY-4.0,dev,G:/My Drive/upfall_real/Subject10Activity8Trial3Camera1.zip,2b6d6c200ae768393dea6372415a5e38f301b342a787b04391ef0b899b0ba92d,False,True,[],False
UP-Fall,upfall_s10_a08_t03_c2,upfall_subj_10,cam2,laboratory_room,17.53,59.91,1050,640,480,False,sitting,,,,CC-BY-4.0,dev,G:/My Drive/upfall_real/Subject10Activity8Trial3Camera2.zip,d5870e8a1ea0acfbd85069abd883ab2d93e325e38916cc5920276351fc222efa,False,True,[],False
UP-Fall,upfall_s10_a09_t01_c1,upfall_subj_10,cam1,laboratory_room,16.41,9.872,162,640,480,False,picking_up_object,,,,CC-BY-4.0,dev,G:/My Drive/upfall_real/Subject10Activity9Trial1Camera1.zip,1c3b644a7391f4d4951e3b052f71a296677b11ae397394790e024751cb199dc2,False,True,[],False
UP-Fall,upfall_s10_a09_t01_c2,upfall_subj_10,cam2,laboratory_room,16.41,9.872,162,640,480,False,picking_up_object,,,,CC-BY-4.0,dev,G:/My Drive/upfall_real/Subject10Activity9Trial1Camera2.zip,9026c84510483410a273211ecbfe980d00c21841d1f416a7fb35866177123ca1,False,True,[],False
UP-Fall,upfall_s10_a09_t02_c1,upfall_subj_10,cam1,laboratory_room,16.89,9.947,168,640,480,False,picking_up_object,,,,CC-BY-4.0,dev,G:/My Drive/upfall_real/Subject10Activity9Trial2Camera1.zip,7c54e50ef5b71c12c6397eb63fbb9152ddd1542e6e16955e9d9a686b55cb46be,False,True,[],False
UP-Fall,upfall_s10_a09_t02_c2,upfall_subj_10,cam2,laboratory_room,16.89,9.947,168,640,480,False,picking_up_object,,,,CC-BY-4.0,dev,G:/My Drive/upfall_real/Subject10Activity9Trial2Camera2.zip,5422308f7b3d873420b5c662f2cca08db23273d78afc0a015df8aac03077c992,False,True,[],False
UP-Fall,upfall_s10_a09_t03_c1,upfall_subj_10,cam1,laboratory_room,17.28,9.72,168,640,480,False,picking_up_object,,,,CC-BY-4.0,dev,G:/My Drive/upfall_real/Subject10Activity9Trial3Camera1.zip,5a6c621e3dfd823355a09784b9489d36808061d4ae3241d7758f9e3597b22c93,False,True,[],False
UP-Fall,upfall_s10_a09_t03_c2,upfall_subj_10,cam2,laboratory_room,17.28,9.72,168,640,480,False,picking_up_object,,,,CC-BY-4.0,dev,G:/My Drive/upfall_real/Subject10Activity9Trial3Camera2.zip,a7af97d697102502f50819100cad4bc1e686955d3244a2fd93a41f1383cfe845,False,True,[],False
UP-Fall,upfall_s11_a10_t01_c1,upfall_subj_11,cam1,laboratory_room,18.53,29.905,554,640,480,False,jumping,,,,CC-BY-4.0,dev,G:/My Drive/upfall_real/Subject11Activity10Trial1Camera1.zip,fef1e3de5598f0e5b4eb9d458de2ff04bb871c7b6209c68fe350b93616e2934d,False,True,[],False
UP-Fall,upfall_s11_a10_t01_c2,upfall_subj_11,cam2,laboratory_room,18.53,29.905,554,640,480,False,jumping,,,,CC-BY-4.0,dev,G:/My Drive/upfall_real/Subject11Activity10Trial1Camera2.zip,b175509cdc270fd2fe83927973340d17b76bd5843c0fde1350259918e6dc0e87,False,True,[],False
UP-Fall,upfall_s11_a10_t02_c1,upfall_subj_11,cam1,laboratory_room,18.51,29.923,554,640,480,False,jumping,,,,CC-BY-4.0,dev,G:/My Drive/upfall_real/Subject11Activity10Trial2Camera1.zip,0b8b593ceb9d194259ed1f9f22eb71d87fb7ce20040a3055a2b5314d008d5615,False,True,[],False
UP-Fall,upfall_s11_a10_t02_c2,upfall_subj_11,cam2,laboratory_room,18.51,29.923,554,640,480,False,jumping,,,,CC-BY-4.0,dev,G:/My Drive/upfall_real/Subject11Activity10Trial2Camera2.zip,0e5d6668b61fc7b828595162aac2356ee81c5c94d421c20345102a99adf98aaf,False,True,[],False
UP-Fall,upfall_s11_a10_t03_c1,upfall_subj_11,cam1,laboratory_room,18.88,29.925,565,640,480,False,jumping,,,,CC-BY-4.0,dev,G:/My Drive/upfall_real/Subject11Activity10Trial3Camera1.zip,8be47e7b170ae57e10f0c132f509b9d76a1c0560c68f773aa47ca708339b99d5,False,True,[],False
UP-Fall,upfall_s11_a10_t03_c2,upfall_subj_11,cam2,laboratory_room,18.88,29.925,565,640,480,False,jumping,,,,CC-BY-4.0,dev,G:/My Drive/upfall_real/Subject11Activity10Trial3Camera2.zip,a5e8ea7d1814844fc1419ae9b0bb9b5d7610df44b99c59f3804d2292c136d95a,False,True,[],False
UP-Fall,upfall_s11_a11_t01_c1,upfall_subj_11,cam1,laboratory_room,18.08,59.955,1084,640,480,False,lying_down,,,,CC-BY-4.0,dev,G:/My Drive/upfall_real/Subject11Activity11Trial1Camera1.zip,ff11f9c6be69f735ca5d4d701b03ba7226a52b5479e7ca47f7f8d63676a5ecca,False,True,[],False
UP-Fall,upfall_s11_a11_t01_c2,upfall_subj_11,cam2,laboratory_room,18.08,59.955,1084,640,480,False,lying_down,,,,CC-BY-4.0,dev,G:/My Drive/upfall_real/Subject11Activity11Trial1Camera2.zip,d09fa2c543271d9c94da275b4a7165ec6052415f7368ec96a344587b88c27adb,False,True,[],False
UP-Fall,upfall_s11_a11_t02_c1,upfall_subj_11,cam1,laboratory_room,18.21,59.927,1091,640,480,False,lying_down,,,,CC-BY-4.0,dev,G:/My Drive/upfall_real/Subject11Activity11Trial2Camera1.zip,8c4f62382f496634130442dff5de007cfcf772f9eb61ebc40bab01a2cbea2547,False,True,[],False
UP-Fall,upfall_s11_a11_t02_c2,upfall_subj_11,cam2,laboratory_room,18.21,59.927,1091,640,480,False,lying_down,,,,CC-BY-4.0,dev,G:/My Drive/upfall_real/Subject11Activity11Trial2Camera2.zip,b6d2ff31eb961bb6e953e651785cdad37da05863a2a78598a551037afb638a47,False,True,[],False
UP-Fall,upfall_s11_a11_t03_c1,upfall_subj_11,cam1,laboratory_room,18.1,59.938,1085,640,480,False,lying_down,,,,CC-BY-4.0,dev,G:/My Drive/upfall_real/Subject11Activity11Trial3Camera1.zip,2cb63e9f2470e74442828c3606dd92e3b79794d0006878d1689e4d99c1b924b7,False,True,[],False
UP-Fall,upfall_s11_a11_t03_c2,upfall_subj_11,cam2,laboratory_room,18.1,59.938,1085,640,480,False,lying_down,,,,CC-BY-4.0,dev,G:/My Drive/upfall_real/Subject11Activity11Trial3Camera2.zip,1f07d5ecfc94ada616f1f97e80e3261f1d05fbc58c8fd5bb63d8431ccf47d5be,False,True,[],False
UP-Fall,upfall_s11_a01_t01_c1,upfall_subj_11,cam1,laboratory_room,17.86,9.911,177,640,480,True,fall_forward_hands,0.986,1.83,1.875,CC-BY-4.0,dev,G:/My Drive/upfall_real/Subject11Activity1Trial1Camera1.zip,b1decedbfba4ee05f3d0de1e8ca36ebad5674d1ea8dce2f3a6fc63c9feecd399,False,True,[],False
UP-Fall,upfall_s11_a01_t01_c2,upfall_subj_11,cam2,laboratory_room,17.86,9.911,177,640,480,True,fall_forward_hands,0.986,1.83,1.875,CC-BY-4.0,dev,G:/My Drive/upfall_real/Subject11Activity1Trial1Camera2.zip,5fa337602dddfa82edfc1d097eac086dcebc0d3d50f3666415fd50530093fef7,False,True,[],False
UP-Fall,upfall_s11_a01_t02_c1,upfall_subj_11,cam1,laboratory_room,17.93,9.981,179,640,480,True,fall_forward_hands,1.204,2.027,2.078,CC-BY-4.0,dev,G:/My Drive/upfall_real/Subject11Activity1Trial2Camera1.zip,7a84b444dccd35629a71b9fa654eb671ea5e7ac63628b88078fd12a24511fec1,False,True,[],False
UP-Fall,upfall_s11_a01_t02_c2,upfall_subj_11,cam2,laboratory_room,17.93,9.981,179,640,480,True,fall_forward_hands,1.204,2.027,2.078,CC-BY-4.0,dev,G:/My Drive/upfall_real/Subject11Activity1Trial2Camera2.zip,b351f9cbc86c0af9e312d379dbb77b3c298872daa628aff04e7b7aee8b640344,False,True,[],False
UP-Fall,upfall_s11_a01_t03_c1,upfall_subj_11,cam1,laboratory_room,17.19,9.887,170,640,480,True,fall_forward_hands,1.302,2.501,2.548,CC-BY-4.0,dev,G:/My Drive/upfall_real/Subject11Activity1Trial3Camera1.zip,7f8a05873b4e044b41906902f5cb056cbb259bd6a260ab8432f50bcc1ffb5691,False,True,[],False
UP-Fall,upfall_s11_a01_t03_c2,upfall_subj_11,cam2,laboratory_room,17.19,9.887,170,640,480,True,fall_forward_hands,1.302,2.501,2.548,CC-BY-4.0,dev,G:/My Drive/upfall_real/Subject11Activity1Trial3Camera2.zip,939f7f0ee948cea6d94c049ad083c85d150ffef7a898d8d98bd7acd6f8db849d,False,True,[],False
UP-Fall,upfall_s11_a02_t01_c1,upfall_subj_11,cam1,laboratory_room,18.88,9.957,188,640,480,True,fall_forward_knees,1.33,2.392,2.438,CC-BY-4.0,dev,G:/My Drive/upfall_real/Subject11Activity2Trial1Camera1.zip,20f917cbd68c4868d78ec91e56fad038a26374f56b1554e035926f41a9cb64a7,False,True,[],False
UP-Fall,upfall_s11_a02_t01_c2,upfall_subj_11,cam2,laboratory_room,18.88,9.957,188,640,480,True,fall_forward_knees,1.33,2.392,2.438,CC-BY-4.0,dev,G:/My Drive/upfall_real/Subject11Activity2Trial1Camera2.zip,1499e2291ad244d2911396b96900403db7ca36bbfd9d92e2818ce3b8cb672703,False,True,[],False
UP-Fall,upfall_s11_a02_t02_c1,upfall_subj_11,cam1,laboratory_room,18.63,9.928,185,640,480,True,fall_forward_knees,1.064,2.495,2.555,CC-BY-4.0,dev,G:/My Drive/upfall_real/Subject11Activity2Trial2Camera1.zip,e79e99d9aef2f15c24c79eeb97159304531f4ae742d08eab7a9f95655d6e1d47,False,True,[],False
UP-Fall,upfall_s11_a02_t02_c2,upfall_subj_11,cam2,laboratory_room,18.63,9.928,185,640,480,True,fall_forward_knees,1.064,2.495,2.555,CC-BY-4.0,dev,G:/My Drive/upfall_real/Subject11Activity2Trial2Camera2.zip,428e2cdfa415075c04be07948bc6197365acd4f78aaeb269ce753f46c345aab0,False,True,[],False
UP-Fall,upfall_s11_a02_t03_c1,upfall_subj_11,cam1,laboratory_room,18.73,9.929,186,640,480,True,fall_forward_knees,1.332,2.566,2.629,CC-BY-4.0,dev,G:/My Drive/upfall_real/Subject11Activity2Trial3Camera1.zip,07df1821bfe936d8758f8b767ac6ec29bf43ba2eec41a563d412f75692804c38,False,True,[],False
UP-Fall,upfall_s11_a02_t03_c2,upfall_subj_11,cam2,laboratory_room,18.73,9.929,186,640,480,True,fall_forward_knees,1.332,2.566,2.629,CC-BY-4.0,dev,G:/My Drive/upfall_real/Subject11Activity2Trial3Camera2.zip,5c538232b4a96699497f21b2a620a8542a1ac8956c123bc424b53b7870b0631e,False,True,[],False
UP-Fall,upfall_s11_a03_t01_c1,upfall_subj_11,cam1,laboratory_room,19.12,9.937,190,640,480,True,fall_backward,1.548,4.04,4.1,CC-BY-4.0,dev,G:/My Drive/upfall_real/Subject11Activity3Trial1Camera1.zip,daf2d3ca7e6b5f8fb6f5a3673d119d11c5af6347f755ebd98b548ee911dc3ee4,False,True,[],False
UP-Fall,upfall_s11_a03_t01_c2,upfall_subj_11,cam2,laboratory_room,19.12,9.937,190,640,480,True,fall_backward,1.548,4.04,4.1,CC-BY-4.0,dev,G:/My Drive/upfall_real/Subject11Activity3Trial1Camera2.zip,34a39d2ae074a7bcfd87c9530447059188b09a8c3ea6742e781c4e5648f1c2b4,False,True,[],False
UP-Fall,upfall_s11_a03_t02_c1,upfall_subj_11,cam1,laboratory_room,18.79,9.954,187,640,480,True,fall_backward,1.08,3.655,3.702,CC-BY-4.0,dev,G:/My Drive/upfall_real/Subject11Activity3Trial2Camera1.zip,77cab093e7b670d2bbf41e1f105eadc60f916bb20064cc480ab0680af01bfba1,False,True,[],False
UP-Fall,upfall_s11_a03_t02_c2,upfall_subj_11,cam2,laboratory_room,18.79,9.954,187,640,480,True,fall_backward,1.08,3.655,3.702,CC-BY-4.0,dev,G:/My Drive/upfall_real/Subject11Activity3Trial2Camera2.zip,d9a1ca1f42f86e261898a9f5ae523d1fde1b002e8f00cf5af5075874c8052a9e,False,True,[],False
UP-Fall,upfall_s11_a03_t03_c1,upfall_subj_11,cam1,laboratory_room,19.06,9.915,189,640,480,True,fall_backward,1.085,3.476,3.521,CC-BY-4.0,dev,G:/My Drive/upfall_real/Subject11Activity3Trial3Camera1.zip,a9f79d792071fda572ba1e79825433b3a4d9fdb7c87012aac550857685a2f2d7,False,True,[],False
UP-Fall,upfall_s11_a03_t03_c2,upfall_subj_11,cam2,laboratory_room,19.06,9.915,189,640,480,True,fall_backward,1.085,3.476,3.521,CC-BY-4.0,dev,G:/My Drive/upfall_real/Subject11Activity3Trial3Camera2.zip,84d5cadb44ad2e36512af3dc289df4d1f15d31db68c1e8f2d1ab739bec342947,False,True,[],False
UP-Fall,upfall_s11_a04_t01_c1,upfall_subj_11,cam1,laboratory_room,18.94,9.927,188,640,480,True,fall_sideways,0.967,3.114,3.162,CC-BY-4.0,dev,G:/My Drive/upfall_real/Subject11Activity4Trial1Camera1.zip,5ab677a1385a77c64da518843c17be156ec6e0c78db15454c63e0d2e590a1e34,False,True,[],False
UP-Fall,upfall_s11_a04_t01_c2,upfall_subj_11,cam2,laboratory_room,18.94,9.927,188,640,480,True,fall_sideways,0.967,3.114,3.162,CC-BY-4.0,dev,G:/My Drive/upfall_real/Subject11Activity4Trial1Camera2.zip,f7c80b634603bc01229b6e2040c18391b76ffbd8898510d4001766e04f9552fa,False,True,[],False
UP-Fall,upfall_s11_a04_t02_c1,upfall_subj_11,cam1,laboratory_room,19.09,9.898,189,640,480,True,fall_sideways,0.905,3.253,3.297,CC-BY-4.0,dev,G:/My Drive/upfall_real/Subject11Activity4Trial2Camera1.zip,8503d025b97a922105fb4bad9fbbca7058fa1ecdffc15c8fe17459e163584491,False,True,[],False
UP-Fall,upfall_s11_a04_t02_c2,upfall_subj_11,cam2,laboratory_room,19.09,9.898,189,640,480,True,fall_sideways,0.905,3.253,3.297,CC-BY-4.0,dev,G:/My Drive/upfall_real/Subject11Activity4Trial2Camera2.zip,11c76ce169264a62a864749b8c69b4c5b771a4041b02a98315d8008c64e04183,False,True,[],False
UP-Fall,upfall_s11_a04_t03_c1,upfall_subj_11,cam1,laboratory_room,18.58,9.959,185,640,480,True,fall_sideways,0.732,2.953,2.998,CC-BY-4.0,dev,G:/My Drive/upfall_real/Subject11Activity4Trial3Camera1.zip,32dc69eca374d9328e515d35a54e5e611c93b483c4df2e39c51204715ed77ad7,False,True,[],False
UP-Fall,upfall_s11_a04_t03_c2,upfall_subj_11,cam2,laboratory_room,18.58,9.959,185,640,480,True,fall_sideways,0.732,2.953,2.998,CC-BY-4.0,dev,G:/My Drive/upfall_real/Subject11Activity4Trial3Camera2.zip,445ec3d35de654357f2d12869f0a27386d8911eb7f6e7af8dcc72c7f4d1a27f7,False,True,[],False
UP-Fall,upfall_s11_a05_t01_c1,upfall_subj_11,cam1,laboratory_room,19.08,9.906,189,640,480,True,fall_from_chair,0.938,3.373,3.435,CC-BY-4.0,dev,G:/My Drive/upfall_real/Subject11Activity5Trial1Camera1.zip,9c27e6a15c12b809d0d9963fe3402c2c59c395ba37575345f6ff93e533a98ace,False,True,[],False
UP-Fall,upfall_s11_a05_t01_c2,upfall_subj_11,cam2,laboratory_room,19.08,9.906,189,640,480,True,fall_from_chair,0.938,3.373,3.435,CC-BY-4.0,dev,G:/My Drive/upfall_real/Subject11Activity5Trial1Camera2.zip,ba0d2d3b61be02f46114722240dea689703953744d4f9d7c0591dbcae8d3249a,False,True,[],False
UP-Fall,upfall_s11_a05_t02_c1,upfall_subj_11,cam1,laboratory_room,18.68,9.96,186,640,480,True,fall_from_chair,0.863,3.218,3.316,CC-BY-4.0,dev,G:/My Drive/upfall_real/Subject11Activity5Trial2Camera1.zip,ddf092a7cc0a0c695e4e98fd322d467a66b788f937e4940baa68be0705a82cc7,False,True,[],False
UP-Fall,upfall_s11_a05_t02_c2,upfall_subj_11,cam2,laboratory_room,18.68,9.96,186,640,480,True,fall_from_chair,0.863,3.218,3.316,CC-BY-4.0,dev,G:/My Drive/upfall_real/Subject11Activity5Trial2Camera2.zip,6b8b75f409a4055314834bab0dd0c189809342b8d87801f5c96975257c1bc1ed,False,True,[],False
UP-Fall,upfall_s11_a05_t03_c1,upfall_subj_11,cam1,laboratory_room,18.91,9.889,187,640,480,True,fall_from_chair,1.047,2.592,2.647,CC-BY-4.0,dev,G:/My Drive/upfall_real/Subject11Activity5Trial3Camera1.zip,59bbf94a85f4f55fb148b01f275fd8d716dc24141bce90e0d2d3d86991c0321a,False,True,[],False
UP-Fall,upfall_s11_a05_t03_c2,upfall_subj_11,cam2,laboratory_room,18.91,9.889,187,640,480,True,fall_from_chair,1.047,2.592,2.647,CC-BY-4.0,dev,G:/My Drive/upfall_real/Subject11Activity5Trial3Camera2.zip,27b73c4c3592d9f90afcda6502c589a53ad0a0b9abe0ff009948c4d931cfe5b4,False,True,[],False
UP-Fall,upfall_s11_a06_t01_c1,upfall_subj_11,cam1,laboratory_room,18.98,59.942,1138,640,480,False,walking,,,,CC-BY-4.0,dev,G:/My Drive/upfall_real/Subject11Activity6Trial1Camera1.zip,8ee25bb7c473c96dc3394261ae21feb7f4e9e4d2dc8398c4a89802a950473be2,False,True,[],False
UP-Fall,upfall_s11_a06_t01_c2,upfall_subj_11,cam2,laboratory_room,18.98,59.942,1138,640,480,False,walking,,,,CC-BY-4.0,dev,G:/My Drive/upfall_real/Subject11Activity6Trial1Camera2.zip,2154fdeefb0f5b04f96da062127f3007041ef2238b20e86e280bafc4ffe2dc74,False,True,[],False
UP-Fall,upfall_s11_a06_t02_c1,upfall_subj_11,cam1,laboratory_room,19.03,59.969,1141,640,480,False,walking,,,,CC-BY-4.0,dev,G:/My Drive/upfall_real/Subject11Activity6Trial2Camera1.zip,ce906e4f235c35fbf99662dc27f6139ec30ec0d2107b48383e4625b4243e6ef6,False,True,[],False
UP-Fall,upfall_s11_a06_t02_c2,upfall_subj_11,cam2,laboratory_room,19.03,59.969,1141,640,480,False,walking,,,,CC-BY-4.0,dev,G:/My Drive/upfall_real/Subject11Activity6Trial2Camera2.zip,de03b8e3f20160501785efa26b8a998c1e2057b91fb61f5f42c54d32cf5318c4,False,True,[],False
UP-Fall,upfall_s11_a06_t03_c1,upfall_subj_11,cam1,laboratory_room,19.08,59.968,1144,640,480,False,walking,,,,CC-BY-4.0,dev,G:/My Drive/upfall_real/Subject11Activity6Trial3Camera1.zip,36cb361ce078ed0df2d0eecad2b7af69e960ca25601179b3b8010372718e60e0,False,True,[],False
UP-Fall,upfall_s11_a06_t03_c2,upfall_subj_11,cam2,laboratory_room,19.08,59.968,1144,640,480,False,walking,,,,CC-BY-4.0,dev,G:/My Drive/upfall_real/Subject11Activity6Trial3Camera2.zip,063b1ad9c12d73de9286ae370859378e3ab55a2bb3d5221b14c2195b480c2063,False,True,[],False
UP-Fall,upfall_s11_a07_t01_c1,upfall_subj_11,cam1,laboratory_room,18.52,59.922,1110,640,480,False,standing,,,,CC-BY-4.0,dev,G:/My Drive/upfall_real/Subject11Activity7Trial1Camera1.zip,0104fb27af91dafcc70e9127c9239648a4f83f3ac826ef14e38faddde23333d9,False,True,[],False
UP-Fall,upfall_s11_a07_t01_c2,upfall_subj_11,cam2,laboratory_room,18.52,59.922,1110,640,480,False,standing,,,,CC-BY-4.0,dev,G:/My Drive/upfall_real/Subject11Activity7Trial1Camera2.zip,da2bdfc8209a8601175d70440e46c962a89a07348cce7a23b68f5cab66ec28c2,False,True,[],False
UP-Fall,upfall_s11_a07_t02_c1,upfall_subj_11,cam1,laboratory_room,17.86,59.971,1071,640,480,False,standing,,,,CC-BY-4.0,dev,G:/My Drive/upfall_real/Subject11Activity7Trial2Camera1.zip,5db95ac5aadd20df0ce22199d80aca9f7da26dc99dea5f4bacb8654542fc0812,False,True,[],False
UP-Fall,upfall_s11_a07_t02_c2,upfall_subj_11,cam2,laboratory_room,17.86,59.971,1071,640,480,False,standing,,,,CC-BY-4.0,dev,G:/My Drive/upfall_real/Subject11Activity7Trial2Camera2.zip,5b3ce19b5b7ae0a0559bf505facdb8790e894ad020906952f221970a927ef75e,False,True,[],False
UP-Fall,upfall_s11_a07_t03_c1,upfall_subj_11,cam1,laboratory_room,17.67,59.937,1059,640,480,False,standing,,,,CC-BY-4.0,dev,G:/My Drive/upfall_real/Subject11Activity7Trial3Camera1.zip,2f5d33cf2ccfede874b545a5feae552a5914dfddb27d3d72e497f3aeee23d755,False,True,[],False
UP-Fall,upfall_s11_a07_t03_c2,upfall_subj_11,cam2,laboratory_room,17.67,59.937,1059,640,480,False,standing,,,,CC-BY-4.0,dev,G:/My Drive/upfall_real/Subject11Activity7Trial3Camera2.zip,3bb43a8f1fe3bef1a44e40ae1b66e806c63bace04fa5ce5d744f447f4db7e508,False,True,[],False
UP-Fall,upfall_s11_a08_t01_c1,upfall_subj_11,cam1,laboratory_room,17.37,59.8,1039,640,480,False,sitting,,,,CC-BY-4.0,dev,G:/My Drive/upfall_real/Subject11Activity8Trial1Camera1.zip,dbb082c47973abc8dcaca9112c5fdab353403df76c91b3cf371b0fb3f977887a,False,True,[],False
UP-Fall,upfall_s11_a08_t01_c2,upfall_subj_11,cam2,laboratory_room,17.37,59.8,1039,640,480,False,sitting,,,,CC-BY-4.0,dev,G:/My Drive/upfall_real/Subject11Activity8Trial1Camera2.zip,8b089f2009c3fbb236dac049bf7710fe508b658c90275e205b0aee2b1ba448cf,False,True,[],False
UP-Fall,upfall_s11_a08_t02_c1,upfall_subj_11,cam1,laboratory_room,18.31,59.914,1097,640,480,False,sitting,,,,CC-BY-4.0,dev,G:/My Drive/upfall_real/Subject11Activity8Trial2Camera1.zip,8723452547a35bf281fff973c79b9510a07fb84743cd5666144d5afc574f36b1,False,True,[],False
UP-Fall,upfall_s11_a08_t02_c2,upfall_subj_11,cam2,laboratory_room,18.31,59.914,1097,640,480,False,sitting,,,,CC-BY-4.0,dev,G:/My Drive/upfall_real/Subject11Activity8Trial2Camera2.zip,d4a05822be0613d05efaf1134a97180d3ad337c5f91555fc1f21197ae5780aa9,False,True,[],False
UP-Fall,upfall_s11_a08_t03_c1,upfall_subj_11,cam1,laboratory_room,17.87,59.921,1071,640,480,False,sitting,,,,CC-BY-4.0,dev,G:/My Drive/upfall_real/Subject11Activity8Trial3Camera1.zip,6ab31cdde2b2479fdf3900bb0e8a30bc5d3b82ed479abaf3e1df0ad0c99091cf,False,True,[],False
UP-Fall,upfall_s11_a08_t03_c2,upfall_subj_11,cam2,laboratory_room,17.87,59.921,1071,640,480,False,sitting,,,,CC-BY-4.0,dev,G:/My Drive/upfall_real/Subject11Activity8Trial3Camera2.zip,45b988f15187c8f1939ac72854a227d5ed666ca8df43c4f0b9760f19029bff70,False,True,[],False
UP-Fall,upfall_s11_a09_t01_c1,upfall_subj_11,cam1,laboratory_room,18.2,9.89,180,640,480,False,picking_up_object,,,,CC-BY-4.0,dev,G:/My Drive/upfall_real/Subject11Activity9Trial1Camera1.zip,d471d3f7f8af6145fa7ca0fe5cfcfc1ea120ad6728b29c2a64d255f079dfcdb8,False,True,[],False
UP-Fall,upfall_s11_a09_t01_c2,upfall_subj_11,cam2,laboratory_room,18.2,9.89,180,640,480,False,picking_up_object,,,,CC-BY-4.0,dev,G:/My Drive/upfall_real/Subject11Activity9Trial1Camera2.zip,363a1055f54c3ee794eb91659924dd0153777ac9a787e8f77b07367ed40790f4,False,True,[],False
UP-Fall,upfall_s11_a09_t02_c1,upfall_subj_11,cam1,laboratory_room,18.66,9.968,186,640,480,False,picking_up_object,,,,CC-BY-4.0,dev,G:/My Drive/upfall_real/Subject11Activity9Trial2Camera1.zip,903ec6403b772252fca4683fdf176969fb49c65a6cb805cae0fc5960f2bac0ba,False,True,[],False
UP-Fall,upfall_s11_a09_t02_c2,upfall_subj_11,cam2,laboratory_room,18.66,9.968,186,640,480,False,picking_up_object,,,,CC-BY-4.0,dev,G:/My Drive/upfall_real/Subject11Activity9Trial2Camera2.zip,92a2e5c9fd05077f502bd11a606a705d99b7f5082794486050d4635c5d0e3aa4,False,True,[],False
UP-Fall,upfall_s11_a09_t03_c1,upfall_subj_11,cam1,laboratory_room,18.32,9.937,182,640,480,False,picking_up_object,,,,CC-BY-4.0,dev,G:/My Drive/upfall_real/Subject11Activity9Trial3Camera1.zip,b2c4a1a0de2140b1f342f83b46127cfb795b63748b4257125a69d2faacfdbe1e,False,True,[],False
UP-Fall,upfall_s11_a09_t03_c2,upfall_subj_11,cam2,laboratory_room,18.32,9.937,182,640,480,False,picking_up_object,,,,CC-BY-4.0,dev,G:/My Drive/upfall_real/Subject11Activity9Trial3Camera2.zip,3dace579ab95954e55c2719713ad4cba1887067607fc54988d1612b4d43935a1,False,True,[],False
UP-Fall,upfall_s12_a10_t01_c1,upfall_subj_12,cam1,laboratory_room,18.81,29.932,563,640,480,False,jumping,,,,CC-BY-4.0,test_a,G:/My Drive/upfall_real/Subject12Activity10Trial1Camera1.zip,12a6f49bc5cb6607151f10c78860387e655457542c85e07a321eed2cd15954c8,False,True,[],False
UP-Fall,upfall_s12_a10_t01_c2,upfall_subj_12,cam2,laboratory_room,18.81,29.932,563,640,480,False,jumping,,,,CC-BY-4.0,test_x,G:/My Drive/upfall_real/Subject12Activity10Trial1Camera2.zip,356cdf1afa98adb0c9694e57374752868964f06ebf731c502ac6c57933c3e017,False,True,[],False
UP-Fall,upfall_s12_a10_t02_c1,upfall_subj_12,cam1,laboratory_room,19.01,29.935,569,640,480,False,jumping,,,,CC-BY-4.0,test_a,G:/My Drive/upfall_real/Subject12Activity10Trial2Camera1.zip,f82e7e6c718ecb4700f0df06da43ffc2a2e88211b2584b8ebed5c8ea3c937da1,False,True,[],False
UP-Fall,upfall_s12_a10_t02_c2,upfall_subj_12,cam2,laboratory_room,19.01,29.935,569,640,480,False,jumping,,,,CC-BY-4.0,test_x,G:/My Drive/upfall_real/Subject12Activity10Trial2Camera2.zip,076bfc6a43d668913dd2817238ed1ef4d6cc793d76015841e8977132f73a152c,False,True,[],False
UP-Fall,upfall_s12_a10_t03_c1,upfall_subj_12,cam1,laboratory_room,18.53,29.952,555,640,480,False,jumping,,,,CC-BY-4.0,test_b,G:/My Drive/upfall_real/Subject12Activity10Trial3Camera1.zip,6e53705df2bee7def81461fac83d34b0380b91681299a3c2a2c77ece8cb89116,False,True,[],False
UP-Fall,upfall_s12_a10_t03_c2,upfall_subj_12,cam2,laboratory_room,18.53,29.952,555,640,480,False,jumping,,,,CC-BY-4.0,test_b,G:/My Drive/upfall_real/Subject12Activity10Trial3Camera2.zip,f96d5f18816406a98e6091af63147f4e8fb7fc7de69527312854cdb894c4a107,False,True,[],False
UP-Fall,upfall_s12_a11_t01_c1,upfall_subj_12,cam1,laboratory_room,18.85,59.947,1130,640,480,False,lying_down,,,,CC-BY-4.0,test_a,G:/My Drive/upfall_real/Subject12Activity11Trial1Camera1.zip,efdc7a7ffac1615f4ba3cc346fe5cadc6c7a3c72964d89aa425156ee1f62458f,False,True,[],False
UP-Fall,upfall_s12_a11_t01_c2,upfall_subj_12,cam2,laboratory_room,18.85,59.947,1130,640,480,False,lying_down,,,,CC-BY-4.0,test_x,G:/My Drive/upfall_real/Subject12Activity11Trial1Camera2.zip,a2b5d4493de56d6a69c9330177e7c44b00731f1828c4c68e4de475be8386a584,False,True,[],False
UP-Fall,upfall_s12_a11_t02_c1,upfall_subj_12,cam1,laboratory_room,18.61,59.923,1115,640,480,False,lying_down,,,,CC-BY-4.0,test_a,G:/My Drive/upfall_real/Subject12Activity11Trial2Camera1.zip,033eb5c0fb96427f77d9a59660a7a5b9eb27a118f473c0afadcdc1c73fc43cb1,False,True,[],False
UP-Fall,upfall_s12_a11_t02_c2,upfall_subj_12,cam2,laboratory_room,18.61,59.923,1115,640,480,False,lying_down,,,,CC-BY-4.0,test_x,G:/My Drive/upfall_real/Subject12Activity11Trial2Camera2.zip,009ffd3e6f54bd16343b2eadd3afea57fee26f3424bff293316028793c630a66,False,True,[],False
UP-Fall,upfall_s12_a11_t03_c1,upfall_subj_12,cam1,laboratory_room,18.98,59.913,1137,640,480,False,lying_down,,,,CC-BY-4.0,test_b,G:/My Drive/upfall_real/Subject12Activity11Trial3Camera1.zip,6023cbfd8ec79542f304c4cf635469cdc5873a5c44e90552d48bccf5f1777ed8,False,True,[],False
UP-Fall,upfall_s12_a11_t03_c2,upfall_subj_12,cam2,laboratory_room,18.98,59.913,1137,640,480,False,lying_down,,,,CC-BY-4.0,test_b,G:/My Drive/upfall_real/Subject12Activity11Trial3Camera2.zip,fa7c95ab66fbde698b9097c32fc494ad06cbedde210e74a46efa0f44cc11d000,False,True,[],False
UP-Fall,upfall_s12_a01_t01_c1,upfall_subj_12,cam1,laboratory_room,19.51,9.892,193,640,480,True,fall_forward_hands,0.611,1.924,1.969,CC-BY-4.0,test_a,G:/My Drive/upfall_real/Subject12Activity1Trial1Camera1.zip,5ce7fb052a44bda4d38a0253eca03996bb39a95ce026be993bddefd962071866,False,True,[],False
UP-Fall,upfall_s12_a01_t01_c2,upfall_subj_12,cam2,laboratory_room,19.51,9.892,193,640,480,True,fall_forward_hands,0.611,1.924,1.969,CC-BY-4.0,test_x,G:/My Drive/upfall_real/Subject12Activity1Trial1Camera2.zip,ad1969c97dfa78f7e1204a2f086fe9974c5c0853262571e93e3d7d42107f483e,False,True,[],False
UP-Fall,upfall_s12_a01_t02_c1,upfall_subj_12,cam1,laboratory_room,19.42,9.937,193,640,480,True,fall_forward_hands,0.671,1.735,1.779,CC-BY-4.0,test_a,G:/My Drive/upfall_real/Subject12Activity1Trial2Camera1.zip,63453f972345eb53555a5b2ef3a636c91806d6955931bf2906107c9d4323c22f,False,True,[],False
UP-Fall,upfall_s12_a01_t02_c2,upfall_subj_12,cam2,laboratory_room,19.42,9.937,193,640,480,True,fall_forward_hands,0.671,1.735,1.779,CC-BY-4.0,test_x,G:/My Drive/upfall_real/Subject12Activity1Trial2Camera2.zip,a69904c3797869eb0e5377e090ced4c0990c4b2ba3097094f666dafd46790f02,False,True,[],False
UP-Fall,upfall_s12_a01_t03_c1,upfall_subj_12,cam1,laboratory_room,19.25,9.921,191,640,480,True,fall_forward_hands,0.674,1.624,1.671,CC-BY-4.0,test_b,G:/My Drive/upfall_real/Subject12Activity1Trial3Camera1.zip,b80a2d594383121786159548cb4905a7d00843d820952a07a206b0a8a3f8dec2,False,True,[],False
UP-Fall,upfall_s12_a01_t03_c2,upfall_subj_12,cam2,laboratory_room,19.25,9.921,191,640,480,True,fall_forward_hands,0.674,1.624,1.671,CC-BY-4.0,test_b,G:/My Drive/upfall_real/Subject12Activity1Trial3Camera2.zip,15ee1eddfaa891805d6b3569ea81ae9048e6fec1825190d1f37f94ae00ca095f,False,True,[],False
UP-Fall,upfall_s12_a02_t01_c1,upfall_subj_12,cam1,laboratory_room,19.61,9.944,195,640,480,True,fall_forward_knees,0.674,1.22,1.267,CC-BY-4.0,test_a,G:/My Drive/upfall_real/Subject12Activity2Trial1Camera1.zip,812fe032030e0d2a6963eee2e6c26c75ea0ea3d80f20a96808eb263c3d24f8a2,False,True,[],False
UP-Fall,upfall_s12_a02_t01_c2,upfall_subj_12,cam2,laboratory_room,19.61,9.944,195,640,480,True,fall_forward_knees,0.674,1.22,1.267,CC-BY-4.0,test_x,G:/My Drive/upfall_real/Subject12Activity2Trial1Camera2.zip,8bfae61a7b7c7733b804835c36c5039389c37497f6c65a0797a6ad0b58c721ae,False,True,[],False
UP-Fall,upfall_s12_a02_t02_c1,upfall_subj_12,cam1,laboratory_room,19.72,9.941,196,640,480,True,fall_forward_knees,0.595,1.117,1.157,CC-BY-4.0,test_a,G:/My Drive/upfall_real/Subject12Activity2Trial2Camera1.zip,6793ac7aa02f10c63eb1d1380831fde29258b0b49e0bfb52d4323565d7bb11c8,False,True,[],False
UP-Fall,upfall_s12_a02_t02_c2,upfall_subj_12,cam2,laboratory_room,19.72,9.941,196,640,480,True,fall_forward_knees,0.595,1.117,1.157,CC-BY-4.0,test_x,G:/My Drive/upfall_real/Subject12Activity2Trial2Camera2.zip,c7c5d3b2f19246d5cc352d9a4aa1bf7d79358dfe91554971fd6e1b08428ca33e,False,True,[],False
UP-Fall,upfall_s12_a02_t03_c1,upfall_subj_12,cam1,laboratory_room,20.09,9.956,200,640,480,True,fall_forward_knees,0.696,1.66,1.706,CC-BY-4.0,test_b,G:/My Drive/upfall_real/Subject12Activity2Trial3Camera1.zip,7c3ddf7b7b8ef21e4f658b181ca46e690ed2fbac19d3c081c75910d24402ecd8,False,True,[],False
UP-Fall,upfall_s12_a02_t03_c2,upfall_subj_12,cam2,laboratory_room,20.09,9.956,200,640,480,True,fall_forward_knees,0.696,1.66,1.706,CC-BY-4.0,test_b,G:/My Drive/upfall_real/Subject12Activity2Trial3Camera2.zip,7cb455d7071188b8231a846d1d945ab0868ca6124d0024b7e08309da01a83c23,False,True,[],False
UP-Fall,upfall_s12_a03_t01_c1,upfall_subj_12,cam1,laboratory_room,19.49,9.902,193,640,480,True,fall_backward,0.585,2.375,2.43,CC-BY-4.0,test_a,G:/My Drive/upfall_real/Subject12Activity3Trial1Camera1.zip,d5ab4a22ebd50a642bef05dabac8194596f498100806ced465449c22d875b93e,False,True,[],False
UP-Fall,upfall_s12_a03_t01_c2,upfall_subj_12,cam2,laboratory_room,19.49,9.902,193,640,480,True,fall_backward,0.585,2.375,2.43,CC-BY-4.0,test_x,G:/My Drive/upfall_real/Subject12Activity3Trial1Camera2.zip,ed4f5fc74ce60c9d23affcd0e802d5f402ed9c76b8879fcca0bdb650bd1d7d69,False,True,[],False
UP-Fall,upfall_s12_a03_t02_c1,upfall_subj_12,cam1,laboratory_room,19.3,9.947,192,640,480,True,fall_backward,0.917,2.416,2.463,CC-BY-4.0,test_a,G:/My Drive/upfall_real/Subject12Activity3Trial2Camera1.zip,3c4eea815f133ed42cc8d5c5760bc3cab860bac37db05635280adc9835693bd3,False,True,[],False
UP-Fall,upfall_s12_a03_t02_c2,upfall_subj_12,cam2,laboratory_room,19.3,9.947,192,640,480,True,fall_backward,0.917,2.416,2.463,CC-BY-4.0,test_x,G:/My Drive/upfall_real/Subject12Activity3Trial2Camera2.zip,e2a46c5c0a6135f5157bfffab6c8eabbc52b543efc28fae39f37841e3436e71c,False,True,[],False
UP-Fall,upfall_s12_a03_t03_c1,upfall_subj_12,cam1,laboratory_room,19.33,9.933,192,640,480,True,fall_backward,1.027,2.342,2.386,CC-BY-4.0,test_b,G:/My Drive/upfall_real/Subject12Activity3Trial3Camera1.zip,707eeb4f69de1968f661722fe3f378a9d87c70bed59e772cdce20732ecffbfc6,False,True,[],False
UP-Fall,upfall_s12_a03_t03_c2,upfall_subj_12,cam2,laboratory_room,19.33,9.933,192,640,480,True,fall_backward,1.027,2.342,2.386,CC-BY-4.0,test_b,G:/My Drive/upfall_real/Subject12Activity3Trial3Camera2.zip,acc59b816bdf28db62c399d53172777e00651482a1ec3a8021b5c1411a16aad8,False,True,[],False
UP-Fall,upfall_s12_a04_t01_c1,upfall_subj_12,cam1,laboratory_room,19.35,9.921,192,640,480,True,fall_sideways,0.41,2.582,2.621,CC-BY-4.0,test_a,G:/My Drive/upfall_real/Subject12Activity4Trial1Camera1.zip,48414304e0618c790323881b33253d6a9f2986efc76fdadab3d8b5b718773ef7,False,True,[],False
UP-Fall,upfall_s12_a04_t01_c2,upfall_subj_12,cam2,laboratory_room,19.35,9.921,192,640,480,True,fall_sideways,0.41,2.582,2.621,CC-BY-4.0,test_x,G:/My Drive/upfall_real/Subject12Activity4Trial1Camera2.zip,0388e653f4f9b2e60af60d4475a32ee12f598b59dc5408064710a11cae94d457,False,True,[],False
UP-Fall,upfall_s12_a04_t02_c1,upfall_subj_12,cam1,laboratory_room,18.98,9.906,188,640,480,True,fall_sideways,0.813,2.098,2.145,CC-BY-4.0,test_a,G:/My Drive/upfall_real/Subject12Activity4Trial2Camera1.zip,56fe7cb9937fb9062d94524789069d945bdebe278e288ed23f8c3a1719cb8245,False,True,[],False
UP-Fall,upfall_s12_a04_t02_c2,upfall_subj_12,cam2,laboratory_room,18.98,9.906,188,640,480,True,fall_sideways,0.813,2.098,2.145,CC-BY-4.0,test_x,G:/My Drive/upfall_real/Subject12Activity4Trial2Camera2.zip,37c5906c87ab6edbcf015c7efa1c91410f9d2dba3a106db13e8d2edfcea8e3b6,False,True,[],False
UP-Fall,upfall_s12_a04_t03_c1,upfall_subj_12,cam1,laboratory_room,18.97,9.964,189,640,480,True,fall_sideways,0.935,2.201,2.257,CC-BY-4.0,test_b,G:/My Drive/upfall_real/Subject12Activity4Trial3Camera1.zip,4d2aab1638390d2be1997ac6f90e7aaeb2ba86c15bbdfa16326b794aad22233a,False,True,[],False
UP-Fall,upfall_s12_a04_t03_c2,upfall_subj_12,cam2,laboratory_room,18.97,9.964,189,640,480,True,fall_sideways,0.935,2.201,2.257,CC-BY-4.0,test_b,G:/My Drive/upfall_real/Subject12Activity4Trial3Camera2.zip,882bea4ca483f279b34b4564a1391adad6d7034b8c662bd6062d3ad3eb1900bb,False,True,[],False
UP-Fall,upfall_s12_a05_t01_c1,upfall_subj_12,cam1,laboratory_room,19.18,9.958,191,640,480,True,fall_from_chair,0.827,2.703,2.749,CC-BY-4.0,test_a,G:/My Drive/upfall_real/Subject12Activity5Trial1Camera1.zip,fbfae2e5dc44b4a90a18f2367463f03dc4b089608a2384476089f665a5284982,False,True,[],False
UP-Fall,upfall_s12_a05_t01_c2,upfall_subj_12,cam2,laboratory_room,19.18,9.958,191,640,480,True,fall_from_chair,0.827,2.703,2.749,CC-BY-4.0,test_x,G:/My Drive/upfall_real/Subject12Activity5Trial1Camera2.zip,2886e2ec81ae647790e07e9deeb3c6b950415841669522f37115557647ef532d,False,True,[],False
UP-Fall,upfall_s12_a05_t02_c1,upfall_subj_12,cam1,laboratory_room,19.12,9.936,190,640,480,True,fall_from_chair,0.59,2.389,2.438,CC-BY-4.0,test_a,G:/My Drive/upfall_real/Subject12Activity5Trial2Camera1.zip,307ab4df4eed51c4fc812b85c20dfb011fc0cfbcd60a715b0501e0f10f1e67e5,False,True,[],False
UP-Fall,upfall_s12_a05_t02_c2,upfall_subj_12,cam2,laboratory_room,19.12,9.936,190,640,480,True,fall_from_chair,0.59,2.389,2.438,CC-BY-4.0,test_x,G:/My Drive/upfall_real/Subject12Activity5Trial2Camera2.zip,6c7d945a403a5fc7b361041851bc89334f322e81b4331f7f5241483f3ed18e9b,False,True,[],False
UP-Fall,upfall_s12_a05_t03_c1,upfall_subj_12,cam1,laboratory_room,19.32,9.938,192,640,480,True,fall_from_chair,0.693,2.492,2.547,CC-BY-4.0,test_b,G:/My Drive/upfall_real/Subject12Activity5Trial3Camera1.zip,a8571db7294c06164664d49f565445061ba1a057173c6121b652f2eb255f5042,False,True,[],False
UP-Fall,upfall_s12_a05_t03_c2,upfall_subj_12,cam2,laboratory_room,19.32,9.938,192,640,480,True,fall_from_chair,0.693,2.492,2.547,CC-BY-4.0,test_b,G:/My Drive/upfall_real/Subject12Activity5Trial3Camera2.zip,294fbe039926bfc0efd4a41ea63d25b0ed6a44ce90d815fdb5b4699fc31594f6,False,True,[],False
UP-Fall,upfall_s12_a06_t01_c1,upfall_subj_12,cam1,laboratory_room,19.12,59.89,1145,640,480,False,walking,,,,CC-BY-4.0,test_a,G:/My Drive/upfall_real/Subject12Activity6Trial1Camera1.zip,eb34d0ea8edcaabcf6083e708e9026dcdf2f21b914439ffc25dd47051366c482,False,True,[],False
UP-Fall,upfall_s12_a06_t01_c2,upfall_subj_12,cam2,laboratory_room,19.12,59.89,1145,640,480,False,walking,,,,CC-BY-4.0,test_x,G:/My Drive/upfall_real/Subject12Activity6Trial1Camera2.zip,3e1a730746aa704569015e3a64713360c5326801b3eb2e1c6357334990053253,False,True,[],False
UP-Fall,upfall_s12_a06_t02_c1,upfall_subj_12,cam1,laboratory_room,18.92,59.943,1134,640,480,False,walking,,,,CC-BY-4.0,test_a,G:/My Drive/upfall_real/Subject12Activity6Trial2Camera1.zip,28fa24ac7200a33e1285156073d9eeabf958cb757c9dd7b3e4040ebb0436ebf7,False,True,[],False
UP-Fall,upfall_s12_a06_t02_c2,upfall_subj_12,cam2,laboratory_room,18.92,59.943,1134,640,480,False,walking,,,,CC-BY-4.0,test_x,G:/My Drive/upfall_real/Subject12Activity6Trial2Camera2.zip,7bd21fc3d4ead14d5749d42b268c7c4de6328dd99343e748f69274fbe5c46904,False,True,[],False
UP-Fall,upfall_s12_a06_t03_c1,upfall_subj_12,cam1,laboratory_room,18.92,59.737,1130,640,480,False,walking,,,,CC-BY-4.0,test_b,G:/My Drive/upfall_real/Subject12Activity6Trial3Camera1.zip,f29bad824eb8cdcfae5ad997a2a8fe01647873dd8b7c7d2af56452039ef49075,False,True,[],False
UP-Fall,upfall_s12_a06_t03_c2,upfall_subj_12,cam2,laboratory_room,18.92,59.737,1130,640,480,False,walking,,,,CC-BY-4.0,test_b,G:/My Drive/upfall_real/Subject12Activity6Trial3Camera2.zip,515a7ab506e6d47ecdeab305e84c382cfee801e697f21badebd8a7677cf0b20f,False,True,[],False
UP-Fall,upfall_s12_a07_t01_c1,upfall_subj_12,cam1,laboratory_room,18.55,59.881,1111,640,480,False,standing,,,,CC-BY-4.0,test_a,G:/My Drive/upfall_real/Subject12Activity7Trial1Camera1.zip,aa246128f6e2e5bc6226d7c16d8e6f515385e74877e199df5dea099ef909ff26,False,True,[],False
UP-Fall,upfall_s12_a07_t01_c2,upfall_subj_12,cam2,laboratory_room,18.55,59.881,1111,640,480,False,standing,,,,CC-BY-4.0,test_x,G:/My Drive/upfall_real/Subject12Activity7Trial1Camera2.zip,c5ea000a0c914869b3b71d8f40fd208c2aed93a07a858eca9327f332e71a250c,False,True,[],False
UP-Fall,upfall_s12_a07_t02_c1,upfall_subj_12,cam1,laboratory_room,18.74,59.922,1123,640,480,False,standing,,,,CC-BY-4.0,test_a,G:/My Drive/upfall_real/Subject12Activity7Trial2Camera1.zip,1a77cb48ffd3a5021b1dfebb3b873014f3b3b6dfe583f37739f58b7f2e64328e,False,True,[],False
UP-Fall,upfall_s12_a07_t02_c2,upfall_subj_12,cam2,laboratory_room,18.74,59.922,1123,640,480,False,standing,,,,CC-BY-4.0,test_x,G:/My Drive/upfall_real/Subject12Activity7Trial2Camera2.zip,0c4b23120ec3af261cbdcb74919bd79226e45b20f2a03b76c7eb4ab2e9f63f96,False,True,[],False
UP-Fall,upfall_s12_a07_t03_c1,upfall_subj_12,cam1,laboratory_room,18.68,59.896,1119,640,480,False,standing,,,,CC-BY-4.0,test_b,G:/My Drive/upfall_real/Subject12Activity7Trial3Camera1.zip,a05a1c319e66a1f2006dd556f0f847e6ed6f007a1c1324010a992c0bf07a90d2,False,True,[],False
UP-Fall,upfall_s12_a07_t03_c2,upfall_subj_12,cam2,laboratory_room,18.68,59.896,1119,640,480,False,standing,,,,CC-BY-4.0,test_b,G:/My Drive/upfall_real/Subject12Activity7Trial3Camera2.zip,a44f4d4c875f165eb508cd2609d211bc52b5cbc91ee2093405cc587ef1555b47,False,True,[],False
UP-Fall,upfall_s12_a08_t01_c1,upfall_subj_12,cam1,laboratory_room,17.82,59.979,1069,640,480,False,sitting,,,,CC-BY-4.0,test_a,G:/My Drive/upfall_real/Subject12Activity8Trial1Camera1.zip,ac8c9d387914f96d498529136d3861834dceb84462350b904036fc8b9ebd3005,False,True,[],False
UP-Fall,upfall_s12_a08_t01_c2,upfall_subj_12,cam2,laboratory_room,17.82,59.979,1069,640,480,False,sitting,,,,CC-BY-4.0,test_x,G:/My Drive/upfall_real/Subject12Activity8Trial1Camera2.zip,07477556e49734a8b94e58c808307074904937b5c77932b6dcab8586c404f16d,False,True,[],False
UP-Fall,upfall_s12_a08_t02_c1,upfall_subj_12,cam1,laboratory_room,18.47,59.892,1106,640,480,False,sitting,,,,CC-BY-4.0,test_a,G:/My Drive/upfall_real/Subject12Activity8Trial2Camera1.zip,c87edce52a02390cc8ac194774ee87eac893d0f67dd7040c5f279b5c4a1e1e3a,False,True,[],False
UP-Fall,upfall_s12_a08_t02_c2,upfall_subj_12,cam2,laboratory_room,18.47,59.892,1106,640,480,False,sitting,,,,CC-BY-4.0,test_x,G:/My Drive/upfall_real/Subject12Activity8Trial2Camera2.zip,3ad04d43ca10eaaef94a8eee2e237a621f0dbd6822586a5a0fa970f3c78d68ab,False,True,[],False
UP-Fall,upfall_s12_a08_t03_c1,upfall_subj_12,cam1,laboratory_room,18.9,59.903,1132,640,480,False,sitting,,,,CC-BY-4.0,test_b,G:/My Drive/upfall_real/Subject12Activity8Trial3Camera1.zip,191968e31aa15a668ac5310004cf738e8142c86014f119155c35deca262520cd,False,True,[],False
UP-Fall,upfall_s12_a08_t03_c2,upfall_subj_12,cam2,laboratory_room,18.9,59.903,1132,640,480,False,sitting,,,,CC-BY-4.0,test_b,G:/My Drive/upfall_real/Subject12Activity8Trial3Camera2.zip,d5736c6a28cd06add2afbba12daaf858e42caf3e7168265a3641e5e618026343,False,True,[],False
UP-Fall,upfall_s12_a09_t01_c1,upfall_subj_12,cam1,laboratory_room,18.89,9.9,187,640,480,False,picking_up_object,,,,CC-BY-4.0,test_a,G:/My Drive/upfall_real/Subject12Activity9Trial1Camera1.zip,3f5c617ba4d478419be447f13cd1796561e05aba7bf4a630b7f372d76998cd5e,False,True,[],False
UP-Fall,upfall_s12_a09_t01_c2,upfall_subj_12,cam2,laboratory_room,18.89,9.9,187,640,480,False,picking_up_object,,,,CC-BY-4.0,test_x,G:/My Drive/upfall_real/Subject12Activity9Trial1Camera2.zip,0594f13dc1b7261aba5be9e494e62ec3590d2b906318b2ffa9714e1bd718fad3,False,True,[],False
UP-Fall,upfall_s12_a09_t02_c1,upfall_subj_12,cam1,laboratory_room,18.67,9.962,186,640,480,False,picking_up_object,,,,CC-BY-4.0,test_a,G:/My Drive/upfall_real/Subject12Activity9Trial2Camera1.zip,d5e14d68c21dae792652a512b78e19f2c6939531b079005fea0a04867da289ea,False,True,[],False
UP-Fall,upfall_s12_a09_t02_c2,upfall_subj_12,cam2,laboratory_room,18.67,9.962,186,640,480,False,picking_up_object,,,,CC-BY-4.0,test_x,G:/My Drive/upfall_real/Subject12Activity9Trial2Camera2.zip,8890f32888775f38d20a848ab815bb1dbccbce4fa09a2f93996f9b2de7315699,False,True,[],False
UP-Fall,upfall_s12_a09_t03_c1,upfall_subj_12,cam1,laboratory_room,18.42,9.934,183,640,480,False,picking_up_object,,,,CC-BY-4.0,test_b,G:/My Drive/upfall_real/Subject12Activity9Trial3Camera1.zip,71a7e43250c8d74300818e5a6cc4928ac522d859466ebd20e9a496206554befb,False,True,[],False
UP-Fall,upfall_s12_a09_t03_c2,upfall_subj_12,cam2,laboratory_room,18.42,9.934,183,640,480,False,picking_up_object,,,,CC-BY-4.0,test_b,G:/My Drive/upfall_real/Subject12Activity9Trial3Camera2.zip,c8629c1be4bc88279534051b1b504fbe3157f7659332595f9044d6c0e419c5b8,False,True,[],False
UP-Fall,upfall_s13_a10_t01_c1,upfall_subj_13,cam1,laboratory_room,16.9,29.937,506,640,480,False,jumping,,,,CC-BY-4.0,test_a,G:/My Drive/upfall_real/Subject13Activity10Trial1Camera1.zip,376624ebec24cf1e4ae14a9fdd7dad2f0cf83df06ec032a76ddaaa4148eec6c1,False,True,[],False
UP-Fall,upfall_s13_a10_t01_c2,upfall_subj_13,cam2,laboratory_room,16.9,29.937,506,640,480,False,jumping,,,,CC-BY-4.0,test_x,G:/My Drive/upfall_real/Subject13Activity10Trial1Camera2.zip,2f0e24498640b0e4f8a263dc4a689fddaf3685d85e93f07662501860f7806b7b,False,True,[],False
UP-Fall,upfall_s13_a10_t02_c1,upfall_subj_13,cam1,laboratory_room,16.84,29.92,504,640,480,False,jumping,,,,CC-BY-4.0,test_a,G:/My Drive/upfall_real/Subject13Activity10Trial2Camera1.zip,fe030c165491d3d400e47bb9d503a81f1b827397e4fb379c83340b20946ac8f4,False,True,[],False
UP-Fall,upfall_s13_a10_t02_c2,upfall_subj_13,cam2,laboratory_room,16.84,29.92,504,640,480,False,jumping,,,,CC-BY-4.0,test_x,G:/My Drive/upfall_real/Subject13Activity10Trial2Camera2.zip,3c88331534a0e4f84c396f09b65b05233f68cdec118189dd5ef5912504978f58,False,True,[],False
UP-Fall,upfall_s13_a10_t03_c1,upfall_subj_13,cam1,laboratory_room,17.58,29.865,525,640,480,False,jumping,,,,CC-BY-4.0,test_b,G:/My Drive/upfall_real/Subject13Activity10Trial3Camera1.zip,d67a2e7676530c81f2e03c0ffadbf4a2265e341809c1fc221b2468ae264c2667,False,True,[],False
UP-Fall,upfall_s13_a10_t03_c2,upfall_subj_13,cam2,laboratory_room,17.58,29.865,525,640,480,False,jumping,,,,CC-BY-4.0,test_b,G:/My Drive/upfall_real/Subject13Activity10Trial3Camera2.zip,a894adea60e2ba0d3d2f55cff4e30e63e1f2080cea81eb5b4879f3206bbb0a48,False,True,[],False
UP-Fall,upfall_s13_a11_t01_c1,upfall_subj_13,cam1,laboratory_room,17.36,59.916,1040,640,480,False,lying_down,,,,CC-BY-4.0,test_a,G:/My Drive/upfall_real/Subject13Activity11Trial1Camera1.zip,60d7f29f7310c17910ad3acc9e469c8a1a754bee638ba128c107a5caeab349df,False,True,[],False
UP-Fall,upfall_s13_a11_t01_c2,upfall_subj_13,cam2,laboratory_room,17.36,59.916,1040,640,480,False,lying_down,,,,CC-BY-4.0,test_x,G:/My Drive/upfall_real/Subject13Activity11Trial1Camera2.zip,616f46c1cec9ad4eb33a9b48e9d907abc2c47b3010c6c5898e606a28e0a9597f,False,True,[],False
UP-Fall,upfall_s13_a11_t02_c1,upfall_subj_13,cam1,laboratory_room,17.31,59.957,1038,640,480,False,lying_down,,,,CC-BY-4.0,test_a,G:/My Drive/upfall_real/Subject13Activity11Trial2Camera1.zip,901a51019a59982e69fe9219545113c8452a16153e990773f8dde568f9513d5d,False,True,[],False
UP-Fall,upfall_s13_a11_t02_c2,upfall_subj_13,cam2,laboratory_room,17.31,59.957,1038,640,480,False,lying_down,,,,CC-BY-4.0,test_x,G:/My Drive/upfall_real/Subject13Activity11Trial2Camera2.zip,45fbf2b207286fd0a033fe7ae8be15cfa7d6515e16889b81b7e76d0ae967e0b1,False,True,[],False
UP-Fall,upfall_s13_a11_t03_c1,upfall_subj_13,cam1,laboratory_room,17.09,59.961,1025,640,480,False,lying_down,,,,CC-BY-4.0,test_b,G:/My Drive/upfall_real/Subject13Activity11Trial3Camera1.zip,237e63fe0bf565f8ef5e9b2f1609ab5ae544f329c8ab9ab5e39c96c2e9e61c8d,False,True,[],False
UP-Fall,upfall_s13_a11_t03_c2,upfall_subj_13,cam2,laboratory_room,17.09,59.961,1025,640,480,False,lying_down,,,,CC-BY-4.0,test_b,G:/My Drive/upfall_real/Subject13Activity11Trial3Camera2.zip,c379edc96748ed20e2fe1551ac45f8cd1e60c358540b08e8f67852ff163f2729,False,True,[],False
UP-Fall,upfall_s13_a01_t01_c1,upfall_subj_13,cam1,laboratory_room,17.78,9.899,176,640,480,True,fall_forward_hands,6.761,8.614,8.66,CC-BY-4.0,test_a,G:/My Drive/upfall_real/Subject13Activity1Trial1Camera1.zip,25c2bcd20bfd3debb812e0bd16e35929a6c1e4127e1b2ebbbf49d7c0c97ee9aa,False,True,[],False
UP-Fall,upfall_s13_a01_t01_c2,upfall_subj_13,cam2,laboratory_room,17.78,9.899,176,640,480,True,fall_forward_hands,6.761,8.614,8.66,CC-BY-4.0,test_x,G:/My Drive/upfall_real/Subject13Activity1Trial1Camera2.zip,d5c19ae8c6aa27303e43103aefc5c536c3708b6585f143e1e1fe0e18dab90ce1,False,True,[],False
UP-Fall,upfall_s13_a01_t02_c1,upfall_subj_13,cam1,laboratory_room,18.7,9.945,186,640,480,True,fall_forward_hands,4.39,5.764,5.811,CC-BY-4.0,test_a,G:/My Drive/upfall_real/Subject13Activity1Trial2Camera1.zip,a1f4bb6515d54bb05229a31b3ab3e75a41c6c5c094c7629669ae86d4b4f58658,False,True,[],False
UP-Fall,upfall_s13_a01_t02_c2,upfall_subj_13,cam2,laboratory_room,18.7,9.945,186,640,480,True,fall_forward_hands,4.39,5.764,5.811,CC-BY-4.0,test_x,G:/My Drive/upfall_real/Subject13Activity1Trial2Camera2.zip,1fd6d57686c25ad5f8cf952d8becd26625577f6d45a185e34c6455e263296ee7,False,True,[],False
UP-Fall,upfall_s13_a01_t03_c1,upfall_subj_13,cam1,laboratory_room,18.49,9.951,184,640,480,True,fall_forward_hands,1.059,2.139,2.184,CC-BY-4.0,test_b,G:/My Drive/upfall_real/Subject13Activity1Trial3Camera1.zip,20b3a33733b1869a608f39cda9af52ff4def82d17b85356e2414a2a7c089e593,False,True,[],False
UP-Fall,upfall_s13_a01_t03_c2,upfall_subj_13,cam2,laboratory_room,18.49,9.951,184,640,480,True,fall_forward_hands,1.059,2.139,2.184,CC-BY-4.0,test_b,G:/My Drive/upfall_real/Subject13Activity1Trial3Camera2.zip,a419c9b04efe93da3c7e806b3b44b8f5b26b5fcde25074a645fe25af974047e1,False,True,[],False
UP-Fall,upfall_s13_a02_t01_c1,upfall_subj_13,cam1,laboratory_room,18.24,9.921,181,640,480,True,fall_forward_knees,1.64,3.065,3.129,CC-BY-4.0,test_a,G:/My Drive/upfall_real/Subject13Activity2Trial1Camera1.zip,49340a7a383e0792ac327ab8b43c2fd6d9a99d05a185b27c51aa26caa58b233f,False,True,[],False
UP-Fall,upfall_s13_a02_t01_c2,upfall_subj_13,cam2,laboratory_room,18.24,9.921,181,640,480,True,fall_forward_knees,1.64,3.065,3.129,CC-BY-4.0,test_x,G:/My Drive/upfall_real/Subject13Activity2Trial1Camera2.zip,8fb2b178fe3a89db2bdd051cbbefb2159afa687dbc3f2dfb4a139a6bb14d3b23,False,True,[],False
UP-Fall,upfall_s13_a02_t02_c1,upfall_subj_13,cam1,laboratory_room,18.06,9.854,178,640,480,True,fall_forward_knees,1.77,3.402,3.448,CC-BY-4.0,test_a,G:/My Drive/upfall_real/Subject13Activity2Trial2Camera1.zip,79ecc444723a58e370d11b7e3d204ce32c4ef7840887e48e4d8a5e99926a9bbb,False,True,[],False
UP-Fall,upfall_s13_a02_t02_c2,upfall_subj_13,cam2,laboratory_room,18.06,9.854,178,640,480,True,fall_forward_knees,1.77,3.402,3.448,CC-BY-4.0,test_x,G:/My Drive/upfall_real/Subject13Activity2Trial2Camera2.zip,1ab7ff9d8a2b08ff5b18d2886bb0d2a24586e5ab511d7990fb7d6368d08573bc,False,True,[],False
UP-Fall,upfall_s13_a02_t03_c1,upfall_subj_13,cam1,laboratory_room,18.7,9.894,185,640,480,True,fall_forward_knees,1.128,2.581,2.627,CC-BY-4.0,test_b,G:/My Drive/upfall_real/Subject13Activity2Trial3Camera1.zip,5daba021c3d0e91ec418bd2c7dd963071dd05f69597306d46d7d8b619ba952d6,False,True,[],False
UP-Fall,upfall_s13_a02_t03_c2,upfall_subj_13,cam2,laboratory_room,18.7,9.894,185,640,480,True,fall_forward_knees,1.128,2.581,2.627,CC-BY-4.0,test_b,G:/My Drive/upfall_real/Subject13Activity2Trial3Camera2.zip,0aa2afdb7785d8083d572e66190d307fcecb30b5bed5f3ee72317c28e62d000c,False,True,[],False
UP-Fall,upfall_s13_a03_t01_c1,upfall_subj_13,cam1,laboratory_room,18.51,9.943,184,640,480,True,fall_backward,1.619,3.0,3.053,CC-BY-4.0,test_a,G:/My Drive/upfall_real/Subject13Activity3Trial1Camera1.zip,b96351e00cb20f2e4989884c5215f77686a9ab0133a335cfc062932be21614c5,False,True,[],False
UP-Fall,upfall_s13_a03_t01_c2,upfall_subj_13,cam2,laboratory_room,18.51,9.943,184,640,480,True,fall_backward,1.619,3.0,3.053,CC-BY-4.0,test_x,G:/My Drive/upfall_real/Subject13Activity3Trial1Camera2.zip,c3287788858e824902828102634d2e2be6d3c61cce0986bdd98f20eda9eb42f8,False,True,[],False
UP-Fall,upfall_s13_a03_t02_c1,upfall_subj_13,cam1,laboratory_room,17.66,9.911,175,640,480,True,fall_backward,1.764,3.357,3.408,CC-BY-4.0,test_a,G:/My Drive/upfall_real/Subject13Activity3Trial2Camera1.zip,daef83a16226d84a0a9affa6bf542a2ffd76d831f161b404bb274badfd245f6e,False,True,[],False
UP-Fall,upfall_s13_a03_t02_c2,upfall_subj_13,cam2,laboratory_room,17.66,9.911,175,640,480,True,fall_backward,1.764,3.357,3.408,CC-BY-4.0,test_x,G:/My Drive/upfall_real/Subject13Activity3Trial2Camera2.zip,e584cfb2f4e7746427c90019253f7f20166c03cf41aa7ed6d1c5ef9a0bff0c4e,False,True,[],False
UP-Fall,upfall_s13_a03_t03_c1,upfall_subj_13,cam1,laboratory_room,18.46,9.966,184,640,480,True,fall_backward,1.651,2.776,2.837,CC-BY-4.0,test_b,G:/My Drive/upfall_real/Subject13Activity3Trial3Camera1.zip,c9b5d237da90b297c72b7f6395c7da57bcf1198671e09f7c371f6a9b07922227,False,True,[],False
UP-Fall,upfall_s13_a03_t03_c2,upfall_subj_13,cam2,laboratory_room,18.46,9.966,184,640,480,True,fall_backward,1.651,2.776,2.837,CC-BY-4.0,test_b,G:/My Drive/upfall_real/Subject13Activity3Trial3Camera2.zip,9545b57688197c2487e52f5d14f749ef235cdf10f74cc46940ec9f948092a677,False,True,[],False
UP-Fall,upfall_s13_a04_t01_c1,upfall_subj_13,cam1,laboratory_room,18.45,9.921,183,640,480,True,fall_sideways,0.938,2.718,2.795,CC-BY-4.0,test_a,G:/My Drive/upfall_real/Subject13Activity4Trial1Camera1.zip,180965a93d1777d7ed53570d4c5e3752c0c1b00069aa3b70dc2c3a003c6bbabd,False,True,[],False
UP-Fall,upfall_s13_a04_t01_c2,upfall_subj_13,cam2,laboratory_room,18.45,9.921,183,640,480,True,fall_sideways,0.938,2.718,2.795,CC-BY-4.0,test_x,G:/My Drive/upfall_real/Subject13Activity4Trial1Camera2.zip,3cc544b71337fa9475707de0e01d554f425b24876d91a34d824e24cfe96ca2ab,False,True,[],False
UP-Fall,upfall_s13_a04_t02_c1,upfall_subj_13,cam1,laboratory_room,16.98,9.892,168,640,480,True,fall_sideways,1.128,2.407,2.466,CC-BY-4.0,test_a,G:/My Drive/upfall_real/Subject13Activity4Trial2Camera1.zip,aed5bf34bffcab9b9d7b4bf1c956ec97cbea6320314728c8c1a66041863ee47b,False,True,[],False
UP-Fall,upfall_s13_a04_t02_c2,upfall_subj_13,cam2,laboratory_room,16.98,9.892,168,640,480,True,fall_sideways,1.128,2.407,2.466,CC-BY-4.0,test_x,G:/My Drive/upfall_real/Subject13Activity4Trial2Camera2.zip,0615efe6c79f9ab10233120621abc32f5c098c76a8edb117ce789dee0f904008,False,True,[],False
UP-Fall,upfall_s13_a04_t03_c1,upfall_subj_13,cam1,laboratory_room,18.6,9.944,185,640,480,True,fall_sideways,1.189,3.098,3.148,CC-BY-4.0,test_b,G:/My Drive/upfall_real/Subject13Activity4Trial3Camera1.zip,cef3eb869d990d2852a7582617591e052cf877b45234c5e76e16c459c3e98cb4,False,True,[],False
UP-Fall,upfall_s13_a04_t03_c2,upfall_subj_13,cam2,laboratory_room,18.6,9.944,185,640,480,True,fall_sideways,1.189,3.098,3.148,CC-BY-4.0,test_b,G:/My Drive/upfall_real/Subject13Activity4Trial3Camera2.zip,f94f3d8aa9f877da955fa65a0ad068a135e6568aec4cf61cba5bc72e19f905f4,False,True,[],False
UP-Fall,upfall_s13_a05_t01_c1,upfall_subj_13,cam1,laboratory_room,17.67,9.906,175,640,480,True,fall_from_chair,1.092,2.893,2.954,CC-BY-4.0,test_a,G:/My Drive/upfall_real/Subject13Activity5Trial1Camera1.zip,69804569770ee9b90d7d43e822bb2a046197a42234d2f8e652a6706d78b73cb2,False,True,[],False
UP-Fall,upfall_s13_a05_t01_c2,upfall_subj_13,cam2,laboratory_room,17.67,9.906,175,640,480,True,fall_from_chair,1.092,2.893,2.954,CC-BY-4.0,test_x,G:/My Drive/upfall_real/Subject13Activity5Trial1Camera2.zip,a347ec28b06bf54f330e1aa831a0d8d4b74f78bcf85e6ecd565f1e71a0b3d447,False,True,[],False
UP-Fall,upfall_s13_a05_t02_c1,upfall_subj_13,cam1,laboratory_room,17.13,9.923,170,640,480,True,fall_from_chair,1.114,2.277,2.329,CC-BY-4.0,test_a,G:/My Drive/upfall_real/Subject13Activity5Trial2Camera1.zip,a17c6443a568111599cdba0be7741ffe660a75c8d51ca7513cc5052c778a5fda,False,True,[],False
UP-Fall,upfall_s13_a05_t02_c2,upfall_subj_13,cam2,laboratory_room,17.13,9.923,170,640,480,True,fall_from_chair,1.114,2.277,2.329,CC-BY-4.0,test_x,G:/My Drive/upfall_real/Subject13Activity5Trial2Camera2.zip,0de8f6a6a2b429c454416efcf1ba89c762b975558530e01789a43b550a784cfd,False,True,[],False
UP-Fall,upfall_s13_a05_t03_c1,upfall_subj_13,cam1,laboratory_room,17.89,9.948,178,640,480,True,fall_from_chair,0.863,2.598,2.645,CC-BY-4.0,test_b,G:/My Drive/upfall_real/Subject13Activity5Trial3Camera1.zip,f47f428516ef0625381fe14f6bcc506eade4042a5b04f49ce444f4615cc5e4ba,False,True,[],False
UP-Fall,upfall_s13_a05_t03_c2,upfall_subj_13,cam2,laboratory_room,17.89,9.948,178,640,480,True,fall_from_chair,0.863,2.598,2.645,CC-BY-4.0,test_b,G:/My Drive/upfall_real/Subject13Activity5Trial3Camera2.zip,55e6169d6d8a36794a410254dd57344980543727752705a9f8d6dc599c9ea474,False,True,[],False
UP-Fall,upfall_s13_a06_t01_c1,upfall_subj_13,cam1,laboratory_room,17.43,59.85,1043,640,480,False,walking,,,,CC-BY-4.0,test_a,G:/My Drive/upfall_real/Subject13Activity6Trial1Camera1.zip,45485306490860db8299ee7da1b34e6c6e52ea1b9484f9680f2214f0c415c5e1,False,True,[],False
UP-Fall,upfall_s13_a06_t01_c2,upfall_subj_13,cam2,laboratory_room,17.43,59.85,1043,640,480,False,walking,,,,CC-BY-4.0,test_x,G:/My Drive/upfall_real/Subject13Activity6Trial1Camera2.zip,6d4b8475893ae2a6b928f16f744870f518c23dc6f55717d7968ad908ac7765e0,False,True,[],False
UP-Fall,upfall_s13_a06_t02_c1,upfall_subj_13,cam1,laboratory_room,17.01,59.959,1020,640,480,False,walking,,,,CC-BY-4.0,test_a,G:/My Drive/upfall_real/Subject13Activity6Trial2Camera1.zip,52a4a7b83f1eece7e81723b4c8f6b49ab404614d7dfeddd3c07afa273a6b1ba0,False,True,[],False
UP-Fall,upfall_s13_a06_t02_c2,upfall_subj_13,cam2,laboratory_room,17.01,59.959,1020,640,480,False,walking,,,,CC-BY-4.0,test_x,G:/My Drive/upfall_real/Subject13Activity6Trial2Camera2.zip,8b63050c69051a084397de45ef5c72c3eb7a19e7f766124a44b77efd124ec4a9,False,True,[],False
UP-Fall,upfall_s13_a06_t03_c1,upfall_subj_13,cam1,laboratory_room,16.09,59.973,965,640,480,False,walking,,,,CC-BY-4.0,test_b,G:/My Drive/upfall_real/Subject13Activity6Trial3Camera1.zip,3043d0005cb564a94a6d0f533901f043ed4212278df7da3c28e4d2da57a53435,False,True,[],False
UP-Fall,upfall_s13_a06_t03_c2,upfall_subj_13,cam2,laboratory_room,16.09,59.973,965,640,480,False,walking,,,,CC-BY-4.0,test_b,G:/My Drive/upfall_real/Subject13Activity6Trial3Camera2.zip,8e426ddd79766297910506906f470c60731c7a8276e655cd1f82beb4a9361179,False,True,[],False
UP-Fall,upfall_s13_a07_t01_c1,upfall_subj_13,cam1,laboratory_room,18.9,59.96,1133,640,480,False,standing,,,,CC-BY-4.0,test_a,G:/My Drive/upfall_real/Subject13Activity7Trial1Camera1.zip,0ce034b26a59e842169650304b3b7affe0dc0bc488c44236a880e11854ff486e,False,True,[],False
UP-Fall,upfall_s13_a07_t01_c2,upfall_subj_13,cam2,laboratory_room,18.9,59.96,1133,640,480,False,standing,,,,CC-BY-4.0,test_x,G:/My Drive/upfall_real/Subject13Activity7Trial1Camera2.zip,c67e83c4741af700b768f116ea93b42f96a4476c0a7499a490ef603b3161db75,False,True,[],False
UP-Fall,upfall_s13_a07_t02_c1,upfall_subj_13,cam1,laboratory_room,18.81,59.919,1127,640,480,False,standing,,,,CC-BY-4.0,test_a,G:/My Drive/upfall_real/Subject13Activity7Trial2Camera1.zip,e1dc3f139374f54cbbd20992962f0df8678759cdbf3a69af6e2d26d458f24a46,False,True,[],False
UP-Fall,upfall_s13_a07_t02_c2,upfall_subj_13,cam2,laboratory_room,18.81,59.919,1127,640,480,False,standing,,,,CC-BY-4.0,test_x,G:/My Drive/upfall_real/Subject13Activity7Trial2Camera2.zip,1f21fd552c4bc370695432a6921d9cb104fc60c064986f289eedfc8c9cf23b57,False,True,[],False
UP-Fall,upfall_s13_a07_t03_c1,upfall_subj_13,cam1,laboratory_room,18.37,59.87,1100,640,480,False,standing,,,,CC-BY-4.0,test_b,G:/My Drive/upfall_real/Subject13Activity7Trial3Camera1.zip,94e5f7299c1171bb018e2ae34737592fd710e7a4f0dcf5aabad6e1c5a478ce1d,False,True,[],False
UP-Fall,upfall_s13_a07_t03_c2,upfall_subj_13,cam2,laboratory_room,18.37,59.87,1100,640,480,False,standing,,,,CC-BY-4.0,test_b,G:/My Drive/upfall_real/Subject13Activity7Trial3Camera2.zip,b166e43b36e71c065222df972f59ce8345eec5f276bb12152813eab07b23a22e,False,True,[],False
UP-Fall,upfall_s13_a08_t01_c1,upfall_subj_13,cam1,laboratory_room,18.19,59.921,1090,640,480,False,sitting,,,,CC-BY-4.0,test_a,G:/My Drive/upfall_real/Subject13Activity8Trial1Camera1.zip,57701798ca163cb2949fb3db3fba92317674046489befea28d52bc53b51e6b5b,False,True,[],False
UP-Fall,upfall_s13_a08_t01_c2,upfall_subj_13,cam2,laboratory_room,18.19,59.921,1090,640,480,False,sitting,,,,CC-BY-4.0,test_x,G:/My Drive/upfall_real/Subject13Activity8Trial1Camera2.zip,1bfb19da03a8963be3652277b90be940b2080f89d80ce6c5caa450f66427bc1c,False,True,[],False
UP-Fall,upfall_s13_a08_t02_c1,upfall_subj_13,cam1,laboratory_room,18.14,59.865,1086,640,480,False,sitting,,,,CC-BY-4.0,test_a,G:/My Drive/upfall_real/Subject13Activity8Trial2Camera1.zip,4cc5053fe87a2a57d360ed22b14b039412c3bfd0967cc66497202f092537c471,False,True,[],False
UP-Fall,upfall_s13_a08_t02_c2,upfall_subj_13,cam2,laboratory_room,18.14,59.865,1086,640,480,False,sitting,,,,CC-BY-4.0,test_x,G:/My Drive/upfall_real/Subject13Activity8Trial2Camera2.zip,2fd9d2e052e5287699570c493a3d09b3eaaea5d4f7e70ca6b97ed7b950ccc2ca,False,True,[],False
UP-Fall,upfall_s13_a08_t03_c1,upfall_subj_13,cam1,laboratory_room,17.9,59.951,1073,640,480,False,sitting,,,,CC-BY-4.0,test_b,G:/My Drive/upfall_real/Subject13Activity8Trial3Camera1.zip,8f35c027b69f37c700d3441d103eb505797c305ca1d5d176f8efe62024ced392,False,True,[],False
UP-Fall,upfall_s13_a08_t03_c2,upfall_subj_13,cam2,laboratory_room,17.9,59.951,1073,640,480,False,sitting,,,,CC-BY-4.0,test_b,G:/My Drive/upfall_real/Subject13Activity8Trial3Camera2.zip,a22634312685bf09a0900788b29f3ce00acd65ba399e6bc0759fe770d8dbea85,False,True,[],False
UP-Fall,upfall_s13_a09_t01_c1,upfall_subj_13,cam1,laboratory_room,17.73,9.982,177,640,480,False,picking_up_object,,,,CC-BY-4.0,test_a,G:/My Drive/upfall_real/Subject13Activity9Trial1Camera1.zip,413dbc431ec346a68970bd582183b99c46079918ad3518175cb9e628afe01dfd,False,True,[],False
UP-Fall,upfall_s13_a09_t01_c2,upfall_subj_13,cam2,laboratory_room,17.73,9.982,177,640,480,False,picking_up_object,,,,CC-BY-4.0,test_x,G:/My Drive/upfall_real/Subject13Activity9Trial1Camera2.zip,c8166b06c6e2222a189e603cd3b2b31ee47803062264a061b39a65c224a73a11,False,True,[],False
UP-Fall,upfall_s13_a09_t02_c1,upfall_subj_13,cam1,laboratory_room,17.96,9.912,178,640,480,False,picking_up_object,,,,CC-BY-4.0,test_a,G:/My Drive/upfall_real/Subject13Activity9Trial2Camera1.zip,d045e47c502a9eed18a2a209e3c0f69f2959c4911251f377a4fcd916eb05a34a,False,True,[],False
UP-Fall,upfall_s13_a09_t02_c2,upfall_subj_13,cam2,laboratory_room,17.96,9.912,178,640,480,False,picking_up_object,,,,CC-BY-4.0,test_x,G:/My Drive/upfall_real/Subject13Activity9Trial2Camera2.zip,256cac345259e92158e33db7db80259220bdc91ecd417b682f73f22168589ff9,False,True,[],False
UP-Fall,upfall_s13_a09_t03_c1,upfall_subj_13,cam1,laboratory_room,18.15,9.915,180,640,480,False,picking_up_object,,,,CC-BY-4.0,test_b,G:/My Drive/upfall_real/Subject13Activity9Trial3Camera1.zip,3b3cb9bbb3e8c656556a36ee2083567e763eddc2da5d893fdab493429cb21af0,False,True,[],False
UP-Fall,upfall_s13_a09_t03_c2,upfall_subj_13,cam2,laboratory_room,18.15,9.915,180,640,480,False,picking_up_object,,,,CC-BY-4.0,test_b,G:/My Drive/upfall_real/Subject13Activity9Trial3Camera2.zip,f3cb05c8f2f767e827567fc4d915c6f751d1f7791b323c88257032f6d5e6b0b7,False,True,[],False
UP-Fall,upfall_s14_a10_t01_c1,upfall_subj_14,cam1,laboratory_room,16.95,29.916,507,640,480,False,jumping,,,,CC-BY-4.0,test_a,G:/My Drive/upfall_real/Subject14Activity10Trial1Camera1.zip,cb2ff23539aac7662ee08fbfb52bf64377c7b284718e3584a813189934d54d55,False,True,[],False
UP-Fall,upfall_s14_a10_t01_c2,upfall_subj_14,cam2,laboratory_room,16.95,29.916,507,640,480,False,jumping,,,,CC-BY-4.0,test_x,G:/My Drive/upfall_real/Subject14Activity10Trial1Camera2.zip,4f4dd431db5e409738b661d88a6e70657d955b19144a0fa7860193659a89e853,False,True,[],False
UP-Fall,upfall_s14_a10_t02_c1,upfall_subj_14,cam1,laboratory_room,16.85,29.91,504,640,480,False,jumping,,,,CC-BY-4.0,test_a,G:/My Drive/upfall_real/Subject14Activity10Trial2Camera1.zip,6c1baf048e5feeaa2f1cbb5d69694a466b1a80fa57a50c0eab0589a09f370731,False,True,[],False
UP-Fall,upfall_s14_a10_t02_c2,upfall_subj_14,cam2,laboratory_room,16.85,29.91,504,640,480,False,jumping,,,,CC-BY-4.0,test_x,G:/My Drive/upfall_real/Subject14Activity10Trial2Camera2.zip,32f80609b3f589b3a4f8bd121fb8eb5042c41fb47051a08c68a7e35b4d02cecd,False,True,[],False
UP-Fall,upfall_s14_a10_t03_c1,upfall_subj_14,cam1,laboratory_room,17.31,29.932,518,640,480,False,jumping,,,,CC-BY-4.0,test_b,G:/My Drive/upfall_real/Subject14Activity10Trial3Camera1.zip,8262c94af355649718b4f26ea2888d023e47886cb2463ef60764ced2cf5e4d71,False,True,[],False
UP-Fall,upfall_s14_a10_t03_c2,upfall_subj_14,cam2,laboratory_room,17.31,29.932,518,640,480,False,jumping,,,,CC-BY-4.0,test_b,G:/My Drive/upfall_real/Subject14Activity10Trial3Camera2.zip,b924ede12edc3d7f7a0ee2c0977fd21eaadbc056e38413884ae2785203b3d4f3,False,True,[],False
UP-Fall,upfall_s14_a11_t01_c1,upfall_subj_14,cam1,laboratory_room,17.05,59.891,1021,640,480,False,lying_down,,,,CC-BY-4.0,test_a,G:/My Drive/upfall_real/Subject14Activity11Trial1Camera1.zip,a8878a8f71275511adeee03f2099d10466202c4064be89201324813d7ba1c2d2,False,True,[],False
UP-Fall,upfall_s14_a11_t01_c2,upfall_subj_14,cam2,laboratory_room,17.05,59.891,1021,640,480,False,lying_down,,,,CC-BY-4.0,test_x,G:/My Drive/upfall_real/Subject14Activity11Trial1Camera2.zip,ee75a28517e4ec28a9257f7f690c23a441f675da560339228be4fee923dee9d2,False,True,[],False
UP-Fall,upfall_s14_a11_t02_c1,upfall_subj_14,cam1,laboratory_room,15.62,59.859,935,640,480,False,lying_down,,,,CC-BY-4.0,test_a,G:/My Drive/upfall_real/Subject14Activity11Trial2Camera1.zip,73c3338c3a48fc513ed451e872f98289bfa23df653d3b0ac53592eb759a6d94e,False,True,[],False
UP-Fall,upfall_s14_a11_t02_c2,upfall_subj_14,cam2,laboratory_room,15.62,59.859,935,640,480,False,lying_down,,,,CC-BY-4.0,test_x,G:/My Drive/upfall_real/Subject14Activity11Trial2Camera2.zip,b1b2e3f9354f491dae93da64f82c56b5cfbf98c4803f8747bd3bf49af241350f,False,True,[],False
UP-Fall,upfall_s14_a11_t03_c1,upfall_subj_14,cam1,laboratory_room,16.42,59.872,983,640,480,False,lying_down,,,,CC-BY-4.0,test_b,G:/My Drive/upfall_real/Subject14Activity11Trial3Camera1.zip,8472f86d7f218d22bf2fb73fa21b6798c837d00cafb9f2990b37ef523aeadd2d,False,True,[],False
UP-Fall,upfall_s14_a11_t03_c2,upfall_subj_14,cam2,laboratory_room,16.42,59.872,983,640,480,False,lying_down,,,,CC-BY-4.0,test_b,G:/My Drive/upfall_real/Subject14Activity11Trial3Camera2.zip,2996e3c3a876e87f79f614d4e0498528131a055e653919c56d20a82db12d5c8b,False,True,[],False
UP-Fall,upfall_s14_a01_t01_c1,upfall_subj_14,cam1,laboratory_room,18.71,9.886,185,640,480,True,fall_forward_hands,1.555,2.684,2.731,CC-BY-4.0,test_a,G:/My Drive/upfall_real/Subject14Activity1Trial1Camera1.zip,6a1abab6c849993d3cccfe3dd0a43e30e4fdd02d1a0c2c1dba8c872b91c23ef5,False,True,[],False
UP-Fall,upfall_s14_a01_t01_c2,upfall_subj_14,cam2,laboratory_room,18.71,9.886,185,640,480,True,fall_forward_hands,1.555,2.684,2.731,CC-BY-4.0,test_x,G:/My Drive/upfall_real/Subject14Activity1Trial1Camera2.zip,eb3169a562ba06047d5d5fccca570926d2c84e8f64d737ae3c2a8709fa7de0db,False,True,[],False
UP-Fall,upfall_s14_a01_t02_c1,upfall_subj_14,cam1,laboratory_room,18.47,9.909,183,640,480,True,fall_forward_hands,2.021,3.192,3.25,CC-BY-4.0,test_a,G:/My Drive/upfall_real/Subject14Activity1Trial2Camera1.zip,6089d55242548494cb978a9432c26a1212f5db8aae07b61a9f4af2e879d3092d,False,True,[],False
UP-Fall,upfall_s14_a01_t02_c2,upfall_subj_14,cam2,laboratory_room,18.47,9.909,183,640,480,True,fall_forward_hands,2.021,3.192,3.25,CC-BY-4.0,test_x,G:/My Drive/upfall_real/Subject14Activity1Trial2Camera2.zip,71f464cc6074a47b6dce5e604f3c8c57cb0cf374e45202da4b2da029c80fa242,False,True,[],False
UP-Fall,upfall_s14_a01_t03_c1,upfall_subj_14,cam1,laboratory_room,18.47,9.91,183,640,480,True,fall_forward_hands,0.52,1.644,1.707,CC-BY-4.0,test_b,G:/My Drive/upfall_real/Subject14Activity1Trial3Camera1.zip,d5e121c7a097940c18af654c9f446cfd525d32c2ab1e332f50f13f8de6db6dda,False,True,[],False
UP-Fall,upfall_s14_a01_t03_c2,upfall_subj_14,cam2,laboratory_room,18.47,9.91,183,640,480,True,fall_forward_hands,0.52,1.644,1.707,CC-BY-4.0,test_b,G:/My Drive/upfall_real/Subject14Activity1Trial3Camera2.zip,f67fc5ccba676c60e28ee9fa8d91928039fb64049068660a345c264cfdfba002,False,True,[],False
UP-Fall,upfall_s14_a02_t01_c1,upfall_subj_14,cam1,laboratory_room,17.99,9.892,178,640,480,True,fall_forward_knees,1.09,2.248,2.307,CC-BY-4.0,test_a,G:/My Drive/upfall_real/Subject14Activity2Trial1Camera1.zip,8e76f9a98e7faf952c24e2b85f0f46af9f10fa47ecf3e778efd7dd75161e2e1e,False,True,[],False
UP-Fall,upfall_s14_a02_t01_c2,upfall_subj_14,cam2,laboratory_room,17.99,9.892,178,640,480,True,fall_forward_knees,1.09,2.248,2.307,CC-BY-4.0,test_x,G:/My Drive/upfall_real/Subject14Activity2Trial1Camera2.zip,c7a5602154a335405d2da7f1b32257787db0b1260c0d9d59dd6f5724f3e5184b,False,True,[],False
UP-Fall,upfall_s14_a02_t02_c1,upfall_subj_14,cam1,laboratory_room,17.01,9.936,169,640,480,True,fall_forward_knees,0.957,2.094,2.141,CC-BY-4.0,test_a,G:/My Drive/upfall_real/Subject14Activity2Trial2Camera1.zip,54abc70251cd78f4569a90c008b1ed3576dde17a26535a723964d9f8f9feb8df,False,True,[],False
UP-Fall,upfall_s14_a02_t02_c2,upfall_subj_14,cam2,laboratory_room,17.01,9.936,169,640,480,True,fall_forward_knees,0.957,2.094,2.141,CC-BY-4.0,test_x,G:/My Drive/upfall_real/Subject14Activity2Trial2Camera2.zip,ad56ebc27b0e1bf45963a1ee4af9aec54df3418805a1c4ad1c22a897224acd65,False,True,[],False
UP-Fall,upfall_s14_a02_t03_c1,upfall_subj_14,cam1,laboratory_room,17.01,9.936,169,640,480,True,fall_forward_knees,0.911,2.015,2.088,CC-BY-4.0,test_b,G:/My Drive/upfall_real/Subject14Activity2Trial3Camera1.zip,acf5317ef4d8d021b06976056db37bf65734f701d7db96ef6a8ddada07f35058,False,True,[],False
UP-Fall,upfall_s14_a02_t03_c2,upfall_subj_14,cam2,laboratory_room,17.01,9.936,169,640,480,True,fall_forward_knees,0.911,2.015,2.088,CC-BY-4.0,test_b,G:/My Drive/upfall_real/Subject14Activity2Trial3Camera2.zip,3a1a26be94f79eefba280e12ff3144bdc3b00a555425c1ca1bc68dadfeef5b05,False,True,[],False
UP-Fall,upfall_s14_a03_t01_c1,upfall_subj_14,cam1,laboratory_room,18.19,9.949,181,640,480,True,fall_backward,1.245,3.419,3.501,CC-BY-4.0,test_a,G:/My Drive/upfall_real/Subject14Activity3Trial1Camera1.zip,7df14e73ee40e2ff2e846336a0e493820d53061ecc67fa59851cfeb6fd80a8de,False,True,[],False
UP-Fall,upfall_s14_a03_t01_c2,upfall_subj_14,cam2,laboratory_room,18.19,9.949,181,640,480,True,fall_backward,1.245,3.419,3.501,CC-BY-4.0,test_x,G:/My Drive/upfall_real/Subject14Activity3Trial1Camera2.zip,c69b475179c8d6d3aed4f5a2e1b87c6e6863b5f4825130ebfe3947456f800464,False,True,[],False
UP-Fall,upfall_s14_a03_t02_c1,upfall_subj_14,cam1,laboratory_room,16.91,9.935,168,640,480,True,fall_backward,1.752,3.313,3.363,CC-BY-4.0,test_a,G:/My Drive/upfall_real/Subject14Activity3Trial2Camera1.zip,386e513c92913a0a13c73ab37ec93a45fdee5316260f6be86305b0597abb2085,False,True,[],False
UP-Fall,upfall_s14_a03_t02_c2,upfall_subj_14,cam2,laboratory_room,16.91,9.935,168,640,480,True,fall_backward,1.752,3.313,3.363,CC-BY-4.0,test_x,G:/My Drive/upfall_real/Subject14Activity3Trial2Camera2.zip,14eb13689d4918790a3110e8711e2ea15eb65dd5976a2359478da58891fb64c4,False,True,[],False
UP-Fall,upfall_s14_a03_t03_c1,upfall_subj_14,cam1,laboratory_room,18.35,9.971,183,640,480,True,fall_backward,1.327,2.582,2.681,CC-BY-4.0,test_b,G:/My Drive/upfall_real/Subject14Activity3Trial3Camera1.zip,26ee5ceee28e4d948da50d2b4ce7ceda36b497b53379ac26ca26fd8d7ee06b5a,False,True,[],False
UP-Fall,upfall_s14_a03_t03_c2,upfall_subj_14,cam2,laboratory_room,18.35,9.971,183,640,480,True,fall_backward,1.327,2.582,2.681,CC-BY-4.0,test_b,G:/My Drive/upfall_real/Subject14Activity3Trial3Camera2.zip,772fcaf2b84a0835793d47b2f3154c46ce3b913ff9c5e4d7d6ff9820ade45d0a,False,True,[],False
UP-Fall,upfall_s14_a04_t01_c1,upfall_subj_14,cam1,laboratory_room,17.9,9.889,177,640,480,True,fall_sideways,1.196,2.336,2.428,CC-BY-4.0,test_a,G:/My Drive/upfall_real/Subject14Activity4Trial1Camera1.zip,9cfa0afca48db7845f7a55d42cb14be18d628a7dc5a45a422961f382e5ce8cd5,False,True,[],False
UP-Fall,upfall_s14_a04_t01_c2,upfall_subj_14,cam2,laboratory_room,17.9,9.889,177,640,480,True,fall_sideways,1.196,2.336,2.428,CC-BY-4.0,test_x,G:/My Drive/upfall_real/Subject14Activity4Trial1Camera2.zip,d962d9b15c47a21610d23f1f8bda4fcfe2626bd09f146303423b4ec0bd8e1e5f,False,True,[],False
UP-Fall,upfall_s14_a04_t02_c1,upfall_subj_14,cam1,laboratory_room,17.93,9.871,177,640,480,True,fall_sideways,1.125,2.268,2.327,CC-BY-4.0,test_a,G:/My Drive/upfall_real/Subject14Activity4Trial2Camera1.zip,f57d309510c94c8adad5dd4c7a532c60af8d6a9bcccc5cbcc29e36c3186839af,False,True,[],False
UP-Fall,upfall_s14_a04_t02_c2,upfall_subj_14,cam2,laboratory_room,17.93,9.871,177,640,480,True,fall_sideways,1.125,2.268,2.327,CC-BY-4.0,test_x,G:/My Drive/upfall_real/Subject14Activity4Trial2Camera2.zip,d272ee38d944ecc1a205f3205feea5699791add92267c7a9351a34771ec4779a,False,True,[],False
UP-Fall,upfall_s14_a04_t03_c1,upfall_subj_14,cam1,laboratory_room,18.34,9.926,182,640,480,True,fall_sideways,1.567,2.659,2.738,CC-BY-4.0,test_b,G:/My Drive/upfall_real/Subject14Activity4Trial3Camera1.zip,50437120ea5c4cfa643c5229d9fc340400362b75529bbd2d05a79adf60f9f64b,False,True,[],False
UP-Fall,upfall_s14_a04_t03_c2,upfall_subj_14,cam2,laboratory_room,18.34,9.926,182,640,480,True,fall_sideways,1.567,2.659,2.738,CC-BY-4.0,test_b,G:/My Drive/upfall_real/Subject14Activity4Trial3Camera2.zip,d13215fcddd8c3c8f68d2c32c32c1cf30b783d617a3bbfa73560dc29cbd84411,False,True,[],False
UP-Fall,upfall_s14_a05_t01_c1,upfall_subj_14,cam1,laboratory_room,18.15,9.971,181,640,480,True,fall_from_chair,1.206,3.098,3.146,CC-BY-4.0,test_a,G:/My Drive/upfall_real/Subject14Activity5Trial1Camera1.zip,5e199fae2a571d616c64755feba86eb34d88ff21dd66f19b39f5bd62f5232c58,False,True,[],False
UP-Fall,upfall_s14_a05_t01_c2,upfall_subj_14,cam2,laboratory_room,18.15,9.971,181,640,480,True,fall_from_chair,1.206,3.098,3.146,CC-BY-4.0,test_x,G:/My Drive/upfall_real/Subject14Activity5Trial1Camera2.zip,fd47816d4f11cb0792a69d19e7dbf6b450df9d792bcabeafac523b2d4c020a27,False,True,[],False
UP-Fall,upfall_s14_a05_t02_c1,upfall_subj_14,cam1,laboratory_room,18.53,9.929,184,640,480,True,fall_from_chair,1.072,3.17,3.222,CC-BY-4.0,test_a,G:/My Drive/upfall_real/Subject14Activity5Trial2Camera1.zip,742561a14e3541fbedc935c2704b960007162c10e69e10f769da6252106fd722,False,True,[],False
UP-Fall,upfall_s14_a05_t02_c2,upfall_subj_14,cam2,laboratory_room,18.53,9.929,184,640,480,True,fall_from_chair,1.072,3.17,3.222,CC-BY-4.0,test_x,G:/My Drive/upfall_real/Subject14Activity5Trial2Camera2.zip,c901fb8569fbd735c223be5e18c7d3334e7672055ad57ef2232bddf86d315144,False,True,[],False
UP-Fall,upfall_s14_a05_t03_c1,upfall_subj_14,cam1,laboratory_room,17.99,9.949,179,640,480,True,fall_from_chair,1.185,2.535,2.583,CC-BY-4.0,test_b,G:/My Drive/upfall_real/Subject14Activity5Trial3Camera1.zip,beedee846a654042195d444bb04ea55d44837a8c38a80ddb1b7470e76db6f8d1,False,True,[],False
UP-Fall,upfall_s14_a05_t03_c2,upfall_subj_14,cam2,laboratory_room,17.99,9.949,179,640,480,True,fall_from_chair,1.185,2.535,2.583,CC-BY-4.0,test_b,G:/My Drive/upfall_real/Subject14Activity5Trial3Camera2.zip,b09fcf63923bba89a2671d67a40d67cbfbb7253bfe523831ae9211e0ffc5f91e,False,True,[],False
UP-Fall,upfall_s14_a06_t01_c1,upfall_subj_14,cam1,laboratory_room,17.31,59.857,1036,640,480,False,walking,,,,CC-BY-4.0,test_a,G:/My Drive/upfall_real/Subject14Activity6Trial1Camera1.zip,c28d3c88dbec976877540f4bef858cb0b80dad75636b0bb9cc3420149d69f1a4,False,True,[],False
UP-Fall,upfall_s14_a06_t01_c2,upfall_subj_14,cam2,laboratory_room,17.31,59.857,1036,640,480,False,walking,,,,CC-BY-4.0,test_x,G:/My Drive/upfall_real/Subject14Activity6Trial1Camera2.zip,06d8238ed54a67f3fde6b6e1bdebd2fcba9c2e9fe6a77dfa6d28905dd2c3a48b,False,True,[],False
UP-Fall,upfall_s14_a06_t02_c1,upfall_subj_14,cam1,laboratory_room,16.68,59.91,999,640,480,False,walking,,,,CC-BY-4.0,test_a,G:/My Drive/upfall_real/Subject14Activity6Trial2Camera1.zip,05243170f5267ab67535dbdc15ac5c8dfedfe5cea699193f99317a6e6ebb6ed4,False,True,[],False
UP-Fall,upfall_s14_a06_t02_c2,upfall_subj_14,cam2,laboratory_room,16.68,59.91,999,640,480,False,walking,,,,CC-BY-4.0,test_x,G:/My Drive/upfall_real/Subject14Activity6Trial2Camera2.zip,1eea2f3415a9cdbc8a3dff0fba9799ea0ffbb81d6d39115f1ca4dd90df1706a1,False,True,[],False
UP-Fall,upfall_s14_a06_t03_c1,upfall_subj_14,cam1,laboratory_room,17.99,59.939,1078,640,480,False,walking,,,,CC-BY-4.0,test_b,G:/My Drive/upfall_real/Subject14Activity6Trial3Camera1.zip,2e2ee951c3da4930246b4f7455e7cc9c0c7c82937afb2c9936bf174733988ee5,False,True,[],False
UP-Fall,upfall_s14_a06_t03_c2,upfall_subj_14,cam2,laboratory_room,17.99,59.939,1078,640,480,False,walking,,,,CC-BY-4.0,test_b,G:/My Drive/upfall_real/Subject14Activity6Trial3Camera2.zip,c04ba8ef1a2ac5f989bcb7ac81113ee4a7ff1c4bb3680b770332beeec3c17fae,False,True,[],False
UP-Fall,upfall_s14_a07_t01_c1,upfall_subj_14,cam1,laboratory_room,18.49,59.926,1108,640,480,False,standing,,,,CC-BY-4.0,test_a,G:/My Drive/upfall_real/Subject14Activity7Trial1Camera1.zip,5a367b082ce8f3ab87516e0a080f399bdf1b218ba196f82000e53f63a5da797d,False,True,[],False
UP-Fall,upfall_s14_a07_t01_c2,upfall_subj_14,cam2,laboratory_room,18.49,59.926,1108,640,480,False,standing,,,,CC-BY-4.0,test_x,G:/My Drive/upfall_real/Subject14Activity7Trial1Camera2.zip,eacc852769120384a576fb2c29fe678fbf3820244422d467ac3968f095fcb241,False,True,[],False
UP-Fall,upfall_s14_a07_t02_c1,upfall_subj_14,cam1,laboratory_room,17.6,59.956,1055,640,480,False,standing,,,,CC-BY-4.0,test_a,G:/My Drive/upfall_real/Subject14Activity7Trial2Camera1.zip,156e232a47dcbfbc8f0cac1a2de3cc5045113dde0dc33dd47af2204a39668aec,False,True,[],False
UP-Fall,upfall_s14_a07_t02_c2,upfall_subj_14,cam2,laboratory_room,17.6,59.956,1055,640,480,False,standing,,,,CC-BY-4.0,test_x,G:/My Drive/upfall_real/Subject14Activity7Trial2Camera2.zip,10c64404256abf34caa376d4c8ca0cf6762039bad4d7bbba7bc1e00976c3ba6f,False,True,[],False
UP-Fall,upfall_s14_a07_t03_c1,upfall_subj_14,cam1,laboratory_room,18.13,59.946,1087,640,480,False,standing,,,,CC-BY-4.0,test_b,G:/My Drive/upfall_real/Subject14Activity7Trial3Camera1.zip,b565fc7032d9ae9ae6c901fe882a0bc5be3fc1c4ef27eb6195930fba8919729d,False,True,[],False
UP-Fall,upfall_s14_a07_t03_c2,upfall_subj_14,cam2,laboratory_room,18.13,59.946,1087,640,480,False,standing,,,,CC-BY-4.0,test_b,G:/My Drive/upfall_real/Subject14Activity7Trial3Camera2.zip,938d1a6647e93308b2c9933e37e95482534929998f687dd57566075b0f7332c9,False,True,[],False
UP-Fall,upfall_s14_a08_t01_c1,upfall_subj_14,cam1,laboratory_room,17.98,59.968,1078,640,480,False,sitting,,,,CC-BY-4.0,test_a,G:/My Drive/upfall_real/Subject14Activity8Trial1Camera1.zip,208110a51f58929317642f02925efba2baa6575366f1c6f3faf9a46e9fb8a6f8,False,True,[],False
UP-Fall,upfall_s14_a08_t01_c2,upfall_subj_14,cam2,laboratory_room,17.98,59.968,1078,640,480,False,sitting,,,,CC-BY-4.0,test_x,G:/My Drive/upfall_real/Subject14Activity8Trial1Camera2.zip,3d0550cccb7f1677f018d39fc66eb40cc37eecf370cc3fb586af2959f9f3123c,False,True,[],False
UP-Fall,upfall_s14_a08_t02_c1,upfall_subj_14,cam1,laboratory_room,17.43,59.833,1043,640,480,False,sitting,,,,CC-BY-4.0,test_a,G:/My Drive/upfall_real/Subject14Activity8Trial2Camera1.zip,a96d66e270f9524f9565e9132d45cf346260b04910f5b37b95c8b390977d816f,False,True,[],False
UP-Fall,upfall_s14_a08_t02_c2,upfall_subj_14,cam2,laboratory_room,17.43,59.833,1043,640,480,False,sitting,,,,CC-BY-4.0,test_x,G:/My Drive/upfall_real/Subject14Activity8Trial2Camera2.zip,9150157a00cea4a3596a7dfda855927f429519dc6c998757ed56f2004cdc8e13,False,True,[],False
UP-Fall,upfall_s14_a08_t03_c1,upfall_subj_14,cam1,laboratory_room,17.84,59.924,1069,640,480,False,sitting,,,,CC-BY-4.0,test_b,G:/My Drive/upfall_real/Subject14Activity8Trial3Camera1.zip,43433633f38ce885c76b6a2692847bb1778fdc320961c4fe01c6a5d7ac357c6a,False,True,[],False
UP-Fall,upfall_s14_a08_t03_c2,upfall_subj_14,cam2,laboratory_room,17.84,59.924,1069,640,480,False,sitting,,,,CC-BY-4.0,test_b,G:/My Drive/upfall_real/Subject14Activity8Trial3Camera2.zip,23352f7a1aac22a97bb7a27e83752d9c1ef183f100b1285202eb0df1669b0766,False,True,[],False
UP-Fall,upfall_s14_a09_t01_c1,upfall_subj_14,cam1,laboratory_room,16.33,9.921,162,640,480,False,picking_up_object,,,,CC-BY-4.0,test_a,G:/My Drive/upfall_real/Subject14Activity9Trial1Camera1.zip,85fd86f1b3b0559320b0ad92e4e9d20ba69c42e5a23507aec0145a12633c0292,False,True,[],False
UP-Fall,upfall_s14_a09_t01_c2,upfall_subj_14,cam2,laboratory_room,16.33,9.921,162,640,480,False,picking_up_object,,,,CC-BY-4.0,test_x,G:/My Drive/upfall_real/Subject14Activity9Trial1Camera2.zip,6212dc5d4c1c2e1f0836fa00dd4e3dd5d65275a87af9a6f3fc1fac54f075cbab,False,True,[],False
UP-Fall,upfall_s14_a09_t02_c1,upfall_subj_14,cam1,laboratory_room,18.03,9.929,179,640,480,False,picking_up_object,,,,CC-BY-4.0,test_a,G:/My Drive/upfall_real/Subject14Activity9Trial2Camera1.zip,ae603610e8e6fda74cd4d0370d934a2366f00526765685fbbebe85003c1057bb,False,True,[],False
UP-Fall,upfall_s14_a09_t02_c2,upfall_subj_14,cam2,laboratory_room,18.03,9.929,179,640,480,False,picking_up_object,,,,CC-BY-4.0,test_x,G:/My Drive/upfall_real/Subject14Activity9Trial2Camera2.zip,dfb4e491515db58e2acffee0a73b5a4811a7cb9353ef2fcf0ab5a15d22de5d36,False,True,[],False
UP-Fall,upfall_s14_a09_t03_c1,upfall_subj_14,cam1,laboratory_room,17.36,9.965,173,640,480,False,picking_up_object,,,,CC-BY-4.0,test_b,G:/My Drive/upfall_real/Subject14Activity9Trial3Camera1.zip,4e117cb412c9bd08ed166fe078dc4130fea2eb96fcaf393752be78333d9c108a,False,True,[],False
UP-Fall,upfall_s14_a09_t03_c2,upfall_subj_14,cam2,laboratory_room,17.36,9.965,173,640,480,False,picking_up_object,,,,CC-BY-4.0,test_b,G:/My Drive/upfall_real/Subject14Activity9Trial3Camera2.zip,ea55ef4c0c1f654063bb620652230ea0eb01f60a780523b4d8f762bf238baa6b,False,True,[],False
UP-Fall,upfall_s15_a10_t01_c1,upfall_subj_15,cam1,laboratory_room,16.45,29.911,492,640,480,False,jumping,,,,CC-BY-4.0,test_a,G:/My Drive/upfall_real/Subject15Activity10Trial1Camera1.zip,c235ded57a2b72ae340aa0efc34b0acf04c21c1c70d11e47dea7cd4392e3081b,False,True,[],False
UP-Fall,upfall_s15_a10_t01_c2,upfall_subj_15,cam2,laboratory_room,16.45,29.911,492,640,480,False,jumping,,,,CC-BY-4.0,test_x,G:/My Drive/upfall_real/Subject15Activity10Trial1Camera2.zip,ae9146eeb6e8d057eac7dc4a0f75c436143c0d5ecabb19b4cc20c4fa592464c3,False,True,[],False
UP-Fall,upfall_s15_a10_t02_c1,upfall_subj_15,cam1,laboratory_room,16.62,29.959,498,640,480,False,jumping,,,,CC-BY-4.0,test_a,G:/My Drive/upfall_real/Subject15Activity10Trial2Camera1.zip,336ea0d28f75962a985405c1735e6d483b15fa83dd01c6d8c1ebe6e2aa77265a,False,True,[],False
UP-Fall,upfall_s15_a10_t02_c2,upfall_subj_15,cam2,laboratory_room,16.62,29.959,498,640,480,False,jumping,,,,CC-BY-4.0,test_x,G:/My Drive/upfall_real/Subject15Activity10Trial2Camera2.zip,aaa98eef32f7f36cb1fceee64e5d7aa0526abdd409275ddbb222ac36723f0a6e,False,True,[],False
UP-Fall,upfall_s15_a10_t03_c1,upfall_subj_15,cam1,laboratory_room,16.93,29.941,507,640,480,False,jumping,,,,CC-BY-4.0,test_b,G:/My Drive/upfall_real/Subject15Activity10Trial3Camera1.zip,80d9e33efb949c8be6cff5b54b279661b1352e9d27a3569e28631ed18c0ff115,False,True,[],False
UP-Fall,upfall_s15_a10_t03_c2,upfall_subj_15,cam2,laboratory_room,16.93,29.941,507,640,480,False,jumping,,,,CC-BY-4.0,test_b,G:/My Drive/upfall_real/Subject15Activity10Trial3Camera2.zip,e658adc6fb7f50f485a9a95fa00fad2699b29d06e1370f6c922451220b599372,False,True,[],False
UP-Fall,upfall_s15_a11_t01_c1,upfall_subj_15,cam1,laboratory_room,16.86,59.891,1010,640,480,False,lying_down,,,,CC-BY-4.0,test_a,G:/My Drive/upfall_real/Subject15Activity11Trial1Camera1.zip,9033536ffc45ff16e30f8cd7601aab856d9c34fa3137ba87a547e8769fdbcab9,False,True,[],False
UP-Fall,upfall_s15_a11_t01_c2,upfall_subj_15,cam2,laboratory_room,16.86,59.891,1010,640,480,False,lying_down,,,,CC-BY-4.0,test_x,G:/My Drive/upfall_real/Subject15Activity11Trial1Camera2.zip,945ae4083e67326a6e4f30af55b69d17fd9d7e07e750189d1b5f539e5f57056b,False,True,[],False
UP-Fall,upfall_s15_a11_t02_c1,upfall_subj_15,cam1,laboratory_room,16.77,59.925,1005,640,480,False,lying_down,,,,CC-BY-4.0,test_a,G:/My Drive/upfall_real/Subject15Activity11Trial2Camera1.zip,8645954dccd508025ad8a3b1568c3befcc4b236ec8bd851454195a569529eb60,False,True,[],False
UP-Fall,upfall_s15_a11_t02_c2,upfall_subj_15,cam2,laboratory_room,16.77,59.925,1005,640,480,False,lying_down,,,,CC-BY-4.0,test_x,G:/My Drive/upfall_real/Subject15Activity11Trial2Camera2.zip,171f5a1e86a7f83f7c1544a8e05ba11566ba1ece82a1e494636a4e5464d9a660,False,True,[],False
UP-Fall,upfall_s15_a11_t03_c1,upfall_subj_15,cam1,laboratory_room,18.53,59.947,1111,640,480,False,lying_down,,,,CC-BY-4.0,test_b,G:/My Drive/upfall_real/Subject15Activity11Trial3Camera1.zip,116a1029ff67259c37a1481bd51f92bf3ae8ded3e6f59997abfc3b76e4d39157,False,True,[],False
UP-Fall,upfall_s15_a11_t03_c2,upfall_subj_15,cam2,laboratory_room,18.53,59.947,1111,640,480,False,lying_down,,,,CC-BY-4.0,test_b,G:/My Drive/upfall_real/Subject15Activity11Trial3Camera2.zip,0d161b6a1b309031b6a311225f2db1347be3ea4a5378a8638d62be1136d7edaf,False,True,[],False
UP-Fall,upfall_s15_a01_t01_c1,upfall_subj_15,cam1,laboratory_room,18.37,9.908,182,640,480,True,fall_forward_hands,0.721,1.453,1.508,CC-BY-4.0,test_a,G:/My Drive/upfall_real/Subject15Activity1Trial1Camera1.zip,accbf2e803c2be0e5374ec5bf52132f27b8c10afb5973d0adde8bdc37c617995,False,True,[],False
UP-Fall,upfall_s15_a01_t01_c2,upfall_subj_15,cam2,laboratory_room,18.37,9.908,182,640,480,True,fall_forward_hands,0.721,1.453,1.508,CC-BY-4.0,test_x,G:/My Drive/upfall_real/Subject15Activity1Trial1Camera2.zip,ea9911c9476dbf06fde5234092fc2358fe09c15083d52e19b71fa5f0c9968df2,False,True,[],False
UP-Fall,upfall_s15_a01_t02_c1,upfall_subj_15,cam1,laboratory_room,17.81,9.939,177,640,480,True,fall_forward_hands,0.22,1.389,1.435,CC-BY-4.0,test_a,G:/My Drive/upfall_real/Subject15Activity1Trial2Camera1.zip,9f3cc200de09131244e713985c7a1302b50a350ed8223e260bb397a70b42c568,False,True,[],False
UP-Fall,upfall_s15_a01_t02_c2,upfall_subj_15,cam2,laboratory_room,17.81,9.939,177,640,480,True,fall_forward_hands,0.22,1.389,1.435,CC-BY-4.0,test_x,G:/My Drive/upfall_real/Subject15Activity1Trial2Camera2.zip,fc20c2f77b30913a397019fc28cd8e48ef9f4767cfcaa4bac63bfff162b672e2,False,True,[],False
UP-Fall,upfall_s15_a01_t03_c1,upfall_subj_15,cam1,laboratory_room,18.07,9.906,179,640,480,True,fall_forward_hands,0.147,0.734,0.779,CC-BY-4.0,test_b,G:/My Drive/upfall_real/Subject15Activity1Trial3Camera1.zip,20eb7389535274a17a4393e5fe526897921fe2a80f7c4aa405279041e5a1637e,False,True,[],False
UP-Fall,upfall_s15_a01_t03_c2,upfall_subj_15,cam2,laboratory_room,18.07,9.906,179,640,480,True,fall_forward_hands,0.147,0.734,0.779,CC-BY-4.0,test_b,G:/My Drive/upfall_real/Subject15Activity1Trial3Camera2.zip,dabc846bfcb214d02d9d23f2d6a91e5beaf3e4f03d947ca3e7441ae51fe2699e,False,True,[],False
UP-Fall,upfall_s15_a02_t01_c1,upfall_subj_15,cam1,laboratory_room,18.06,9.967,180,640,480,True,fall_forward_knees,0.139,1.319,1.374,CC-BY-4.0,test_a,G:/My Drive/upfall_real/Subject15Activity2Trial1Camera1.zip,2aef5c1f042008e5ca7a5b2790ebab96e6dac1c6c01e2b57c728bf8f5c9ddc9c,False,True,[],False
UP-Fall,upfall_s15_a02_t01_c2,upfall_subj_15,cam2,laboratory_room,18.06,9.967,180,640,480,True,fall_forward_knees,0.139,1.319,1.374,CC-BY-4.0,test_x,G:/My Drive/upfall_real/Subject15Activity2Trial1Camera2.zip,d9085f5ad39d50a1f59949d216dc97657f299f74f4d136149eb26955a605f6a3,False,True,[],False
UP-Fall,upfall_s15_a02_t02_c1,upfall_subj_15,cam1,laboratory_room,17.61,9.935,175,640,480,True,fall_forward_knees,0.171,1.565,1.616,CC-BY-4.0,test_a,G:/My Drive/upfall_real/Subject15Activity2Trial2Camera1.zip,5222b0c901c12254066dedd25cdb667f767a438baa0005fcef4b9dee86be4fd4,False,True,[],False
UP-Fall,upfall_s15_a02_t02_c2,upfall_subj_15,cam2,laboratory_room,17.61,9.935,175,640,480,True,fall_forward_knees,0.171,1.565,1.616,CC-BY-4.0,test_x,G:/My Drive/upfall_real/Subject15Activity2Trial2Camera2.zip,ce037649053832004a077a3a96199bd07c3753f69c348e3a01260b5863fd1d50,False,True,[],False
UP-Fall,upfall_s15_a02_t03_c1,upfall_subj_15,cam1,laboratory_room,17.61,9.939,175,640,480,True,fall_forward_knees,1.316,2.549,2.597,CC-BY-4.0,test_b,G:/My Drive/upfall_real/Subject15Activity2Trial3Camera1.zip,dc756b9b37f94d2142d2ce648d2b381a6e879cc9a093649bad35a02f5c00a4b1,False,True,[],False
UP-Fall,upfall_s15_a02_t03_c2,upfall_subj_15,cam2,laboratory_room,17.61,9.939,175,640,480,True,fall_forward_knees,1.316,2.549,2.597,CC-BY-4.0,test_b,G:/My Drive/upfall_real/Subject15Activity2Trial3Camera2.zip,6fba715581c5cae9bdd34db3116b7946499706843481915a2fa69659175ab2eb,False,True,[],False
UP-Fall,upfall_s15_a03_t01_c1,upfall_subj_15,cam1,laboratory_room,18.56,9.916,184,640,480,True,fall_backward,0.918,2.838,2.887,CC-BY-4.0,test_a,G:/My Drive/upfall_real/Subject15Activity3Trial1Camera1.zip,03abb0d3ab0f79c8535ced334cc36fa24d395a890a02a3087058844062e876c4,False,True,[],False
UP-Fall,upfall_s15_a03_t01_c2,upfall_subj_15,cam2,laboratory_room,18.56,9.916,184,640,480,True,fall_backward,0.918,2.838,2.887,CC-BY-4.0,test_x,G:/My Drive/upfall_real/Subject15Activity3Trial1Camera2.zip,909eb1822a5babd3b787b59dcdaad7f31a3325b99b437157e5b71c5c72124d38,False,True,[],False
UP-Fall,upfall_s15_a03_t02_c1,upfall_subj_15,cam1,laboratory_room,18.16,9.91,180,640,480,True,fall_backward,0.673,2.561,2.607,CC-BY-4.0,test_a,G:/My Drive/upfall_real/Subject15Activity3Trial2Camera1.zip,c69af7cc03bd517a2b2ee2e988df306dd167825e88787c9012479ca8e832272d,False,True,[],False
UP-Fall,upfall_s15_a03_t02_c2,upfall_subj_15,cam2,laboratory_room,18.16,9.91,180,640,480,True,fall_backward,0.673,2.561,2.607,CC-BY-4.0,test_x,G:/My Drive/upfall_real/Subject15Activity3Trial2Camera2.zip,b695a17f6571d796ef8ac659b6a996e0a1b43ba1133d3c50a76339a901f9ebc1,False,True,[],False
UP-Fall,upfall_s15_a03_t03_c1,upfall_subj_15,cam1,laboratory_room,18.82,9.939,187,640,480,True,fall_backward,0.78,2.092,2.139,CC-BY-4.0,test_b,G:/My Drive/upfall_real/Subject15Activity3Trial3Camera1.zip,92647662894cb0bbf59b99c4b0d2855d8a3e8e3d694cf4470fdff33c5352b429,False,True,[],False
UP-Fall,upfall_s15_a03_t03_c2,upfall_subj_15,cam2,laboratory_room,18.82,9.939,187,640,480,True,fall_backward,0.78,2.092,2.139,CC-BY-4.0,test_b,G:/My Drive/upfall_real/Subject15Activity3Trial3Camera2.zip,7bd07d3036fab9dd8cdee4eb6f820a9c3919a89f8d6c0dc30174da8b3a693869,False,True,[],False
UP-Fall,upfall_s15_a04_t01_c1,upfall_subj_15,cam1,laboratory_room,18.62,9.882,184,640,480,True,fall_sideways,0.181,1.117,1.165,CC-BY-4.0,test_a,G:/My Drive/upfall_real/Subject15Activity4Trial1Camera1.zip,43bc8d69a75d410e660cfa5d2d1ad3ec8dc67361b2d72232b74d8bdd800478cd,False,True,[],False
UP-Fall,upfall_s15_a04_t01_c2,upfall_subj_15,cam2,laboratory_room,18.62,9.882,184,640,480,True,fall_sideways,0.181,1.117,1.165,CC-BY-4.0,test_x,G:/My Drive/upfall_real/Subject15Activity4Trial1Camera2.zip,fec287603f7ee5717d6940ad74b6263b3d78208be769954c1a772abfb3aa9e45,False,True,[],False
UP-Fall,upfall_s15_a04_t02_c1,upfall_subj_15,cam1,laboratory_room,17.51,9.937,174,640,480,True,fall_sideways,1.876,2.641,2.71,CC-BY-4.0,test_a,G:/My Drive/upfall_real/Subject15Activity4Trial2Camera1.zip,e1ab37b1920c05a53fc6d2703b54d7438ca6302cc8c4a3fa109f3fee43ffcb7d,False,True,[],False
UP-Fall,upfall_s15_a04_t02_c2,upfall_subj_15,cam2,laboratory_room,17.51,9.937,174,640,480,True,fall_sideways,1.876,2.641,2.71,CC-BY-4.0,test_x,G:/My Drive/upfall_real/Subject15Activity4Trial2Camera2.zip,5fc1f01878b3f4a42f64b142e5b5e703bbbe70c89716e39516a93c368903e0c8,False,True,[],False
UP-Fall,upfall_s15_a04_t03_c1,upfall_subj_15,cam1,laboratory_room,17.65,9.973,176,640,480,True,fall_sideways,0.73,2.2,2.249,CC-BY-4.0,test_b,G:/My Drive/upfall_real/Subject15Activity4Trial3Camera1.zip,11ac0318b4096b3f179a44d5933803500565241551abc0e3c45ec9dfe9b78a3a,False,True,[],False
UP-Fall,upfall_s15_a04_t03_c2,upfall_subj_15,cam2,laboratory_room,17.65,9.973,176,640,480,True,fall_sideways,0.73,2.2,2.249,CC-BY-4.0,test_b,G:/My Drive/upfall_real/Subject15Activity4Trial3Camera2.zip,cabe80da4157e1a48bb7c95204fd47adf60a0b0e89033bbf8c9ec1b407e1bec9,False,True,[],False
UP-Fall,upfall_s15_a05_t01_c1,upfall_subj_15,cam1,laboratory_room,18.36,9.861,181,640,480,True,fall_from_chair,0.634,3.745,3.792,CC-BY-4.0,test_a,G:/My Drive/upfall_real/Subject15Activity5Trial1Camera1.zip,400a1cab3eae3b6301bea656b0791b192377f2ef9446450d560cd7b4a975e517,False,True,[],False
UP-Fall,upfall_s15_a05_t01_c2,upfall_subj_15,cam2,laboratory_room,18.36,9.861,181,640,480,True,fall_from_chair,0.634,3.745,3.792,CC-BY-4.0,test_x,G:/My Drive/upfall_real/Subject15Activity5Trial1Camera2.zip,a42cb02476e738982a01002ec2c3094e8a38dfc3415d904ccdcddcf0cfd94d35,False,True,[],False
UP-Fall,upfall_s15_a05_t02_c1,upfall_subj_15,cam1,laboratory_room,17.83,9.929,177,640,480,True,fall_from_chair,0.64,3.688,3.734,CC-BY-4.0,test_a,G:/My Drive/upfall_real/Subject15Activity5Trial2Camera1.zip,212f0ccfcc8c5c8364d3040d995d8985b602addaa4760c2187fa128a9af0d7b8,False,True,[],False
UP-Fall,upfall_s15_a05_t02_c2,upfall_subj_15,cam2,laboratory_room,17.83,9.929,177,640,480,True,fall_from_chair,0.64,3.688,3.734,CC-BY-4.0,test_x,G:/My Drive/upfall_real/Subject15Activity5Trial2Camera2.zip,f785146551432f58064aeb52cf0c10f20d0549ded7e92f7e0a09c2b60c91d711,False,True,[],False
UP-Fall,upfall_s15_a05_t03_c1,upfall_subj_15,cam1,laboratory_room,17.7,9.888,175,640,480,True,fall_from_chair,0.499,3.226,3.28,CC-BY-4.0,test_b,G:/My Drive/upfall_real/Subject15Activity5Trial3Camera1.zip,3b0a5a3a852011def8278d882daae287acaa80a66aa1505dc5fbbf0ced67cbbb,False,True,[],False
UP-Fall,upfall_s15_a05_t03_c2,upfall_subj_15,cam2,laboratory_room,17.7,9.888,175,640,480,True,fall_from_chair,0.499,3.226,3.28,CC-BY-4.0,test_b,G:/My Drive/upfall_real/Subject15Activity5Trial3Camera2.zip,eef1a7ba0081fa4a91d7efc7e63c6413ba1b88c256f7e310f553db5df576b041,False,True,[],False
UP-Fall,upfall_s15_a06_t01_c1,upfall_subj_15,cam1,laboratory_room,17.83,59.954,1069,640,480,False,walking,,,,CC-BY-4.0,test_a,G:/My Drive/upfall_real/Subject15Activity6Trial1Camera1.zip,f70f191ee78a845c428d0638a59980458df438eff57fa3264722c0f7c8d8a44e,False,True,[],False
UP-Fall,upfall_s15_a06_t01_c2,upfall_subj_15,cam2,laboratory_room,17.83,59.954,1069,640,480,False,walking,,,,CC-BY-4.0,test_x,G:/My Drive/upfall_real/Subject15Activity6Trial1Camera2.zip,9f121aefa9bf42100675a692bce18f3d13c8733d702be1b7c090dcaf8231dc0f,False,True,[],False
UP-Fall,upfall_s15_a06_t02_c1,upfall_subj_15,cam1,laboratory_room,17.92,59.868,1073,640,480,False,walking,,,,CC-BY-4.0,test_a,G:/My Drive/upfall_real/Subject15Activity6Trial2Camera1.zip,80f86ae9bd75f5024d62cb3d6c6f235820d47c2a5cd5149061ec5bd87024de61,False,True,[],False
UP-Fall,upfall_s15_a06_t02_c2,upfall_subj_15,cam2,laboratory_room,17.92,59.868,1073,640,480,False,walking,,,,CC-BY-4.0,test_x,G:/My Drive/upfall_real/Subject15Activity6Trial2Camera2.zip,71cb596a57a00be606e46c3449195fdd52eced78576156f908188a6c28e1247c,False,True,[],False
UP-Fall,upfall_s15_a06_t03_c1,upfall_subj_15,cam1,laboratory_room,17.76,59.967,1065,640,480,False,walking,,,,CC-BY-4.0,test_b,G:/My Drive/upfall_real/Subject15Activity6Trial3Camera1.zip,910576c5123e0025f002cd73f1cdce03b2ce27e2cbc85afaf58050707882b2ae,False,True,[],False
UP-Fall,upfall_s15_a06_t03_c2,upfall_subj_15,cam2,laboratory_room,17.76,59.967,1065,640,480,False,walking,,,,CC-BY-4.0,test_b,G:/My Drive/upfall_real/Subject15Activity6Trial3Camera2.zip,569db82787983d47a6c05652f59ef8469daebbfa3c549849531558208e4de27e,False,True,[],False
UP-Fall,upfall_s15_a07_t01_c1,upfall_subj_15,cam1,laboratory_room,17.44,59.702,1041,640,480,False,standing,,,,CC-BY-4.0,test_a,G:/My Drive/upfall_real/Subject15Activity7Trial1Camera1.zip,7918235cc7690ef5ea19ce3ac01bba142be07d7301cc720ba7c07d9e74c48be3,False,True,[],False
UP-Fall,upfall_s15_a07_t01_c2,upfall_subj_15,cam2,laboratory_room,17.44,59.702,1041,640,480,False,standing,,,,CC-BY-4.0,test_x,G:/My Drive/upfall_real/Subject15Activity7Trial1Camera2.zip,316197b8394590123a9953d0e2fba5c0681eef6e73f9463f5f7c340905f4f49a,False,True,[],False
UP-Fall,upfall_s15_a07_t02_c1,upfall_subj_15,cam1,laboratory_room,17.35,59.928,1040,640,480,False,standing,,,,CC-BY-4.0,test_a,G:/My Drive/upfall_real/Subject15Activity7Trial2Camera1.zip,6140c5f609990212694ad8f8f19783530b160cf0069db9b88dd1fb2b420d072a,False,True,[],False
UP-Fall,upfall_s15_a07_t02_c2,upfall_subj_15,cam2,laboratory_room,17.35,59.928,1040,640,480,False,standing,,,,CC-BY-4.0,test_x,G:/My Drive/upfall_real/Subject15Activity7Trial2Camera2.zip,2feb93e77f3f55205f4af253c3228406610eb541b05c241d4aac6296be6084d0,False,True,[],False
UP-Fall,upfall_s15_a07_t03_c1,upfall_subj_15,cam1,laboratory_room,17.69,59.909,1060,640,480,False,standing,,,,CC-BY-4.0,test_b,G:/My Drive/upfall_real/Subject15Activity7Trial3Camera1.zip,82b9886ee14a69057697d5eabc4e34b2e5e42794bd7cc7f99c334fffda086c99,False,True,[],False
UP-Fall,upfall_s15_a07_t03_c2,upfall_subj_15,cam2,laboratory_room,17.69,59.909,1060,640,480,False,standing,,,,CC-BY-4.0,test_b,G:/My Drive/upfall_real/Subject15Activity7Trial3Camera2.zip,742a446e6d88b28cde3ded753f11e6af56c428d6788e546e825dfb63597533aa,False,True,[],False
UP-Fall,upfall_s15_a08_t01_c1,upfall_subj_15,cam1,laboratory_room,17.63,59.942,1057,640,480,False,sitting,,,,CC-BY-4.0,test_a,G:/My Drive/upfall_real/Subject15Activity8Trial1Camera1.zip,5ecf99dde10c1ddc9ab5646dbf2e207c4fa589ed24b0c041e26bba7419b06753,False,True,[],False
UP-Fall,upfall_s15_a08_t01_c2,upfall_subj_15,cam2,laboratory_room,17.63,59.942,1057,640,480,False,sitting,,,,CC-BY-4.0,test_x,G:/My Drive/upfall_real/Subject15Activity8Trial1Camera2.zip,016d120fd36d53531c86dacccb190910c0d98a627f0f76a6c72724fa068f82b7,False,True,[],False
UP-Fall,upfall_s15_a08_t02_c1,upfall_subj_15,cam1,laboratory_room,18.07,59.942,1083,640,480,False,sitting,,,,CC-BY-4.0,test_a,G:/My Drive/upfall_real/Subject15Activity8Trial2Camera1.zip,dea4580c51f5edc8eefbcda48ace1936fe9051ae1669353a4fb43652981c5c4c,False,True,[],False
UP-Fall,upfall_s15_a08_t02_c2,upfall_subj_15,cam2,laboratory_room,18.07,59.942,1083,640,480,False,sitting,,,,CC-BY-4.0,test_x,G:/My Drive/upfall_real/Subject15Activity8Trial2Camera2.zip,87e638bc0b1030840bafb7ba1cb25eb1399def649f788fb2f446c92d14ccef39,False,True,[],False
UP-Fall,upfall_s15_a08_t03_c1,upfall_subj_15,cam1,laboratory_room,17.53,59.967,1051,640,480,False,sitting,,,,CC-BY-4.0,test_b,G:/My Drive/upfall_real/Subject15Activity8Trial3Camera1.zip,e8045a254ab099961c31064804e33a9823fea55cba547713c26662b64ca4f995,False,True,[],False
UP-Fall,upfall_s15_a08_t03_c2,upfall_subj_15,cam2,laboratory_room,17.53,59.967,1051,640,480,False,sitting,,,,CC-BY-4.0,test_b,G:/My Drive/upfall_real/Subject15Activity8Trial3Camera2.zip,fcd2383bba79701417767300e351f9dd3c2c56a0cdf57c5f64588e858ad9be9b,False,True,[],False
UP-Fall,upfall_s15_a09_t01_c1,upfall_subj_15,cam1,laboratory_room,17.12,9.933,170,640,480,False,picking_up_object,,,,CC-BY-4.0,test_a,G:/My Drive/upfall_real/Subject15Activity9Trial1Camera1.zip,4602adc5f453e5f1e5899b134d6276630956e73a55fb6a62c7a899a7fa8aa7e2,False,True,[],False
UP-Fall,upfall_s15_a09_t01_c2,upfall_subj_15,cam2,laboratory_room,17.12,9.933,170,640,480,False,picking_up_object,,,,CC-BY-4.0,test_x,G:/My Drive/upfall_real/Subject15Activity9Trial1Camera2.zip,1b8283faa7aab997543df6c0184d671fa2cb9b4ac77e03c5eabf45ef1441a766,False,True,[],False
UP-Fall,upfall_s15_a09_t02_c1,upfall_subj_15,cam1,laboratory_room,17.39,9.891,172,640,480,False,picking_up_object,,,,CC-BY-4.0,test_a,G:/My Drive/upfall_real/Subject15Activity9Trial2Camera1.zip,1a25b9a3fe0165d9bc4cb3b6f79c471f3f2c6c6b26ffb3bb931f06cff6fc0822,False,True,[],False
UP-Fall,upfall_s15_a09_t02_c2,upfall_subj_15,cam2,laboratory_room,17.39,9.891,172,640,480,False,picking_up_object,,,,CC-BY-4.0,test_x,G:/My Drive/upfall_real/Subject15Activity9Trial2Camera2.zip,097244400d6311d99c0fce38434a24724802271f236e094c64affac7d2fa6f8e,False,True,[],False
UP-Fall,upfall_s15_a09_t03_c1,upfall_subj_15,cam1,laboratory_room,17.71,9.879,175,640,480,False,picking_up_object,,,,CC-BY-4.0,test_b,G:/My Drive/upfall_real/Subject15Activity9Trial3Camera1.zip,2f16e5169608a4a612d7583db97fd9cf7d6062b4f27b5143e7a7870ce4479e7d,False,True,[],False
UP-Fall,upfall_s15_a09_t03_c2,upfall_subj_15,cam2,laboratory_room,17.71,9.879,175,640,480,False,picking_up_object,,,,CC-BY-4.0,test_b,G:/My Drive/upfall_real/Subject15Activity9Trial3Camera2.zip,6584230beb8b9922bd135ee6f7517c486e7b51a168e874b0aec15c4c646c3fbe,False,True,[],False
UP-Fall,upfall_s16_a10_t01_c1,upfall_subj_16,cam1,laboratory_room,16.11,29.918,482,640,480,False,jumping,,,,CC-BY-4.0,test_a,G:/My Drive/upfall_real/Subject16Activity10Trial1Camera1.zip,f30b4b5789ccc4c9c915cda5eecba3e5d60ff3f21b224709a50ac811b4382fc1,False,True,[],False
UP-Fall,upfall_s16_a10_t01_c2,upfall_subj_16,cam2,laboratory_room,16.11,29.918,482,640,480,False,jumping,,,,CC-BY-4.0,test_x,G:/My Drive/upfall_real/Subject16Activity10Trial1Camera2.zip,45de5898d152aa8bf86261eca1f09494a0a4e9f43dedd3556fa2ad7e98b57970,False,True,[],False
UP-Fall,upfall_s16_a10_t02_c1,upfall_subj_16,cam1,laboratory_room,16.2,29.944,485,640,480,False,jumping,,,,CC-BY-4.0,test_a,G:/My Drive/upfall_real/Subject16Activity10Trial2Camera1.zip,259b4681e8f56cdb50b7c0820eca646469546c4e073063d4d449bfd54a22650f,False,True,[],False
UP-Fall,upfall_s16_a10_t02_c2,upfall_subj_16,cam2,laboratory_room,16.2,29.944,485,640,480,False,jumping,,,,CC-BY-4.0,test_x,G:/My Drive/upfall_real/Subject16Activity10Trial2Camera2.zip,ac1f4790413cd26630e3628e0462f9f5d0c5c063b64cfb5475d5b850d6769877,False,True,[],False
UP-Fall,upfall_s16_a10_t03_c1,upfall_subj_16,cam1,laboratory_room,16.57,29.93,496,640,480,False,jumping,,,,CC-BY-4.0,test_b,G:/My Drive/upfall_real/Subject16Activity10Trial3Camera1.zip,6e93561572523493586d008fb4f67fb12eeb32ca554567a2ad26ea98d582ebde,False,True,[],False
UP-Fall,upfall_s16_a10_t03_c2,upfall_subj_16,cam2,laboratory_room,16.57,29.93,496,640,480,False,jumping,,,,CC-BY-4.0,test_b,G:/My Drive/upfall_real/Subject16Activity10Trial3Camera2.zip,d8ee4105bab1474ea029f0bb5ec8e2873d94fcd8a10048f4a307d359b7c11c7c,False,True,[],False
UP-Fall,upfall_s16_a11_t01_c1,upfall_subj_16,cam1,laboratory_room,16.03,59.895,960,640,480,False,lying_down,,,,CC-BY-4.0,test_a,G:/My Drive/upfall_real/Subject16Activity11Trial1Camera1.zip,d9c7b02660eb418417c00552faa895bcb1c6b1e1a704441e0c7ad5be81776338,False,True,[],False
UP-Fall,upfall_s16_a11_t01_c2,upfall_subj_16,cam2,laboratory_room,16.03,59.895,960,640,480,False,lying_down,,,,CC-BY-4.0,test_x,G:/My Drive/upfall_real/Subject16Activity11Trial1Camera2.zip,f85bb63425d9b5727b00e5026407d37245f3e95dfd9c85163b31244443cfabda,False,True,[],False
UP-Fall,upfall_s16_a11_t02_c1,upfall_subj_16,cam1,laboratory_room,16.51,59.85,988,640,480,False,lying_down,,,,CC-BY-4.0,test_a,G:/My Drive/upfall_real/Subject16Activity11Trial2Camera1.zip,0a11195477785c902276563f912bc38919f3c9b0404fb6e1b775dcfc4218d869,False,True,[],False
UP-Fall,upfall_s16_a11_t02_c2,upfall_subj_16,cam2,laboratory_room,16.51,59.85,988,640,480,False,lying_down,,,,CC-BY-4.0,test_x,G:/My Drive/upfall_real/Subject16Activity11Trial2Camera2.zip,708922d78990bebb4d6a46fcce5e3dc8c8d02a42c97e9584c502ebdd96b34dcb,False,True,[],False
UP-Fall,upfall_s16_a11_t03_c1,upfall_subj_16,cam1,laboratory_room,15.55,59.483,925,640,480,False,lying_down,,,,CC-BY-4.0,test_b,G:/My Drive/upfall_real/Subject16Activity11Trial3Camera1.zip,0859db0e286eaa42a6cb9a0e900d9348570f5bfbc2a42c21b583d7d90bae2d36,False,True,[],False
UP-Fall,upfall_s16_a11_t03_c2,upfall_subj_16,cam2,laboratory_room,15.55,59.483,925,640,480,False,lying_down,,,,CC-BY-4.0,test_b,G:/My Drive/upfall_real/Subject16Activity11Trial3Camera2.zip,31ad5d2e3f59870baf5b7e28d2a6408f5848635040bfcbfb04004c4fbac8f11f,False,True,[],False
UP-Fall,upfall_s16_a01_t01_c1,upfall_subj_16,cam1,laboratory_room,19.0,9.893,188,640,480,True,fall_forward_hands,0.531,2.593,2.709,CC-BY-4.0,test_a,G:/My Drive/upfall_real/Subject16Activity1Trial1Camera1.zip,0478cad84e7d8799fc1bf9d359107fc41aeb4af03b62ba023f3b3071ad389794,False,True,[],False
UP-Fall,upfall_s16_a01_t01_c2,upfall_subj_16,cam2,laboratory_room,19.0,9.893,188,640,480,True,fall_forward_hands,0.531,2.593,2.709,CC-BY-4.0,test_x,G:/My Drive/upfall_real/Subject16Activity1Trial1Camera2.zip,62f64c8095ed31499eba822226a65446105b8c978dbc85d6b294ec4f230d8184,False,True,[],False
UP-Fall,upfall_s16_a01_t02_c1,upfall_subj_16,cam1,laboratory_room,17.57,9.904,174,640,480,True,fall_forward_hands,0.116,2.381,2.436,CC-BY-4.0,test_a,G:/My Drive/upfall_real/Subject16Activity1Trial2Camera1.zip,2444f9f81fd2e49dc0c11a71ee5b5b5635aef8e20216dd891e47bc7268636abb,False,True,[],False
UP-Fall,upfall_s16_a01_t02_c2,upfall_subj_16,cam2,laboratory_room,17.57,9.904,174,640,480,True,fall_forward_hands,0.116,2.381,2.436,CC-BY-4.0,test_x,G:/My Drive/upfall_real/Subject16Activity1Trial2Camera2.zip,e766111643d5f7527768c861ae0b24691049614e88b2b1bfb6bdedf9f5a5a04d,False,True,[],False
UP-Fall,upfall_s16_a01_t03_c1,upfall_subj_16,cam1,laboratory_room,17.85,9.914,177,640,480,True,fall_forward_hands,0.687,2.169,2.213,CC-BY-4.0,test_b,G:/My Drive/upfall_real/Subject16Activity1Trial3Camera1.zip,677ca5aff157f67a5cc329dc854ae6a641e71765233523c5e4e522ba7b215887,False,True,[],False
UP-Fall,upfall_s16_a01_t03_c2,upfall_subj_16,cam2,laboratory_room,17.85,9.914,177,640,480,True,fall_forward_hands,0.687,2.169,2.213,CC-BY-4.0,test_b,G:/My Drive/upfall_real/Subject16Activity1Trial3Camera2.zip,d31baec02b9ca72b4a0dc164f95a9b5095cf7fec049a6ac6d4b3895a0c9cf7fd,False,True,[],False
UP-Fall,upfall_s16_a02_t01_c1,upfall_subj_16,cam1,laboratory_room,17.18,9.953,171,640,480,True,fall_forward_knees,0.238,2.566,2.611,CC-BY-4.0,test_a,G:/My Drive/upfall_real/Subject16Activity2Trial1Camera1.zip,1ed6debbdb4b90a820dcbcf7cf12660af8fe87ef636eeb11bd47301bf5a8ab75,False,True,[],False
UP-Fall,upfall_s16_a02_t01_c2,upfall_subj_16,cam2,laboratory_room,17.18,9.953,171,640,480,True,fall_forward_knees,0.238,2.566,2.611,CC-BY-4.0,test_x,G:/My Drive/upfall_real/Subject16Activity2Trial1Camera2.zip,b5ea9a0c75756c27a8a8d000b99da0e39c9ee407cd633ee7d50a3c558d879488,False,True,[],False
UP-Fall,upfall_s16_a02_t02_c1,upfall_subj_16,cam1,laboratory_room,17.77,9.907,176,640,480,True,fall_forward_knees,0.061,1.83,1.875,CC-BY-4.0,test_a,G:/My Drive/upfall_real/Subject16Activity2Trial2Camera1.zip,469b6e40ba38e657679a10e68ace227d20a3301ceef75aecc7ebd9f80ea34423,False,True,[],False
UP-Fall,upfall_s16_a02_t02_c2,upfall_subj_16,cam2,laboratory_room,17.77,9.907,176,640,480,True,fall_forward_knees,0.061,1.83,1.875,CC-BY-4.0,test_x,G:/My Drive/upfall_real/Subject16Activity2Trial2Camera2.zip,03aae09a3f5d4bcfd16fcda18d160b5bc5bf75271bf5473ed07b8a7847c03c2c,False,True,[],False
UP-Fall,upfall_s16_a02_t03_c1,upfall_subj_16,cam1,laboratory_room,17.2,9.942,171,640,480,True,fall_forward_knees,0.346,1.883,1.929,CC-BY-4.0,test_b,G:/My Drive/upfall_real/Subject16Activity2Trial3Camera1.zip,3b8de672ca8efb4f6d11268729fc01df5b7c0d0e065e73e01a1bd575e23d1e28,False,True,[],False
UP-Fall,upfall_s16_a02_t03_c2,upfall_subj_16,cam2,laboratory_room,17.2,9.942,171,640,480,True,fall_forward_knees,0.346,1.883,1.929,CC-BY-4.0,test_b,G:/My Drive/upfall_real/Subject16Activity2Trial3Camera2.zip,19edba26743d23304a0ec287938b692a0e7f21dffe30d510f43a79dcf797ceb8,False,True,[],False
UP-Fall,upfall_s16_a03_t01_c1,upfall_subj_16,cam1,laboratory_room,17.04,9.917,169,640,480,True,fall_backward,0.588,2.772,2.871,CC-BY-4.0,test_a,G:/My Drive/upfall_real/Subject16Activity3Trial1Camera1.zip,e3e02758eeb2c213ae9fd5bdbe08f0e400a01a9fcf9427c1145032bf02c12f58,False,True,[],False
UP-Fall,upfall_s16_a03_t01_c2,upfall_subj_16,cam2,laboratory_room,17.04,9.917,169,640,480,True,fall_backward,0.588,2.772,2.871,CC-BY-4.0,test_x,G:/My Drive/upfall_real/Subject16Activity3Trial1Camera2.zip,6965ec6582198c5fed90a9c3de6af5085d0b8edcd390a1374cbf11bbc0914df5,False,True,[],False
UP-Fall,upfall_s16_a03_t02_c1,upfall_subj_16,cam1,laboratory_room,17.76,9.967,177,640,480,True,fall_backward,0.561,2.828,2.889,CC-BY-4.0,test_a,G:/My Drive/upfall_real/Subject16Activity3Trial2Camera1.zip,a94d960f46f5fffdcadda7c47cbc438f4851b3fd01386c340fb65dca8de262fc,False,True,[],False
UP-Fall,upfall_s16_a03_t02_c2,upfall_subj_16,cam2,laboratory_room,17.76,9.967,177,640,480,True,fall_backward,0.561,2.828,2.889,CC-BY-4.0,test_x,G:/My Drive/upfall_real/Subject16Activity3Trial2Camera2.zip,fd3c3c80ec285f0808a7cba3cd7123e3b66e60bd73b300eec09e9eac498ef687,False,True,[],False
UP-Fall,upfall_s16_a03_t03_c1,upfall_subj_16,cam1,laboratory_room,17.27,9.96,172,640,480,True,fall_backward,0.688,3.49,3.535,CC-BY-4.0,test_b,G:/My Drive/upfall_real/Subject16Activity3Trial3Camera1.zip,d1534e495672b07baa1efc491eee0800672e7d79b64fec2e6737434a3135c198,False,True,[],False
UP-Fall,upfall_s16_a03_t03_c2,upfall_subj_16,cam2,laboratory_room,17.27,9.96,172,640,480,True,fall_backward,0.688,3.49,3.535,CC-BY-4.0,test_b,G:/My Drive/upfall_real/Subject16Activity3Trial3Camera2.zip,e043756a2db79557e06bd8e85c7305b6099041ec83ddaeb21472bb63d7e0a04f,False,True,[],False
UP-Fall,upfall_s16_a04_t01_c1,upfall_subj_16,cam1,laboratory_room,16.97,9.9,168,640,480,True,fall_sideways,0.25,2.236,2.294,CC-BY-4.0,test_a,G:/My Drive/upfall_real/Subject16Activity4Trial1Camera1.zip,425461b5cb5ad32764c2133843666e5eeb828a5b88b28a5c30a3fc1dab2bbbf0,False,True,[],False
UP-Fall,upfall_s16_a04_t01_c2,upfall_subj_16,cam2,laboratory_room,16.97,9.9,168,640,480,True,fall_sideways,0.25,2.236,2.294,CC-BY-4.0,test_x,G:/My Drive/upfall_real/Subject16Activity4Trial1Camera2.zip,dd47e1840fb25209dd338d7bb59155dfdd862f2f138554b9eb3d14afbc56315a,False,True,[],False
UP-Fall,upfall_s16_a04_t02_c1,upfall_subj_16,cam1,laboratory_room,17.24,9.977,172,640,480,True,fall_sideways,0.278,1.982,2.06,CC-BY-4.0,test_a,G:/My Drive/upfall_real/Subject16Activity4Trial2Camera1.zip,4bdb96fd7c9c164d63679da81f04443080a1e87ca75968c43f0064ed4c52b900,False,True,[],False
UP-Fall,upfall_s16_a04_t02_c2,upfall_subj_16,cam2,laboratory_room,17.24,9.977,172,640,480,True,fall_sideways,0.278,1.982,2.06,CC-BY-4.0,test_x,G:/My Drive/upfall_real/Subject16Activity4Trial2Camera2.zip,105cdb561adc02cea44f04e76901e60722de4b8133cc9b9ea9d075929fee71c6,False,True,[],False
UP-Fall,upfall_s16_a04_t03_c1,upfall_subj_16,cam1,laboratory_room,17.5,9.94,174,640,480,True,fall_sideways,0.624,2.546,2.613,CC-BY-4.0,test_b,G:/My Drive/upfall_real/Subject16Activity4Trial3Camera1.zip,c3e55f6f9b1409e2ee7af0099db085a236f93c12e322c98d7817d668d0cd228b,False,True,[],False
UP-Fall,upfall_s16_a04_t03_c2,upfall_subj_16,cam2,laboratory_room,17.5,9.94,174,640,480,True,fall_sideways,0.624,2.546,2.613,CC-BY-4.0,test_b,G:/My Drive/upfall_real/Subject16Activity4Trial3Camera2.zip,3216377f891d540546c3b52037d4df3c48103a5714c3af4cf24e618122154a77,False,True,[],False
UP-Fall,upfall_s16_a05_t01_c1,upfall_subj_16,cam1,laboratory_room,16.62,9.865,164,640,480,True,fall_from_chair,0.436,2.518,2.575,CC-BY-4.0,test_a,G:/My Drive/upfall_real/Subject16Activity5Trial1Camera1.zip,0f2e3b24e30e3d7a82f0d10659fc39fe83ed11724a005f305c3f4ac997da06c1,False,True,[],False
UP-Fall,upfall_s16_a05_t01_c2,upfall_subj_16,cam2,laboratory_room,16.62,9.865,164,640,480,True,fall_from_chair,0.436,2.518,2.575,CC-BY-4.0,test_x,G:/My Drive/upfall_real/Subject16Activity5Trial1Camera2.zip,4ea6ba6d420ff0683571a1bb05202c967d85f219a57e620c58facb3bf1ce94a7,False,True,[],False
UP-Fall,upfall_s16_a05_t02_c1,upfall_subj_16,cam1,laboratory_room,17.11,9.938,170,640,480,True,fall_from_chair,0.266,2.703,2.749,CC-BY-4.0,test_a,G:/My Drive/upfall_real/Subject16Activity5Trial2Camera1.zip,a018a77706a2a9dd27d7ccb2795ce45d35acd393d8ca96473ff167bae06ae617,False,True,[],False
UP-Fall,upfall_s16_a05_t02_c2,upfall_subj_16,cam2,laboratory_room,17.11,9.938,170,640,480,True,fall_from_chair,0.266,2.703,2.749,CC-BY-4.0,test_x,G:/My Drive/upfall_real/Subject16Activity5Trial2Camera2.zip,d649759f86a8a6694808fa257571d68f05ed80c755486582ec22d137f3f77b1b,False,True,[],False
UP-Fall,upfall_s16_a05_t03_c1,upfall_subj_16,cam1,laboratory_room,15.25,9.899,151,640,480,True,fall_from_chair,0.211,3.051,3.106,CC-BY-4.0,test_b,G:/My Drive/upfall_real/Subject16Activity5Trial3Camera1.zip,72a0913b2b9b938958aafa7fde5bb14f567aa180cefccc6315a737f195fc6ba6,False,True,[],False
UP-Fall,upfall_s16_a05_t03_c2,upfall_subj_16,cam2,laboratory_room,15.25,9.899,151,640,480,True,fall_from_chair,0.211,3.051,3.106,CC-BY-4.0,test_b,G:/My Drive/upfall_real/Subject16Activity5Trial3Camera2.zip,c14c1c1500e04dc2dfbe1126e46a9f7fd4059c47013f0924900d648e38c661e9,False,True,[],False
UP-Fall,upfall_s16_a06_t01_c1,upfall_subj_16,cam1,laboratory_room,16.4,59.937,983,640,480,False,walking,,,,CC-BY-4.0,test_a,G:/My Drive/upfall_real/Subject16Activity6Trial1Camera1.zip,9145f861d948f9be8a51909cff847e7ac453cf30ad18052155ad778ceda266aa,False,True,[],False
UP-Fall,upfall_s16_a06_t01_c2,upfall_subj_16,cam2,laboratory_room,16.4,59.937,983,640,480,False,walking,,,,CC-BY-4.0,test_x,G:/My Drive/upfall_real/Subject16Activity6Trial1Camera2.zip,a5f22850cf8321dd04602d1d7ce4f6b493257bcc3200661e8919d6a8e7369e81,False,True,[],False
UP-Fall,upfall_s16_a06_t02_c1,upfall_subj_16,cam1,laboratory_room,15.99,59.931,958,640,480,False,walking,,,,CC-BY-4.0,test_a,G:/My Drive/upfall_real/Subject16Activity6Trial2Camera1.zip,3f5d00337551d3db8bb46a4c2b81aeb2d9399a49c2da8cbda5d1be7477f5ccce,False,True,[],False
UP-Fall,upfall_s16_a06_t02_c2,upfall_subj_16,cam2,laboratory_room,15.99,59.931,958,640,480,False,walking,,,,CC-BY-4.0,test_x,G:/My Drive/upfall_real/Subject16Activity6Trial2Camera2.zip,c34e7de81d328abab1a070a37613e90f5acdf0f721ef4448032c13abd26244c6,False,True,[],False
UP-Fall,upfall_s16_a06_t03_c1,upfall_subj_16,cam1,laboratory_room,15.64,59.915,937,640,480,False,walking,,,,CC-BY-4.0,test_b,G:/My Drive/upfall_real/Subject16Activity6Trial3Camera1.zip,5d40d36849133912c79d99937502c3445cac975bad9a456583ab35b782125b85,False,True,[],False
UP-Fall,upfall_s16_a06_t03_c2,upfall_subj_16,cam2,laboratory_room,15.64,59.915,937,640,480,False,walking,,,,CC-BY-4.0,test_b,G:/My Drive/upfall_real/Subject16Activity6Trial3Camera2.zip,f5278deddbc5b062b709c4d701c9ea9c4e5539ff19a8f9848398526eee0a0194,False,True,[],False
UP-Fall,upfall_s16_a07_t01_c1,upfall_subj_16,cam1,laboratory_room,16.46,59.975,987,640,480,False,standing,,,,CC-BY-4.0,test_a,G:/My Drive/upfall_real/Subject16Activity7Trial1Camera1.zip,e8c0e652181af16841108a0a4ac4f02b1e4cfdc432696d33ee0cd8c1209280a1,False,True,[],False
UP-Fall,upfall_s16_a07_t01_c2,upfall_subj_16,cam2,laboratory_room,16.46,59.975,987,640,480,False,standing,,,,CC-BY-4.0,test_x,G:/My Drive/upfall_real/Subject16Activity7Trial1Camera2.zip,5ea9af800cf996167a658d1252d2c04407a6052dbcd7ed7b90271c0e6e3196de,False,True,[],False
UP-Fall,upfall_s16_a07_t02_c1,upfall_subj_16,cam1,laboratory_room,16.57,59.942,993,640,480,False,standing,,,,CC-BY-4.0,test_a,G:/My Drive/upfall_real/Subject16Activity7Trial2Camera1.zip,5da6208823c2a23fcd0358a1dfe864cab9154da458868e47efdfaa48488e5bb1,False,True,[],False
UP-Fall,upfall_s16_a07_t02_c2,upfall_subj_16,cam2,laboratory_room,16.57,59.942,993,640,480,False,standing,,,,CC-BY-4.0,test_x,G:/My Drive/upfall_real/Subject16Activity7Trial2Camera2.zip,21462e08fb0172e26d9bdbed21d12cf436debf02a49c066a2c35c6d334d44159,False,True,[],False
UP-Fall,upfall_s16_a07_t03_c1,upfall_subj_16,cam1,laboratory_room,16.53,59.94,991,640,480,False,standing,,,,CC-BY-4.0,test_b,G:/My Drive/upfall_real/Subject16Activity7Trial3Camera1.zip,d7448ec256c6c0cff3877347bc731e9349da2205d67e6c415a79a50f7c35107f,False,True,[],False
UP-Fall,upfall_s16_a07_t03_c2,upfall_subj_16,cam2,laboratory_room,16.53,59.94,991,640,480,False,standing,,,,CC-BY-4.0,test_b,G:/My Drive/upfall_real/Subject16Activity7Trial3Camera2.zip,4682f1e72762473aa8ffc76bd061f3a901ef49381b00eeade36327e3258d63fb,False,True,[],False
UP-Fall,upfall_s16_a08_t01_c1,upfall_subj_16,cam1,laboratory_room,16.86,59.599,1005,640,480,False,sitting,,,,CC-BY-4.0,test_a,G:/My Drive/upfall_real/Subject16Activity8Trial1Camera1.zip,f665c38b5b7d6cbd6c2a64e5870edbfa342213757b926a85c972ca431c1ccbe1,False,True,[],False
UP-Fall,upfall_s16_a08_t01_c2,upfall_subj_16,cam2,laboratory_room,16.86,59.599,1005,640,480,False,sitting,,,,CC-BY-4.0,test_x,G:/My Drive/upfall_real/Subject16Activity8Trial1Camera2.zip,57f554bfb323033616bdbae0509ddb75b59c71fc9d0cedd77715b55e2ebe8cf8,False,True,[],False
UP-Fall,upfall_s16_a08_t02_c1,upfall_subj_16,cam1,laboratory_room,16.32,59.934,978,640,480,False,sitting,,,,CC-BY-4.0,test_a,G:/My Drive/upfall_real/Subject16Activity8Trial2Camera1.zip,eecc989f50fc661fe84a228fff81ef2b0e243ce8b4a7994151e4140c699e7c41,False,True,[],False
UP-Fall,upfall_s16_a08_t02_c2,upfall_subj_16,cam2,laboratory_room,16.32,59.934,978,640,480,False,sitting,,,,CC-BY-4.0,test_x,G:/My Drive/upfall_real/Subject16Activity8Trial2Camera2.zip,7317865e7746906cbba05b85f7d92b1be727a07eff471839824035850b218dcd,False,True,[],False
UP-Fall,upfall_s16_a08_t03_c1,upfall_subj_16,cam1,laboratory_room,16.29,59.972,977,640,480,False,sitting,,,,CC-BY-4.0,test_b,G:/My Drive/upfall_real/Subject16Activity8Trial3Camera1.zip,cc34baf2c3d2d5eb078ab1472cabb1f885a076b6ed976a6b9308db7302bd768b,False,True,[],False
UP-Fall,upfall_s16_a08_t03_c2,upfall_subj_16,cam2,laboratory_room,16.29,59.972,977,640,480,False,sitting,,,,CC-BY-4.0,test_b,G:/My Drive/upfall_real/Subject16Activity8Trial3Camera2.zip,75a980fa32dea5312ed0591c328f97e0c3aa430cf1a07100b2b38a5ec771e088,False,True,[],False
UP-Fall,upfall_s16_a09_t01_c1,upfall_subj_16,cam1,laboratory_room,15.97,9.896,158,640,480,False,picking_up_object,,,,CC-BY-4.0,test_a,G:/My Drive/upfall_real/Subject16Activity9Trial1Camera1.zip,36d1eb0cf7d964f049e13e0f25de15d788ad79f1a044f813427c665e44c272e9,False,True,[],False
UP-Fall,upfall_s16_a09_t01_c2,upfall_subj_16,cam2,laboratory_room,15.97,9.896,158,640,480,False,picking_up_object,,,,CC-BY-4.0,test_x,G:/My Drive/upfall_real/Subject16Activity9Trial1Camera2.zip,0ca521ddcb8f842d60694842695253aa7eb3d8f716b5aefc0e55d21fe0c4193d,False,True,[],False
UP-Fall,upfall_s16_a09_t02_c1,upfall_subj_16,cam1,laboratory_room,14.98,9.947,149,640,480,False,picking_up_object,,,,CC-BY-4.0,test_a,G:/My Drive/upfall_real/Subject16Activity9Trial2Camera1.zip,aab0ecb8d7cd32e7269c1acf466eb98e9d86b856c28bc51a55e1644bea819223,False,True,[],False
UP-Fall,upfall_s16_a09_t02_c2,upfall_subj_16,cam2,laboratory_room,14.98,9.947,149,640,480,False,picking_up_object,,,,CC-BY-4.0,test_x,G:/My Drive/upfall_real/Subject16Activity9Trial2Camera2.zip,399a0475b54b9f8a0a3c2f0aacb854e89fdb1bc3682b1ca9cabc263e3442821f,False,True,[],False
UP-Fall,upfall_s16_a09_t03_c1,upfall_subj_16,cam1,laboratory_room,14.3,9.858,141,640,480,False,picking_up_object,,,,CC-BY-4.0,test_b,G:/My Drive/upfall_real/Subject16Activity9Trial3Camera1.zip,aada67af3f00cc76869c08ad9339443b3489108cfe1fc5f12197cf01524b0786,False,True,[],False
UP-Fall,upfall_s16_a09_t03_c2,upfall_subj_16,cam2,laboratory_room,14.3,9.858,141,640,480,False,picking_up_object,,,,CC-BY-4.0,test_b,G:/My Drive/upfall_real/Subject16Activity9Trial3Camera2.zip,f777b6eb571181c304df5956d22b7707d0f4ecf594a37f598ebb587224ee1d96,False,True,[],False
UP-Fall,upfall_s17_a10_t01_c1,upfall_subj_17,cam1,laboratory_room,18.18,29.927,544,640,480,False,jumping,,,,CC-BY-4.0,test_a,G:/My Drive/upfall_real/Subject17Activity10Trial1Camera1.zip,b417e33f7a695d20eb18ca7d133a2008b55afd84406f9ba80fc74e5673489ba3,False,True,[],False
UP-Fall,upfall_s17_a10_t01_c2,upfall_subj_17,cam2,laboratory_room,18.18,29.927,544,640,480,False,jumping,,,,CC-BY-4.0,test_x,G:/My Drive/upfall_real/Subject17Activity10Trial1Camera2.zip,9388aafea45dcbe846778851b1978a1d5362eaba12ba1e2f6dee81d27aa52c3a,False,True,[],False
UP-Fall,upfall_s17_a10_t02_c1,upfall_subj_17,cam1,laboratory_room,17.49,29.9,523,640,480,False,jumping,,,,CC-BY-4.0,test_a,G:/My Drive/upfall_real/Subject17Activity10Trial2Camera1.zip,687a89588638780ba8c06b199af4b49ec85deafb8c5e2a91d95aeec8a775d4fa,False,True,[],False
UP-Fall,upfall_s17_a10_t02_c2,upfall_subj_17,cam2,laboratory_room,17.49,29.9,523,640,480,False,jumping,,,,CC-BY-4.0,test_x,G:/My Drive/upfall_real/Subject17Activity10Trial2Camera2.zip,98920d39dd634a13dbd8c0fe9f11e24b448042e0411f5d41b11d57498cfc0dd8,False,True,[],False
UP-Fall,upfall_s17_a10_t03_c1,upfall_subj_17,cam1,laboratory_room,18.04,29.484,532,640,480,False,jumping,,,,CC-BY-4.0,test_b,G:/My Drive/upfall_real/Subject17Activity10Trial3Camera1.zip,629d67d3fdeb3e24bcef731d4f3f7379bb54ccfbd41691098618f2d4174289e2,False,True,[],False
UP-Fall,upfall_s17_a10_t03_c2,upfall_subj_17,cam2,laboratory_room,18.04,29.484,532,640,480,False,jumping,,,,CC-BY-4.0,test_b,G:/My Drive/upfall_real/Subject17Activity10Trial3Camera2.zip,d39af613564ea072467ee8422f8bba2b2357de8c23e59a4cf20e251c48480613,False,True,[],False
UP-Fall,upfall_s17_a11_t01_c1,upfall_subj_17,cam1,laboratory_room,17.59,59.908,1054,640,480,False,lying_down,,,,CC-BY-4.0,test_a,G:/My Drive/upfall_real/Subject17Activity11Trial1Camera1.zip,79183a080893c70142500eb6d0a9a36bbf69d2aa7f59c7520e6aa4968dd0ba1d,False,True,[],False
UP-Fall,upfall_s17_a11_t01_c2,upfall_subj_17,cam2,laboratory_room,17.59,59.908,1054,640,480,False,lying_down,,,,CC-BY-4.0,test_x,G:/My Drive/upfall_real/Subject17Activity11Trial1Camera2.zip,c0f366be375fc6ced740d10a77f228a8cdc8d4911fe2765e524bd9a7d3174364,False,True,[],False
UP-Fall,upfall_s17_a11_t02_c1,upfall_subj_17,cam1,laboratory_room,17.51,59.921,1049,640,480,False,lying_down,,,,CC-BY-4.0,test_a,G:/My Drive/upfall_real/Subject17Activity11Trial2Camera1.zip,59feb922f3ef172f5f270ab79c97111f2ea241cef73eca26339d89e22cab0f7a,False,True,[],False
UP-Fall,upfall_s17_a11_t02_c2,upfall_subj_17,cam2,laboratory_room,17.51,59.921,1049,640,480,False,lying_down,,,,CC-BY-4.0,test_x,G:/My Drive/upfall_real/Subject17Activity11Trial2Camera2.zip,89fc002316b1b5d2dae1f3eba44dc941b36881806c2c6a2452454c6109187a44,False,True,[],False
UP-Fall,upfall_s17_a11_t03_c1,upfall_subj_17,cam1,laboratory_room,17.27,59.975,1036,640,480,False,lying_down,,,,CC-BY-4.0,test_b,G:/My Drive/upfall_real/Subject17Activity11Trial3Camera1.zip,be42dcecab26fa1d39fe2ad5baa3f1148169ae8d7912a6dafc2836246cfbf2aa,False,True,[],False
UP-Fall,upfall_s17_a11_t03_c2,upfall_subj_17,cam2,laboratory_room,17.27,59.975,1036,640,480,False,lying_down,,,,CC-BY-4.0,test_b,G:/My Drive/upfall_real/Subject17Activity11Trial3Camera2.zip,b91b8b9762278131b73c4a7dcf404ed97df51fb88daa615d263ecd3b7de705db,False,True,[],False
UP-Fall,upfall_s17_a01_t01_c1,upfall_subj_17,cam1,laboratory_room,16.96,9.906,168,640,480,True,fall_forward_hands,0.655,2.92,2.985,CC-BY-4.0,test_a,G:/My Drive/upfall_real/Subject17Activity1Trial1Camera1.zip,cac6c2436a1c0db65c2ca43ed4c0918f1e7ccba5ac1ca6dfcf612fda177d1990,False,True,[],False
UP-Fall,upfall_s17_a01_t01_c2,upfall_subj_17,cam2,laboratory_room,16.96,9.906,168,640,480,True,fall_forward_hands,0.655,2.92,2.985,CC-BY-4.0,test_x,G:/My Drive/upfall_real/Subject17Activity1Trial1Camera2.zip,74efd5acaff5b9a778ccfc9b5bff684e150746a8a3d9dacbdac042d990e4783f,False,True,[],False
UP-Fall,upfall_s17_a01_t02_c1,upfall_subj_17,cam1,laboratory_room,17.79,9.951,177,640,480,True,fall_forward_hands,0.784,9.951,,CC-BY-4.0,test_a,G:/My Drive/upfall_real/Subject17Activity1Trial2Camera1.zip,fd93d2eca63f92e3dc25fcb28efb9ba21f779672acdb783b657b7a856a83d31b,False,True,[],False
UP-Fall,upfall_s17_a01_t02_c2,upfall_subj_17,cam2,laboratory_room,17.79,9.951,177,640,480,True,fall_forward_hands,0.784,9.951,,CC-BY-4.0,test_x,G:/My Drive/upfall_real/Subject17Activity1Trial2Camera2.zip,96e57a3d92e4cbd4975c22ea2166e718441b8f4cc20fed9e151dd781c6184535,False,True,[],False
UP-Fall,upfall_s17_a01_t03_c1,upfall_subj_17,cam1,laboratory_room,17.04,9.921,169,640,480,True,fall_forward_hands,0.653,3.714,3.886,CC-BY-4.0,test_b,G:/My Drive/upfall_real/Subject17Activity1Trial3Camera1.zip,5976675c9a541257cbe4d7f713cf5f650d470ab6399850bb9e87f4496576b123,False,True,[],False
UP-Fall,upfall_s17_a01_t03_c2,upfall_subj_17,cam2,laboratory_room,17.04,9.921,169,640,480,True,fall_forward_hands,0.653,3.714,3.886,CC-BY-4.0,test_b,G:/My Drive/upfall_real/Subject17Activity1Trial3Camera2.zip,b7db507d0ff6e74521884ff957a11497827cbd8b30c5b92e5603861aa61c90a3,False,True,[],False
UP-Fall,upfall_s17_a02_t01_c1,upfall_subj_17,cam1,laboratory_room,18.31,9.938,182,640,480,True,fall_forward_knees,0.726,3.166,3.285,CC-BY-4.0,test_a,G:/My Drive/upfall_real/Subject17Activity2Trial1Camera1.zip,96869ab9c4e1f5c42beae58d49976e8ebe735b71cf61387357922b8fc3f81d70,False,True,[],False
UP-Fall,upfall_s17_a02_t01_c2,upfall_subj_17,cam2,laboratory_room,18.31,9.938,182,640,480,True,fall_forward_knees,0.726,3.166,3.285,CC-BY-4.0,test_x,G:/My Drive/upfall_real/Subject17Activity2Trial1Camera2.zip,4005a7e55d1babdc8f9bd06143749acf351819156397fe8b2d2ec3c47e56587f,False,True,[],False
UP-Fall,upfall_s17_a02_t02_c1,upfall_subj_17,cam1,laboratory_room,18.46,9.966,184,640,480,True,fall_forward_knees,0.202,2.919,2.968,CC-BY-4.0,test_a,G:/My Drive/upfall_real/Subject17Activity2Trial2Camera1.zip,9553c2b4d69e7f17c65bfbc9af1982ec383a355e010a7b4febcf2d8892ca756b,False,True,[],False
UP-Fall,upfall_s17_a02_t02_c2,upfall_subj_17,cam2,laboratory_room,18.46,9.966,184,640,480,True,fall_forward_knees,0.202,2.919,2.968,CC-BY-4.0,test_x,G:/My Drive/upfall_real/Subject17Activity2Trial2Camera2.zip,3a633292dd5c30ca86ea215cd6b8880f87a456e8ea0ef3f96af653af74376aba,False,True,[],False
UP-Fall,upfall_s17_a02_t03_c1,upfall_subj_17,cam1,laboratory_room,18.56,9.97,185,640,480,True,fall_forward_knees,0.607,3.093,3.158,CC-BY-4.0,test_b,G:/My Drive/upfall_real/Subject17Activity2Trial3Camera1.zip,3d066e73de0ab05070728f8e159c435687d10b9de29a42c29ae2202ca5addd6e,False,True,[],False
UP-Fall,upfall_s17_a02_t03_c2,upfall_subj_17,cam2,laboratory_room,18.56,9.97,185,640,480,True,fall_forward_knees,0.607,3.093,3.158,CC-BY-4.0,test_b,G:/My Drive/upfall_real/Subject17Activity2Trial3Camera2.zip,154f502d7eb86babc5f83d38e3bd498b391070d25c1268d328d433c826cf4aa6,False,True,[],False
UP-Fall,upfall_s17_a03_t01_c1,upfall_subj_17,cam1,laboratory_room,18.7,9.949,186,640,480,True,fall_backward,0.901,2.635,2.69,CC-BY-4.0,test_a,G:/My Drive/upfall_real/Subject17Activity3Trial1Camera1.zip,a621288f1954e11e56d2692cb48761d81090ce64b5495d49df00fec43b782c47,False,True,[],False
UP-Fall,upfall_s17_a03_t01_c2,upfall_subj_17,cam2,laboratory_room,18.7,9.949,186,640,480,True,fall_backward,0.901,2.635,2.69,CC-BY-4.0,test_x,G:/My Drive/upfall_real/Subject17Activity3Trial1Camera2.zip,8dd5da97000ddc4fde406b397763e7c5dbf028ed0ea86457719ba4dabd00ce95,False,True,[],False
UP-Fall,upfall_s17_a03_t02_c1,upfall_subj_17,cam1,laboratory_room,18.49,9.951,184,640,480,True,fall_backward,0.594,3.328,3.372,CC-BY-4.0,test_a,G:/My Drive/upfall_real/Subject17Activity3Trial2Camera1.zip,7bb29c2100d0019d520721c842bf1507b7998944e973f3e18526375d23a77660,False,True,[],False
UP-Fall,upfall_s17_a03_t02_c2,upfall_subj_17,cam2,laboratory_room,18.49,9.951,184,640,480,True,fall_backward,0.594,3.328,3.372,CC-BY-4.0,test_x,G:/My Drive/upfall_real/Subject17Activity3Trial2Camera2.zip,7d25e61d4d16dd6c9debf15f2c9f446a9f774bb31fec9a44b314b3d07026f3a6,False,True,[],False
UP-Fall,upfall_s17_a03_t03_c1,upfall_subj_17,cam1,laboratory_room,18.48,9.955,184,640,480,True,fall_backward,1.165,3.14,3.209,CC-BY-4.0,test_b,G:/My Drive/upfall_real/Subject17Activity3Trial3Camera1.zip,8ee0cd6bc11c8d0a2c81aaf9a86e1956a05ceeb1463dc3817bfb2f46e8937ed3,False,True,[],False
UP-Fall,upfall_s17_a03_t03_c2,upfall_subj_17,cam2,laboratory_room,18.48,9.955,184,640,480,True,fall_backward,1.165,3.14,3.209,CC-BY-4.0,test_b,G:/My Drive/upfall_real/Subject17Activity3Trial3Camera2.zip,d559d06256ab88f2383a077ce16e87d18d3fec00c88cc6965a1bd0b12665b2c4,False,True,[],False
UP-Fall,upfall_s17_a04_t01_c1,upfall_subj_17,cam1,laboratory_room,18.93,9.93,188,640,480,True,fall_sideways,0.909,2.459,2.506,CC-BY-4.0,test_a,G:/My Drive/upfall_real/Subject17Activity4Trial1Camera1.zip,718512968802726ac55d780d0e485051a90ad1a4b88fd1e9892b809b0cde9dec,False,True,[],False
UP-Fall,upfall_s17_a04_t01_c2,upfall_subj_17,cam2,laboratory_room,18.93,9.93,188,640,480,True,fall_sideways,0.909,2.459,2.506,CC-BY-4.0,test_x,G:/My Drive/upfall_real/Subject17Activity4Trial1Camera2.zip,bde529eb0fd8d658e16971057f4b0ab0b4a2fb34af02a1592df00731e40f829c,False,True,[],False
UP-Fall,upfall_s17_a04_t02_c1,upfall_subj_17,cam1,laboratory_room,18.63,9.931,185,640,480,True,fall_sideways,0.556,2.604,2.663,CC-BY-4.0,test_a,G:/My Drive/upfall_real/Subject17Activity4Trial2Camera1.zip,beaca8218ee4ef5074303bb42c52a086525500ba4eec61ed1f6139b0533d6698,False,True,[],False
UP-Fall,upfall_s17_a04_t02_c2,upfall_subj_17,cam2,laboratory_room,18.63,9.931,185,640,480,True,fall_sideways,0.556,2.604,2.663,CC-BY-4.0,test_x,G:/My Drive/upfall_real/Subject17Activity4Trial2Camera2.zip,c41ac09fffd32d4b9cec2ac9b9465de65d829dd2e66aab1d0b8f8dfae452e3b2,False,True,[],False
UP-Fall,upfall_s17_a04_t03_c1,upfall_subj_17,cam1,laboratory_room,17.7,9.945,176,640,480,True,fall_sideways,0.278,2.1,2.147,CC-BY-4.0,test_b,G:/My Drive/upfall_real/Subject17Activity4Trial3Camera1.zip,ff4d6032dc75e358ed0639c862192a2993332123476cf420982a758cb8d1fd38,False,True,[],False
UP-Fall,upfall_s17_a04_t03_c2,upfall_subj_17,cam2,laboratory_room,17.7,9.945,176,640,480,True,fall_sideways,0.278,2.1,2.147,CC-BY-4.0,test_b,G:/My Drive/upfall_real/Subject17Activity4Trial3Camera2.zip,e6c62169daee617906fa7cf8ac18979bfba50daacee3a4e09f3eadde64c3adfd,False,True,[],False
UP-Fall,upfall_s17_a05_t01_c1,upfall_subj_17,cam1,laboratory_room,18.29,9.952,182,640,480,True,fall_from_chair,0.936,3.182,3.249,CC-BY-4.0,test_a,G:/My Drive/upfall_real/Subject17Activity5Trial1Camera1.zip,2abfcd3b5b9af7a3c269cc94788a1593afb271128b1e4868de56b7d0141f59c5,False,True,[],False
UP-Fall,upfall_s17_a05_t01_c2,upfall_subj_17,cam2,laboratory_room,18.29,9.952,182,640,480,True,fall_from_chair,0.936,3.182,3.249,CC-BY-4.0,test_x,G:/My Drive/upfall_real/Subject17Activity5Trial1Camera2.zip,3b620e8a98cd9f4f75dd26ed15086ac089b597dbd69e8b47bf953206967ae132,False,True,[],False
UP-Fall,upfall_s17_a05_t02_c1,upfall_subj_17,cam1,laboratory_room,18.14,9.924,180,640,480,True,fall_from_chair,0.706,3.38,3.427,CC-BY-4.0,test_a,G:/My Drive/upfall_real/Subject17Activity5Trial2Camera1.zip,66c611ec89d57fa2227a5ea87730a4fe4e8e4cf8418239eafa7c5d0dfb8be6eb,False,True,[],False
UP-Fall,upfall_s17_a05_t02_c2,upfall_subj_17,cam2,laboratory_room,18.14,9.924,180,640,480,True,fall_from_chair,0.706,3.38,3.427,CC-BY-4.0,test_x,G:/My Drive/upfall_real/Subject17Activity5Trial2Camera2.zip,85f6dbac86987a18a5e561b255c9e550eab20f19db95afe1eac161610db30352,False,True,[],False
UP-Fall,upfall_s17_a05_t03_c1,upfall_subj_17,cam1,laboratory_room,17.89,9.896,177,640,480,True,fall_from_chair,1.048,3.356,3.423,CC-BY-4.0,test_b,G:/My Drive/upfall_real/Subject17Activity5Trial3Camera1.zip,3cd83ac6e49fd94d64f4e031d75989de70f3b21aee581f3e89e97ab3e00b6e8f,False,True,[],False
UP-Fall,upfall_s17_a05_t03_c2,upfall_subj_17,cam2,laboratory_room,17.89,9.896,177,640,480,True,fall_from_chair,1.048,3.356,3.423,CC-BY-4.0,test_b,G:/My Drive/upfall_real/Subject17Activity5Trial3Camera2.zip,f2c0993ed8e51841bce5dddadff80882a7ee2f66c0fd479947d2c9eb3a836d5a,False,True,[],False
UP-Fall,upfall_s17_a06_t01_c1,upfall_subj_17,cam1,laboratory_room,18.21,59.918,1091,640,480,False,walking,,,,CC-BY-4.0,test_a,G:/My Drive/upfall_real/Subject17Activity6Trial1Camera1.zip,d0b38f54658f0bce2db9ded4f345f2eef48d1f14ce6eb63fb5945ac8d73db961,False,True,[],False
UP-Fall,upfall_s17_a06_t01_c2,upfall_subj_17,cam2,laboratory_room,18.21,59.918,1091,640,480,False,walking,,,,CC-BY-4.0,test_x,G:/My Drive/upfall_real/Subject17Activity6Trial1Camera2.zip,a09d6b0a2b326b204f61245ce5372f9d179e249e79c79bf1ba668001b45d6f86,False,True,[],False
UP-Fall,upfall_s17_a06_t02_c1,upfall_subj_17,cam1,laboratory_room,18.11,59.927,1085,640,480,False,walking,,,,CC-BY-4.0,test_a,G:/My Drive/upfall_real/Subject17Activity6Trial2Camera1.zip,eea5a223980987fbbdb1e59029a9ed6b7311d21bfef4f0cca9b972922d22f228,False,True,[],False
UP-Fall,upfall_s17_a06_t02_c2,upfall_subj_17,cam2,laboratory_room,18.11,59.927,1085,640,480,False,walking,,,,CC-BY-4.0,test_x,G:/My Drive/upfall_real/Subject17Activity6Trial2Camera2.zip,32772f47c10dda3ac1fd07a86b0b1311be3e46098bace2143ec7142780b115e9,False,True,[],False
UP-Fall,upfall_s17_a06_t03_c1,upfall_subj_17,cam1,laboratory_room,18.01,59.852,1078,640,480,False,walking,,,,CC-BY-4.0,test_b,G:/My Drive/upfall_real/Subject17Activity6Trial3Camera1.zip,a231191fcea2d6467ad76ada12befac86c21bee744e0b09ceb81cd8d18dfd7af,False,True,[],False
UP-Fall,upfall_s17_a06_t03_c2,upfall_subj_17,cam2,laboratory_room,18.01,59.852,1078,640,480,False,walking,,,,CC-BY-4.0,test_b,G:/My Drive/upfall_real/Subject17Activity6Trial3Camera2.zip,b1f2d3c103280c31a58de84ae5cc458553460fa928aac79c3e113e3bad2f42ef,False,True,[],False
UP-Fall,upfall_s17_a07_t01_c1,upfall_subj_17,cam1,laboratory_room,16.97,59.978,1018,640,480,False,standing,,,,CC-BY-4.0,test_a,G:/My Drive/upfall_real/Subject17Activity7Trial1Camera1.zip,ac6cedf8442e47d8ab44cb7a32ddba29371f3ff9aba34dcc5659f7911ab87071,False,True,[],False
UP-Fall,upfall_s17_a07_t01_c2,upfall_subj_17,cam2,laboratory_room,16.97,59.978,1018,640,480,False,standing,,,,CC-BY-4.0,test_x,G:/My Drive/upfall_real/Subject17Activity7Trial1Camera2.zip,b90f36f5746fccdc6baa7e1c913cc63c9d157da33885c03b59c15aabae0b34d0,False,True,[],False
UP-Fall,upfall_s17_a07_t02_c1,upfall_subj_17,cam1,laboratory_room,16.61,59.952,996,640,480,False,standing,,,,CC-BY-4.0,test_a,G:/My Drive/upfall_real/Subject17Activity7Trial2Camera1.zip,e765e74c71de9bd2d2174fc0c13db06e3221d7ecbc5ab8c5ee8e058bd873a32e,False,True,[],False
UP-Fall,upfall_s17_a07_t02_c2,upfall_subj_17,cam2,laboratory_room,16.61,59.952,996,640,480,False,standing,,,,CC-BY-4.0,test_x,G:/My Drive/upfall_real/Subject17Activity7Trial2Camera2.zip,f13dc63154a52013bb646768e5193226fe8d5cd23088df7f3ca7d8387c351f6a,False,True,[],False
UP-Fall,upfall_s17_a07_t03_c1,upfall_subj_17,cam1,laboratory_room,16.69,59.917,1000,640,480,False,standing,,,,CC-BY-4.0,test_b,G:/My Drive/upfall_real/Subject17Activity7Trial3Camera1.zip,13729016f9bf5a1033f4b41610218c6316244f1def25452cede8f8dd33eaef99,False,True,[],False
UP-Fall,upfall_s17_a07_t03_c2,upfall_subj_17,cam2,laboratory_room,16.69,59.917,1000,640,480,False,standing,,,,CC-BY-4.0,test_b,G:/My Drive/upfall_real/Subject17Activity7Trial3Camera2.zip,ec61c7fc84e2911c17b94451c45bdeaa410149e989fba69233a17dd85d8763d7,False,True,[],False
UP-Fall,upfall_s17_a08_t01_c1,upfall_subj_17,cam1,laboratory_room,17.4,59.937,1043,640,480,False,sitting,,,,CC-BY-4.0,test_a,G:/My Drive/upfall_real/Subject17Activity8Trial1Camera1.zip,e855bc0eb045de692480627a60c5c0d1b63799237a3c4d13a73e8eb9406c2c6c,False,True,[],False
UP-Fall,upfall_s17_a08_t01_c2,upfall_subj_17,cam2,laboratory_room,17.4,59.937,1043,640,480,False,sitting,,,,CC-BY-4.0,test_x,G:/My Drive/upfall_real/Subject17Activity8Trial1Camera2.zip,6d72958931cfad1dae4899faf3750b33a49068d08ade1634e5caad1eb0c5c1c4,False,True,[],False
UP-Fall,upfall_s17_a08_t02_c1,upfall_subj_17,cam1,laboratory_room,17.64,59.921,1057,640,480,False,sitting,,,,CC-BY-4.0,test_a,G:/My Drive/upfall_real/Subject17Activity8Trial2Camera1.zip,6336a8098fba5821eee57a9d6eeea0021ec29af9b0a6db416fccdf4c944e5b6e,False,True,[],False
UP-Fall,upfall_s17_a08_t02_c2,upfall_subj_17,cam2,laboratory_room,17.64,59.921,1057,640,480,False,sitting,,,,CC-BY-4.0,test_x,G:/My Drive/upfall_real/Subject17Activity8Trial2Camera2.zip,651eb5944b8d26c905a95c3471084488c8aed3ca88b7c26dd3964f30c7bba48c,False,True,[],False
UP-Fall,upfall_s17_a08_t03_c1,upfall_subj_17,cam1,laboratory_room,17.71,59.91,1061,640,480,False,sitting,,,,CC-BY-4.0,test_b,G:/My Drive/upfall_real/Subject17Activity8Trial3Camera1.zip,60e880dfdfe0e075a6f80866e4a1043bb2a2b9e199a33f3cf52b3b362c3b46bd,False,True,[],False
UP-Fall,upfall_s17_a08_t03_c2,upfall_subj_17,cam2,laboratory_room,17.71,59.91,1061,640,480,False,sitting,,,,CC-BY-4.0,test_b,G:/My Drive/upfall_real/Subject17Activity8Trial3Camera2.zip,38ff1e26e13a81faab60e87801bf9d1ec60d64b2fee3a1b8988a6dcbdb2bb658,False,True,[],False
UP-Fall,upfall_s17_a09_t01_c1,upfall_subj_17,cam1,laboratory_room,18.28,9.955,182,640,480,False,picking_up_object,,,,CC-BY-4.0,test_a,G:/My Drive/upfall_real/Subject17Activity9Trial1Camera1.zip,301e00377d63b85abd76c953c355181db72e16f05dc25000b71d986fe72a4c8e,False,True,[],False
UP-Fall,upfall_s17_a09_t01_c2,upfall_subj_17,cam2,laboratory_room,18.28,9.955,182,640,480,False,picking_up_object,,,,CC-BY-4.0,test_x,G:/My Drive/upfall_real/Subject17Activity9Trial1Camera2.zip,cbf403aeb637ad1ee70e5e0dc292bcb346209c27fcaedc835d5dc9b152372c8b,False,True,[],False
UP-Fall,upfall_s17_a09_t02_c1,upfall_subj_17,cam1,laboratory_room,18.04,9.921,179,640,480,False,picking_up_object,,,,CC-BY-4.0,test_a,G:/My Drive/upfall_real/Subject17Activity9Trial2Camera1.zip,2bd793f756dba49dbe3a8b211c34cc07d51565438fcdf4142727a63f111786b1,False,True,[],False
UP-Fall,upfall_s17_a09_t02_c2,upfall_subj_17,cam2,laboratory_room,18.04,9.921,179,640,480,False,picking_up_object,,,,CC-BY-4.0,test_x,G:/My Drive/upfall_real/Subject17Activity9Trial2Camera2.zip,53e89ebadf480f987b5bef9de2b5198122c5f5e0fba45536d9d3621728f43a54,False,True,[],False
UP-Fall,upfall_s17_a09_t03_c1,upfall_subj_17,cam1,laboratory_room,17.76,9.908,176,640,480,False,picking_up_object,,,,CC-BY-4.0,test_b,G:/My Drive/upfall_real/Subject17Activity9Trial3Camera1.zip,ee62158b35a8d240aad362cfef3390d5b43b1cb96e197a8ce6db984c2886e3d9,False,True,[],False
UP-Fall,upfall_s17_a09_t03_c2,upfall_subj_17,cam2,laboratory_room,17.76,9.908,176,640,480,False,picking_up_object,,,,CC-BY-4.0,test_b,G:/My Drive/upfall_real/Subject17Activity9Trial3Camera2.zip,e386476464f27577053e53835645611771887ecf22bbf650cc071461a8f01db1,False,True,[],False
UP-Fall,upfall_s01_a10_t01_c1,upfall_subj_01,cam1,laboratory_room,17.7,29.943,530,640,480,False,jumping,,,,CC-BY-4.0,dev,G:/My Drive/upfall_real/Subject1Activity10Trial1Camera1.zip,d17da6fdda00eb3a4804fb36f751e92a2318dc8b631a0e2d9573480b76d74743,False,True,[],False
UP-Fall,upfall_s01_a10_t01_c2,upfall_subj_01,cam2,laboratory_room,17.7,29.943,530,640,480,False,jumping,,,,CC-BY-4.0,dev,G:/My Drive/upfall_real/Subject1Activity10Trial1Camera2.zip,f14019db154d61b3b64554d774ce1a7a5cbbc39b149b540ab05d42c9df0510b7,False,True,[],False
UP-Fall,upfall_s01_a10_t02_c1,upfall_subj_01,cam1,laboratory_room,17.54,29.926,525,640,480,False,jumping,,,,CC-BY-4.0,dev,G:/My Drive/upfall_real/Subject1Activity10Trial2Camera1.zip,aaa8f9601136ed5999bbda15d96f0b2199e43c0486a12b5a9e606eab791a569a,False,True,[],False
UP-Fall,upfall_s01_a10_t02_c2,upfall_subj_01,cam2,laboratory_room,17.54,29.926,525,640,480,False,jumping,,,,CC-BY-4.0,dev,G:/My Drive/upfall_real/Subject1Activity10Trial2Camera2.zip,3b4681384844de136fa81c143d660899b9d26d25c1eb0b24e5a04f0c56ea3550,False,True,[],False
UP-Fall,upfall_s01_a10_t03_c1,upfall_subj_01,cam1,laboratory_room,16.67,29.927,499,640,480,False,jumping,,,,CC-BY-4.0,dev,G:/My Drive/upfall_real/Subject1Activity10Trial3Camera1.zip,2436acc680b0b9c8d136633d308c5f8496a916bdeb61c9f087baa1eb31e63045,False,True,[],False
UP-Fall,upfall_s01_a10_t03_c2,upfall_subj_01,cam2,laboratory_room,16.67,29.927,499,640,480,False,jumping,,,,CC-BY-4.0,dev,G:/My Drive/upfall_real/Subject1Activity10Trial3Camera2.zip,17a8b6163bba82f26ce92f3ee0d4ccb0cef22191ce19313cb1d869cbf7cab608,False,True,[],False
UP-Fall,upfall_s01_a11_t01_c1,upfall_subj_01,cam1,laboratory_room,17.72,59.928,1062,640,480,False,lying_down,,,,CC-BY-4.0,dev,G:/My Drive/upfall_real/Subject1Activity11Trial1Camera1.zip,947c7878fbdfcdcd885eeffafdc0048e3c983d75a68a26443798f882576e7990,False,True,[],False
UP-Fall,upfall_s01_a11_t01_c2,upfall_subj_01,cam2,laboratory_room,17.72,59.928,1062,640,480,False,lying_down,,,,CC-BY-4.0,dev,G:/My Drive/upfall_real/Subject1Activity11Trial1Camera2.zip,60f8c91abf582986d5a1a00ff171e62229c277dcbabc7ce8a9a71a38cdbbc4e8,False,True,[],False
UP-Fall,upfall_s01_a11_t02_c1,upfall_subj_01,cam1,laboratory_room,17.36,59.836,1039,640,480,False,lying_down,,,,CC-BY-4.0,dev,G:/My Drive/upfall_real/Subject1Activity11Trial2Camera1.zip,48125907639d9c79e566a450f91b0e023d012c9274121b24d0e444995fa24133,False,True,[],False
UP-Fall,upfall_s01_a11_t02_c2,upfall_subj_01,cam2,laboratory_room,17.36,59.836,1039,640,480,False,lying_down,,,,CC-BY-4.0,dev,G:/My Drive/upfall_real/Subject1Activity11Trial2Camera2.zip,6c1f06c8ed63af83c31a7c5b5848b74a11e8041a6f9061aee57dc1833fd58783,False,True,[],False
UP-Fall,upfall_s01_a11_t03_c1,upfall_subj_01,cam1,laboratory_room,16.92,59.937,1014,640,480,False,lying_down,,,,CC-BY-4.0,dev,G:/My Drive/upfall_real/Subject1Activity11Trial3Camera1.zip,d75033c95597eea3c904f20337f6af34811a5259fc47cf56b09bb4432078b568,False,True,[],False
UP-Fall,upfall_s01_a11_t03_c2,upfall_subj_01,cam2,laboratory_room,16.92,59.937,1014,640,480,False,lying_down,,,,CC-BY-4.0,dev,G:/My Drive/upfall_real/Subject1Activity11Trial3Camera2.zip,430addda4ebf31e63afeee9b9709acec8f91012ebb60f33d88e90cb8d605707a,False,True,[],False
UP-Fall,upfall_s01_a01_t01_c1,upfall_subj_01,cam1,laboratory_room,19.74,9.881,195,640,480,True,fall_forward_hands,3.025,5.754,5.8,CC-BY-4.0,dev,G:/My Drive/upfall_real/Subject1Activity1Trial1Camera1.zip,963af49e519884f69b7e607069d27bc9afea3f3a9b496ffaf4cca7431bb1cc1d,False,True,[],False
UP-Fall,upfall_s01_a01_t01_c2,upfall_subj_01,cam2,laboratory_room,19.74,9.881,195,640,480,True,fall_forward_hands,3.025,5.754,5.8,CC-BY-4.0,dev,G:/My Drive/upfall_real/Subject1Activity1Trial1Camera2.zip,b45d7cc85ceb01bb30a182f69055b929218793dbd3eb1ab7d911bf7170d731da,False,True,[],False
UP-Fall,upfall_s01_a01_t02_c1,upfall_subj_01,cam1,laboratory_room,19.41,9.943,193,640,480,True,fall_forward_hands,0.44,3.001,3.047,CC-BY-4.0,dev,G:/My Drive/upfall_real/Subject1Activity1Trial2Camera1.zip,d404c5ec4581ca906e7006fbe31a96c447336f78131e0609b5ec1bc1dcaede07,False,True,[],False
UP-Fall,upfall_s01_a01_t02_c2,upfall_subj_01,cam2,laboratory_room,19.41,9.943,193,640,480,True,fall_forward_hands,0.44,3.001,3.047,CC-BY-4.0,dev,G:/My Drive/upfall_real/Subject1Activity1Trial2Camera2.zip,c8d076d486ea1a911ac5c2ba75c7889b433d052e9caa4718b6da923d55e65331,False,True,[],False
UP-Fall,upfall_s01_a02_t01_c1,upfall_subj_01,cam1,laboratory_room,15.83,9.917,157,640,480,True,fall_forward_knees,0.384,2.948,3.005,CC-BY-4.0,dev,G:/My Drive/upfall_real/Subject1Activity2Trial1Camera1.zip,0a8b501ab105d4811bf3139fe8b6b4614cd90c7a71f6759592df50a616bb2db3,False,True,[],False
UP-Fall,upfall_s01_a02_t01_c2,upfall_subj_01,cam2,laboratory_room,15.83,9.917,157,640,480,True,fall_forward_knees,0.384,2.948,3.005,CC-BY-4.0,dev,G:/My Drive/upfall_real/Subject1Activity2Trial1Camera2.zip,9d96a1dd1ec0bb7fab113d9de7c0c1151633ab4a7b00c16fe6d727684b4fdc70,False,True,[],False
UP-Fall,upfall_s01_a02_t02_c1,upfall_subj_01,cam1,laboratory_room,19.66,9.918,195,640,480,True,fall_forward_knees,0.584,3.038,3.088,CC-BY-4.0,dev,G:/My Drive/upfall_real/Subject1Activity2Trial2Camera1.zip,624a25f792627d6a3aa25b92e3a4c7fa84b0ed2b0857563165042efaa8c94ee1,False,True,[],False
UP-Fall,upfall_s01_a02_t02_c2,upfall_subj_01,cam2,laboratory_room,19.66,9.918,195,640,480,True,fall_forward_knees,0.584,3.038,3.088,CC-BY-4.0,dev,G:/My Drive/upfall_real/Subject1Activity2Trial2Camera2.zip,75733561fe8c29043963f383225fd0090052ff45d078869e4ac855e423a3d65b,False,True,[],False
UP-Fall,upfall_s01_a02_t03_c1,upfall_subj_01,cam1,laboratory_room,19.49,9.955,194,640,480,True,fall_forward_knees,0.438,3.046,3.092,CC-BY-4.0,dev,G:/My Drive/upfall_real/Subject1Activity2Trial3Camera1.zip,5150f6d56a5877ac4837c50a999cc140228372bf0061e726a3cf85900911d5b8,False,True,[],False
UP-Fall,upfall_s01_a02_t03_c2,upfall_subj_01,cam2,laboratory_room,19.49,9.955,194,640,480,True,fall_forward_knees,0.438,3.046,3.092,CC-BY-4.0,dev,G:/My Drive/upfall_real/Subject1Activity2Trial3Camera2.zip,cb34bd38da7a4a0a77e9b0efad30e9e687556a6db55fc73e6fa54a768aa5e529,False,True,[],False
UP-Fall,upfall_s01_a03_t01_c1,upfall_subj_01,cam1,laboratory_room,19.37,9.912,192,640,480,True,fall_backward,0.752,4.0,4.051,CC-BY-4.0,dev,G:/My Drive/upfall_real/Subject1Activity3Trial1Camera1.zip,df33f6484c2808bf91eacbaa590e9f6fe591546e124cb5e4da27501295d9074a,False,True,[],False
UP-Fall,upfall_s01_a03_t01_c2,upfall_subj_01,cam2,laboratory_room,19.37,9.912,192,640,480,True,fall_backward,0.752,4.0,4.051,CC-BY-4.0,dev,G:/My Drive/upfall_real/Subject1Activity3Trial1Camera2.zip,c5451056910f5de36a946111e8dfaafa9da6a1827022285fbd8dcf5f53eded33,False,True,[],False
UP-Fall,upfall_s01_a03_t02_c1,upfall_subj_01,cam1,laboratory_room,19.18,9.957,191,640,480,True,fall_backward,0.629,3.737,3.786,CC-BY-4.0,dev,G:/My Drive/upfall_real/Subject1Activity3Trial2Camera1.zip,b162b1a911fa8132340332b602c80426d1f0f177cd80439583be9281ec62b77f,False,True,[],False
UP-Fall,upfall_s01_a03_t02_c2,upfall_subj_01,cam2,laboratory_room,19.18,9.957,191,640,480,True,fall_backward,0.629,3.737,3.786,CC-BY-4.0,dev,G:/My Drive/upfall_real/Subject1Activity3Trial2Camera2.zip,8728428d366dd0bddff0c6e401dd716df335234ab7e02c2f10a2be79c193da2e,False,True,[],False
UP-Fall,upfall_s01_a03_t03_c1,upfall_subj_01,cam1,laboratory_room,19.15,9.923,190,640,480,True,fall_backward,0.463,3.211,3.256,CC-BY-4.0,dev,G:/My Drive/upfall_real/Subject1Activity3Trial3Camera1.zip,8c9130e49f1f6780fb206c9daf694093433f26d5d8911d933997c703d2f52fd6,False,True,[],False
UP-Fall,upfall_s01_a03_t03_c2,upfall_subj_01,cam2,laboratory_room,19.15,9.923,190,640,480,True,fall_backward,0.463,3.211,3.256,CC-BY-4.0,dev,G:/My Drive/upfall_real/Subject1Activity3Trial3Camera2.zip,fef2a8e65a2d6a04c2dce48f377fd01cbf815447c6fb9d54c9a5dca1dab37d0b,False,True,[],False
UP-Fall,upfall_s01_a04_t01_c1,upfall_subj_01,cam1,laboratory_room,19.05,9.921,189,640,480,True,fall_sideways,0.41,2.486,2.533,CC-BY-4.0,dev,G:/My Drive/upfall_real/Subject1Activity4Trial1Camera1.zip,30e9d4bc6da0f05644d4fea49c2720a594f1ed8333fa2bb023c00143d39cdc1a,False,True,[],False
UP-Fall,upfall_s01_a04_t01_c2,upfall_subj_01,cam2,laboratory_room,19.05,9.921,189,640,480,True,fall_sideways,0.41,2.486,2.533,CC-BY-4.0,dev,G:/My Drive/upfall_real/Subject1Activity4Trial1Camera2.zip,7c45f8b4d4b0d82dd7f94465863c75521ea2b69ff37a13db69ed68159502f9be,False,True,[],False
UP-Fall,upfall_s01_a04_t02_c1,upfall_subj_01,cam1,laboratory_room,19.28,9.906,191,640,480,True,fall_sideways,0.297,2.475,2.527,CC-BY-4.0,dev,G:/My Drive/upfall_real/Subject1Activity4Trial2Camera1.zip,c42ab2b42e229ccbe9ce08b17bc320808415ebaa40dc86c40339f18b305ac282,False,True,[],False
UP-Fall,upfall_s01_a04_t02_c2,upfall_subj_01,cam2,laboratory_room,19.28,9.906,191,640,480,True,fall_sideways,0.297,2.475,2.527,CC-BY-4.0,dev,G:/My Drive/upfall_real/Subject1Activity4Trial2Camera2.zip,1370aa2bf630fc9f4cb937f66df4a392e4dec7a973d175962da4584a8995538e,False,True,[],False
UP-Fall,upfall_s01_a04_t03_c1,upfall_subj_01,cam1,laboratory_room,19.42,9.937,193,640,480,True,fall_sideways,0.442,2.529,2.578,CC-BY-4.0,dev,G:/My Drive/upfall_real/Subject1Activity4Trial3Camera1.zip,a7e79305b1a2a2a2246ca8d63db1ae53f07b08df91f33fd34fa18ba47851f808,False,True,[],False
UP-Fall,upfall_s01_a04_t03_c2,upfall_subj_01,cam2,laboratory_room,19.42,9.937,193,640,480,True,fall_sideways,0.442,2.529,2.578,CC-BY-4.0,dev,G:/My Drive/upfall_real/Subject1Activity4Trial3Camera2.zip,a66703c64b9fcc7979328e13ee02ac4b82942db88b2a83564171f367559bd1cb,False,True,[],False
UP-Fall,upfall_s01_a05_t01_c1,upfall_subj_01,cam1,laboratory_room,19.02,9.938,189,640,480,True,fall_from_chair,0.346,3.224,3.269,CC-BY-4.0,dev,G:/My Drive/upfall_real/Subject1Activity5Trial1Camera1.zip,bc00c64d31151171b70cedb52d62e7419eeca359438152dc27f140dd3e99d71e,False,True,[],False
UP-Fall,upfall_s01_a05_t01_c2,upfall_subj_01,cam2,laboratory_room,19.02,9.938,189,640,480,True,fall_from_chair,0.346,3.224,3.269,CC-BY-4.0,dev,G:/My Drive/upfall_real/Subject1Activity5Trial1Camera2.zip,a6efcd57e7372f9524c041a70967c1297d3080e4a1bead79682bb1688e889b4e,False,True,[],False
UP-Fall,upfall_s01_a05_t02_c1,upfall_subj_01,cam1,laboratory_room,18.37,9.907,182,640,480,True,fall_from_chair,0.361,2.567,2.625,CC-BY-4.0,dev,G:/My Drive/upfall_real/Subject1Activity5Trial2Camera1.zip,a1851aea0935206061842e12dcde225a2c0d66e4eb28b7a9174484089dc1b0db,False,True,[],False
UP-Fall,upfall_s01_a05_t02_c2,upfall_subj_01,cam2,laboratory_room,18.37,9.907,182,640,480,True,fall_from_chair,0.361,2.567,2.625,CC-BY-4.0,dev,G:/My Drive/upfall_real/Subject1Activity5Trial2Camera2.zip,f970c15163b1da85790a87de3e029a1531e1332e2270423961b4c349a9d211c7,False,True,[],False
UP-Fall,upfall_s01_a05_t03_c1,upfall_subj_01,cam1,laboratory_room,18.83,9.931,187,640,480,True,fall_from_chair,0.447,3.243,3.29,CC-BY-4.0,dev,G:/My Drive/upfall_real/Subject1Activity5Trial3Camera1.zip,daf6a56417d0f00437601bed9913cea547152e01db0f3676ec73fd14c8eb6570,False,True,[],False
UP-Fall,upfall_s01_a05_t03_c2,upfall_subj_01,cam2,laboratory_room,18.83,9.931,187,640,480,True,fall_from_chair,0.447,3.243,3.29,CC-BY-4.0,dev,G:/My Drive/upfall_real/Subject1Activity5Trial3Camera2.zip,301117d9d84900898081e296b99f6b317eb0a9d17e07f906446e04e03e54f726,False,True,[],False
UP-Fall,upfall_s01_a06_t01_c1,upfall_subj_01,cam1,laboratory_room,18.92,59.894,1133,640,480,False,walking,,,,CC-BY-4.0,dev,G:/My Drive/upfall_real/Subject1Activity6Trial1Camera1.zip,6e1e2892b4b5112908005b437e18df37a40ea0c00ff039b9cc6ab984aeb98217,False,True,[],False
UP-Fall,upfall_s01_a06_t01_c2,upfall_subj_01,cam2,laboratory_room,18.92,59.894,1133,640,480,False,walking,,,,CC-BY-4.0,dev,G:/My Drive/upfall_real/Subject1Activity6Trial1Camera2.zip,adf2686239c6a50a0e3c955e891d0e0f002d9100ef4f7e5b6ed82aea21601de7,False,True,[],False
UP-Fall,upfall_s01_a06_t02_c1,upfall_subj_01,cam1,laboratory_room,18.78,59.861,1124,640,480,False,walking,,,,CC-BY-4.0,dev,G:/My Drive/upfall_real/Subject1Activity6Trial2Camera1.zip,80bfee3942c72963afa7b9a48cbcd23a0d85364bd90d00fa921e0e8fb4f8306f,False,True,[],False
UP-Fall,upfall_s01_a06_t02_c2,upfall_subj_01,cam2,laboratory_room,18.78,59.861,1124,640,480,False,walking,,,,CC-BY-4.0,dev,G:/My Drive/upfall_real/Subject1Activity6Trial2Camera2.zip,759e9464d2572e0460aa59ef32aa65d701fad70a63b6b4d771749a03621bd62e,False,True,[],False
UP-Fall,upfall_s01_a06_t03_c1,upfall_subj_01,cam1,laboratory_room,18.62,59.89,1115,640,480,False,walking,,,,CC-BY-4.0,dev,G:/My Drive/upfall_real/Subject1Activity6Trial3Camera1.zip,121fefb2553a0b6e74a023044e76ddd670e7dc412b47779002b6b061403d3955,False,True,[],False
UP-Fall,upfall_s01_a06_t03_c2,upfall_subj_01,cam2,laboratory_room,18.62,59.89,1115,640,480,False,walking,,,,CC-BY-4.0,dev,G:/My Drive/upfall_real/Subject1Activity6Trial3Camera2.zip,23ff1708007a921c120f478a5b443b13a75d67103b26bd06ed21134aac67916d,False,True,[],False
UP-Fall,upfall_s01_a07_t01_c1,upfall_subj_01,cam1,laboratory_room,18.69,59.987,1121,640,480,False,standing,,,,CC-BY-4.0,dev,G:/My Drive/upfall_real/Subject1Activity7Trial1Camera1.zip,72fb0ee406bf52eda42a147260719e8aa13ec8e07f8b6483eaf486527ed03760,False,True,[],False
UP-Fall,upfall_s01_a07_t01_c2,upfall_subj_01,cam2,laboratory_room,18.69,59.987,1121,640,480,False,standing,,,,CC-BY-4.0,dev,G:/My Drive/upfall_real/Subject1Activity7Trial1Camera2.zip,cae4b1f777a192612b708482bdd9f686363297da029791b1553c8bf09acaceae,False,True,[],False
UP-Fall,upfall_s01_a07_t02_c1,upfall_subj_01,cam1,laboratory_room,18.38,59.888,1101,640,480,False,standing,,,,CC-BY-4.0,dev,G:/My Drive/upfall_real/Subject1Activity7Trial2Camera1.zip,4f03fce45aa0c38cb15e9ba030a84a2a4c83f3ae6aa1e42a4fa6080094717fe6,False,True,[],False
UP-Fall,upfall_s01_a07_t02_c2,upfall_subj_01,cam2,laboratory_room,18.38,59.888,1101,640,480,False,standing,,,,CC-BY-4.0,dev,G:/My Drive/upfall_real/Subject1Activity7Trial2Camera2.zip,16b38e20ecffeffab37c6f60bc2b47d6cf6c14005d215af900ce0c08aeb83f28,False,True,[],False
UP-Fall,upfall_s01_a07_t03_c1,upfall_subj_01,cam1,laboratory_room,18.09,59.938,1084,640,480,False,standing,,,,CC-BY-4.0,dev,G:/My Drive/upfall_real/Subject1Activity7Trial3Camera1.zip,d92fc03fcd51782942426ec30e9f66b6be68c276f59de1f5e366f211484f75f6,False,True,[],False
UP-Fall,upfall_s01_a07_t03_c2,upfall_subj_01,cam2,laboratory_room,18.09,59.938,1084,640,480,False,standing,,,,CC-BY-4.0,dev,G:/My Drive/upfall_real/Subject1Activity7Trial3Camera2.zip,0945fe499694eb92ceae7f283fa8fa65877c67cbc225b60e51d0393a869f688a,False,True,[],False
UP-Fall,upfall_s01_a08_t01_c1,upfall_subj_01,cam1,laboratory_room,18.01,59.913,1079,640,480,False,sitting,,,,CC-BY-4.0,dev,G:/My Drive/upfall_real/Subject1Activity8Trial1Camera1.zip,2a7f5a9b0437889a197bde874ff903fb4fc57d97a7691c8fd62f487ce48c65fd,False,True,[],False
UP-Fall,upfall_s01_a08_t01_c2,upfall_subj_01,cam2,laboratory_room,18.01,59.913,1079,640,480,False,sitting,,,,CC-BY-4.0,dev,G:/My Drive/upfall_real/Subject1Activity8Trial1Camera2.zip,b7ac298642cf0f25d1ff3ea9f429c6fa8728d8f4945c12a8bbae7981249ee3ce,False,True,[],False
UP-Fall,upfall_s01_a08_t02_c1,upfall_subj_01,cam1,laboratory_room,18.15,59.945,1088,640,480,False,sitting,,,,CC-BY-4.0,dev,G:/My Drive/upfall_real/Subject1Activity8Trial2Camera1.zip,967f9e734a99024862c9bd0b767128cfdea47c0f1006a19b49409d7a098cb0d8,False,True,[],False
UP-Fall,upfall_s01_a08_t02_c2,upfall_subj_01,cam2,laboratory_room,18.15,59.945,1088,640,480,False,sitting,,,,CC-BY-4.0,dev,G:/My Drive/upfall_real/Subject1Activity8Trial2Camera2.zip,80d4ebd34d905eddd4f62ee0ffca218f0789ea143e5fdf28a4cd9badb8d1bca3,False,True,[],False
UP-Fall,upfall_s01_a08_t03_c1,upfall_subj_01,cam1,laboratory_room,17.59,59.921,1054,640,480,False,sitting,,,,CC-BY-4.0,dev,G:/My Drive/upfall_real/Subject1Activity8Trial3Camera1.zip,0d26c7111ddd0f88ef6b0874c5de512ec77f2f21b4ae869e037c7da23de4a9b6,False,True,[],False
UP-Fall,upfall_s01_a08_t03_c2,upfall_subj_01,cam2,laboratory_room,17.59,59.921,1054,640,480,False,sitting,,,,CC-BY-4.0,dev,G:/My Drive/upfall_real/Subject1Activity8Trial3Camera2.zip,84f5ffc1a81ec74de1a58399b2d70a4a2c4c7b36869197f2a27bfacee2744c07,False,True,[],False
UP-Fall,upfall_s01_a09_t01_c1,upfall_subj_01,cam1,laboratory_room,18.24,9.925,181,640,480,False,picking_up_object,,,,CC-BY-4.0,dev,G:/My Drive/upfall_real/Subject1Activity9Trial1Camera1.zip,f99b453bff0cfdabf79d04627e0cc470d43df58aa4df025c2404b0cfa7398a55,False,True,[],False
UP-Fall,upfall_s01_a09_t01_c2,upfall_subj_01,cam2,laboratory_room,18.24,9.925,181,640,480,False,picking_up_object,,,,CC-BY-4.0,dev,G:/My Drive/upfall_real/Subject1Activity9Trial1Camera2.zip,db581776a889c31e80eb5ba5a46c0786928cadc38df243272573713c4f147f2e,False,True,[],False
UP-Fall,upfall_s01_a09_t02_c1,upfall_subj_01,cam1,laboratory_room,18.32,9.662,177,640,480,False,picking_up_object,,,,CC-BY-4.0,dev,G:/My Drive/upfall_real/Subject1Activity9Trial2Camera1.zip,15d53741729a5bdaef2762c79d01f704651d4978424b641bd8e080f49fe5c9cc,False,True,[],False
UP-Fall,upfall_s01_a09_t02_c2,upfall_subj_01,cam2,laboratory_room,18.32,9.662,177,640,480,False,picking_up_object,,,,CC-BY-4.0,dev,G:/My Drive/upfall_real/Subject1Activity9Trial2Camera2.zip,a4e8241d61b05998435662b2ba72aed9518cf3120bbb971409a4add56e3ba104,False,True,[],False
UP-Fall,upfall_s01_a09_t03_c1,upfall_subj_01,cam1,laboratory_room,17.46,9.968,174,640,480,False,picking_up_object,,,,CC-BY-4.0,dev,G:/My Drive/upfall_real/Subject1Activity9Trial3Camera1.zip,9b234977b6c11e34acfc4d78ce234dbd4b48b2afe1ef62bb99ee7b0286eb6c38,False,True,[],False
UP-Fall,upfall_s01_a09_t03_c2,upfall_subj_01,cam2,laboratory_room,17.46,9.968,174,640,480,False,picking_up_object,,,,CC-BY-4.0,dev,G:/My Drive/upfall_real/Subject1Activity9Trial3Camera2.zip,0a52b7455fbff239fee020a4b19307a78ebdb783b0e43dec337f15fe989c7862,False,True,[],False
UP-Fall,upfall_s02_a10_t01_c1,upfall_subj_02,cam1,laboratory_room,15.36,29.889,459,640,480,False,jumping,,,,CC-BY-4.0,dev,G:/My Drive/upfall_real/Subject2Activity10Trial1Camera1.zip,f53181ce8af860cb8cbb8d3ffb8e8cc8675dda11f2b870d2057f353d5f711916,False,True,[],False
UP-Fall,upfall_s02_a10_t01_c2,upfall_subj_02,cam2,laboratory_room,15.36,29.889,459,640,480,False,jumping,,,,CC-BY-4.0,dev,G:/My Drive/upfall_real/Subject2Activity10Trial1Camera2.zip,97ffe7567aaa81d6cace42f3d44ff63dfde18cd224ef07445a8d4a060b19353a,False,True,[],False
UP-Fall,upfall_s02_a10_t02_c1,upfall_subj_02,cam1,laboratory_room,15.72,29.906,470,640,480,False,jumping,,,,CC-BY-4.0,dev,G:/My Drive/upfall_real/Subject2Activity10Trial2Camera1.zip,f5ca6e7cd89c1b8045ec47985b95cabd6f0cdcf32c268f8186763451363b8d89,False,True,[],False
UP-Fall,upfall_s02_a10_t02_c2,upfall_subj_02,cam2,laboratory_room,15.72,29.906,470,640,480,False,jumping,,,,CC-BY-4.0,dev,G:/My Drive/upfall_real/Subject2Activity10Trial2Camera2.zip,8c15e98e145b897e9d953f70c66c12cbd695a883a916ac5ef8f5e4f64338c9a2,False,True,[],False
UP-Fall,upfall_s02_a10_t03_c1,upfall_subj_02,cam1,laboratory_room,15.76,29.879,471,640,480,False,jumping,,,,CC-BY-4.0,dev,G:/My Drive/upfall_real/Subject2Activity10Trial3Camera1.zip,b7eaaec94330664a67e94e146a511555dc94b6b4599b300be5057dc482cf2762,False,True,[],False
UP-Fall,upfall_s02_a10_t03_c2,upfall_subj_02,cam2,laboratory_room,15.76,29.879,471,640,480,False,jumping,,,,CC-BY-4.0,dev,G:/My Drive/upfall_real/Subject2Activity10Trial3Camera2.zip,acd3a76c95747f768ecf9db62a453a1ccd9998e621b7f8fe6ff69f957a9c6849,False,True,[],False
UP-Fall,upfall_s02_a11_t01_c1,upfall_subj_02,cam1,laboratory_room,16.39,59.91,982,640,480,False,lying_down,,,,CC-BY-4.0,dev,G:/My Drive/upfall_real/Subject2Activity11Trial1Camera1.zip,7d9b365600d6c71edb3b8402ae43471918515b138618fbc03d88db8f1476d3eb,False,True,[],False
UP-Fall,upfall_s02_a11_t01_c2,upfall_subj_02,cam2,laboratory_room,16.39,59.91,982,640,480,False,lying_down,,,,CC-BY-4.0,dev,G:/My Drive/upfall_real/Subject2Activity11Trial1Camera2.zip,bb4f6672a495d4d355571f8d0091cd635602cfca3dc9a181cae62204532af819,False,True,[],False
UP-Fall,upfall_s02_a11_t02_c1,upfall_subj_02,cam1,laboratory_room,15.79,59.965,947,640,480,False,lying_down,,,,CC-BY-4.0,dev,G:/My Drive/upfall_real/Subject2Activity11Trial2Camera1.zip,2ebfb51513b0079ddf9d7b38b174b0b7611c5925fd62d9afd4284cb867798061,False,True,[],False
UP-Fall,upfall_s02_a11_t02_c2,upfall_subj_02,cam2,laboratory_room,15.79,59.965,947,640,480,False,lying_down,,,,CC-BY-4.0,dev,G:/My Drive/upfall_real/Subject2Activity11Trial2Camera2.zip,9edf61dc1b638de3588c7b596eb7196a103cbea1b544cef215ee767d497ca568,False,True,[],False
UP-Fall,upfall_s02_a11_t03_c1,upfall_subj_02,cam1,laboratory_room,15.63,59.885,936,640,480,False,lying_down,,,,CC-BY-4.0,dev,G:/My Drive/upfall_real/Subject2Activity11Trial3Camera1.zip,336e2e17c334d985e2ec02cb7cb03c4fab9624b96c6b2fbe9883cf56dc19d7d0,False,True,[],False
UP-Fall,upfall_s02_a11_t03_c2,upfall_subj_02,cam2,laboratory_room,15.63,59.885,936,640,480,False,lying_down,,,,CC-BY-4.0,dev,G:/My Drive/upfall_real/Subject2Activity11Trial3Camera2.zip,324d1045aa3a263ca4e70ddbe4b451f7874c563fe8676445b7a09c2f15d84dd4,False,True,[],False
UP-Fall,upfall_s02_a01_t01_c1,upfall_subj_02,cam1,laboratory_room,17.24,9.92,171,640,480,True,fall_forward_hands,0.72,3.179,3.261,CC-BY-4.0,dev,G:/My Drive/upfall_real/Subject2Activity1Trial1Camera1.zip,918009df4f16434fae635a8c5c197ae05f55baef851bbd6502c30bff20ec084c,False,True,[],False
UP-Fall,upfall_s02_a01_t01_c2,upfall_subj_02,cam2,laboratory_room,17.24,9.92,171,640,480,True,fall_forward_hands,0.72,3.179,3.261,CC-BY-4.0,dev,G:/My Drive/upfall_real/Subject2Activity1Trial1Camera2.zip,72681d32fdf63692b45ce8e2058cd34b8445c09a242316ad6a91288a3cdc88f9,False,True,[],False
UP-Fall,upfall_s02_a01_t02_c1,upfall_subj_02,cam1,laboratory_room,17.25,9.911,171,640,480,True,fall_forward_hands,0.352,3.471,3.526,CC-BY-4.0,dev,G:/My Drive/upfall_real/Subject2Activity1Trial2Camera1.zip,9dc9156ed7f3dec0490ff52d80a101645cf4d08a3e9af4c1092d6adf341cdfba,False,True,[],False
UP-Fall,upfall_s02_a01_t02_c2,upfall_subj_02,cam2,laboratory_room,17.25,9.911,171,640,480,True,fall_forward_hands,0.352,3.471,3.526,CC-BY-4.0,dev,G:/My Drive/upfall_real/Subject2Activity1Trial2Camera2.zip,8c0ce6f533952f66a1fad7d9ce27187361ad0440f031e89e4fbb30e1a8e03104,False,True,[],False
UP-Fall,upfall_s02_a01_t03_c1,upfall_subj_02,cam1,laboratory_room,17.59,9.951,175,640,480,True,fall_forward_hands,0.729,3.323,3.37,CC-BY-4.0,dev,G:/My Drive/upfall_real/Subject2Activity1Trial3Camera1.zip,b20c8a2a2281cc9a0ca009e59abdc345129218aeaf45bbb16f1e88da71ae1527,False,True,[],False
UP-Fall,upfall_s02_a01_t03_c2,upfall_subj_02,cam2,laboratory_room,17.59,9.951,175,640,480,True,fall_forward_hands,0.729,3.323,3.37,CC-BY-4.0,dev,G:/My Drive/upfall_real/Subject2Activity1Trial3Camera2.zip,b77e942f134667b6f7603b13fcc9d855e6321fad0b602ce0c1e7c38f87a46c37,False,True,[],False
UP-Fall,upfall_s02_a02_t01_c1,upfall_subj_02,cam1,laboratory_room,17.49,9.948,174,640,480,True,fall_forward_knees,0.591,3.336,3.377,CC-BY-4.0,dev,G:/My Drive/upfall_real/Subject2Activity2Trial1Camera1.zip,895bddb9151de0d6f1f233652ae95e4e248630d30600a37ea3b812a391efbd47,False,True,[],False
UP-Fall,upfall_s02_a02_t01_c2,upfall_subj_02,cam2,laboratory_room,17.49,9.948,174,640,480,True,fall_forward_knees,0.591,3.336,3.377,CC-BY-4.0,dev,G:/My Drive/upfall_real/Subject2Activity2Trial1Camera2.zip,b215fc31538b4afc117b2fb05ea0dd6c264b0f6ff6e22d740647a322974284df,False,True,[],False
UP-Fall,upfall_s02_a02_t02_c1,upfall_subj_02,cam1,laboratory_room,16.98,9.894,168,640,480,True,fall_forward_knees,0.721,2.726,2.769,CC-BY-4.0,dev,G:/My Drive/upfall_real/Subject2Activity2Trial2Camera1.zip,d5f6fe0f04a959ba9c0d9e4481731b42248989008fca53e8e85d2938d9bee421,False,True,[],False
UP-Fall,upfall_s02_a02_t02_c2,upfall_subj_02,cam2,laboratory_room,16.98,9.894,168,640,480,True,fall_forward_knees,0.721,2.726,2.769,CC-BY-4.0,dev,G:/My Drive/upfall_real/Subject2Activity2Trial2Camera2.zip,f7baabe16815281659c6708d5a91ce949fb67853b6bc781a00895f4b15ee4d79,False,True,[],False
UP-Fall,upfall_s02_a02_t03_c1,upfall_subj_02,cam1,laboratory_room,17.56,9.964,175,640,480,True,fall_forward_knees,0.337,2.671,2.719,CC-BY-4.0,dev,G:/My Drive/upfall_real/Subject2Activity2Trial3Camera1.zip,6ef75051dc69295a362eceeb4666eae458f8c163a1149ecab67b75bbf4b6248c,False,True,[],False
UP-Fall,upfall_s02_a02_t03_c2,upfall_subj_02,cam2,laboratory_room,17.56,9.964,175,640,480,True,fall_forward_knees,0.337,2.671,2.719,CC-BY-4.0,dev,G:/My Drive/upfall_real/Subject2Activity2Trial3Camera2.zip,d36e87388237ff28285c5b1516adbb66b650c8da64417f55892d39999002d840,False,True,[],False
UP-Fall,upfall_s02_a03_t01_c1,upfall_subj_02,cam1,laboratory_room,17.88,9.9,177,640,480,True,fall_backward,0.478,3.732,3.797,CC-BY-4.0,dev,G:/My Drive/upfall_real/Subject2Activity3Trial1Camera1.zip,679d92d96ca91c7fd17ceccb58eafc6e38705515f4df794d353312c3bc779240,False,True,[],False
UP-Fall,upfall_s02_a03_t01_c2,upfall_subj_02,cam2,laboratory_room,17.88,9.9,177,640,480,True,fall_backward,0.478,3.732,3.797,CC-BY-4.0,dev,G:/My Drive/upfall_real/Subject2Activity3Trial1Camera2.zip,1d66f87e6b1e415388d1bacc59e9328e0d5b2b17863e9d45bff4dcefd819e7b7,False,True,[],False
UP-Fall,upfall_s02_a03_t02_c1,upfall_subj_02,cam1,laboratory_room,17.42,9.93,173,640,480,True,fall_backward,0.247,4.116,4.163,CC-BY-4.0,dev,G:/My Drive/upfall_real/Subject2Activity3Trial2Camera1.zip,0311e84c124002248c33caf1648080792a2eb0176fd65a2edbda32eb568a8f69,False,True,[],False
UP-Fall,upfall_s02_a03_t02_c2,upfall_subj_02,cam2,laboratory_room,17.42,9.93,173,640,480,True,fall_backward,0.247,4.116,4.163,CC-BY-4.0,dev,G:/My Drive/upfall_real/Subject2Activity3Trial2Camera2.zip,b44d48fc3969ea8de669ec1c188a864443807d8c8cfb75be5d6e25f2d1366447,False,True,[],False
UP-Fall,upfall_s02_a03_t03_c1,upfall_subj_02,cam1,laboratory_room,17.88,9.898,177,640,480,True,fall_backward,0.716,3.071,3.135,CC-BY-4.0,dev,G:/My Drive/upfall_real/Subject2Activity3Trial3Camera1.zip,372f634dd7f96b25fba97c3e520d5e416c8ff1267848f495059732e3c0cbd8a1,False,True,[],False
UP-Fall,upfall_s02_a03_t03_c2,upfall_subj_02,cam2,laboratory_room,17.88,9.898,177,640,480,True,fall_backward,0.716,3.071,3.135,CC-BY-4.0,dev,G:/My Drive/upfall_real/Subject2Activity3Trial3Camera2.zip,d9977598be3451f105148e64c12e21721927ffd1520844a5e85a8a0201bfa295,False,True,[],False
UP-Fall,upfall_s02_a04_t01_c1,upfall_subj_02,cam1,laboratory_room,18.14,9.922,180,640,480,True,fall_sideways,0.967,2.876,2.92,CC-BY-4.0,dev,G:/My Drive/upfall_real/Subject2Activity4Trial1Camera1.zip,dde8a646d01977b1dd5beeedfec5335765dbf51e52179b1e88c2f780b680d501,False,True,[],False
UP-Fall,upfall_s02_a04_t01_c2,upfall_subj_02,cam2,laboratory_room,18.14,9.922,180,640,480,True,fall_sideways,0.967,2.876,2.92,CC-BY-4.0,dev,G:/My Drive/upfall_real/Subject2Activity4Trial1Camera2.zip,4e02a86af127c7bf6f7afa5c582c7ec3cca9dbd20783c6603d316d45eaf524a8,False,True,[],False
UP-Fall,upfall_s02_a04_t02_c1,upfall_subj_02,cam1,laboratory_room,16.82,9.932,167,640,480,True,fall_sideways,0.961,2.603,2.65,CC-BY-4.0,dev,G:/My Drive/upfall_real/Subject2Activity4Trial2Camera1.zip,e36afeb5aa74cfdf5152d96a9dbb1eb6c3dcdb2c677ef28caae6816919c7dd26,False,True,[],False
UP-Fall,upfall_s02_a04_t02_c2,upfall_subj_02,cam2,laboratory_room,16.82,9.932,167,640,480,True,fall_sideways,0.961,2.603,2.65,CC-BY-4.0,dev,G:/My Drive/upfall_real/Subject2Activity4Trial2Camera2.zip,42ce1449ee439a8ed9c7d42f75836007f0fa4f37bc5e127e1898235781e05715,False,True,[],False
UP-Fall,upfall_s02_a04_t03_c1,upfall_subj_02,cam1,laboratory_room,16.99,9.889,168,640,480,True,fall_sideways,0.494,3.265,3.341,CC-BY-4.0,dev,G:/My Drive/upfall_real/Subject2Activity4Trial3Camera1.zip,20c880fea6526836b65d1a94cdd77b0f2dda6cd5253e09a43db6614b7f1b6460,False,True,[],False
UP-Fall,upfall_s02_a04_t03_c2,upfall_subj_02,cam2,laboratory_room,16.99,9.889,168,640,480,True,fall_sideways,0.494,3.265,3.341,CC-BY-4.0,dev,G:/My Drive/upfall_real/Subject2Activity4Trial3Camera2.zip,fb33a97cecec00d7b68d23280488a4ef44ba1dde3c400a33cd5b03d1a05c8da2,False,True,[],False
UP-Fall,upfall_s02_a05_t01_c1,upfall_subj_02,cam1,laboratory_room,16.97,9.902,168,640,480,True,fall_from_chair,1.209,4.665,4.715,CC-BY-4.0,dev,G:/My Drive/upfall_real/Subject2Activity5Trial1Camera1.zip,c49c26a9041a68ec8eb41253d25acbad982248b3bb70af83bcb37b4c7102e2a0,False,True,[],False
UP-Fall,upfall_s02_a05_t01_c2,upfall_subj_02,cam2,laboratory_room,16.97,9.902,168,640,480,True,fall_from_chair,1.209,4.665,4.715,CC-BY-4.0,dev,G:/My Drive/upfall_real/Subject2Activity5Trial1Camera2.zip,82b66e7b9ad15e496557e6d54c61f6f2ecb283a69c311f6466d397d9e08eeb8c,False,True,[],False
UP-Fall,upfall_s02_a05_t02_c1,upfall_subj_02,cam1,laboratory_room,14.1,9.926,140,640,480,True,fall_from_chair,1.25,4.625,4.761,CC-BY-4.0,dev,G:/My Drive/upfall_real/Subject2Activity5Trial2Camera1.zip,5fcb588d9935cebf6d3d3009a111374b11cba7f28dfa6543734c58013802edab,False,True,[],False
UP-Fall,upfall_s02_a05_t02_c2,upfall_subj_02,cam2,laboratory_room,14.1,9.926,140,640,480,True,fall_from_chair,1.25,4.625,4.761,CC-BY-4.0,dev,G:/My Drive/upfall_real/Subject2Activity5Trial2Camera2.zip,dc320d587607b330b338a458f9f4506192599826b2ec2a5d62e2a02e77f8ca19,False,True,[],False
UP-Fall,upfall_s02_a05_t03_c1,upfall_subj_02,cam1,laboratory_room,14.77,9.95,147,640,480,True,fall_from_chair,1.56,4.619,4.709,CC-BY-4.0,dev,G:/My Drive/upfall_real/Subject2Activity5Trial3Camera1.zip,1c2c42fd592458fdf46e2cd4a44038bfa5cca85cdb75551f8eaef1e28d860007,False,True,[],False
UP-Fall,upfall_s02_a05_t03_c2,upfall_subj_02,cam2,laboratory_room,14.77,9.95,147,640,480,True,fall_from_chair,1.56,4.619,4.709,CC-BY-4.0,dev,G:/My Drive/upfall_real/Subject2Activity5Trial3Camera2.zip,f254c3c5cface800a7e53ba774a97048593e55812acf4be581990d0a8e9a8710,False,True,[],False
UP-Fall,upfall_s02_a06_t01_c1,upfall_subj_02,cam1,laboratory_room,17.25,59.896,1033,640,480,False,walking,,,,CC-BY-4.0,dev,G:/My Drive/upfall_real/Subject2Activity6Trial1Camera1.zip,30411512d79d78066678dbd28d45b5bde6f618b40fa0e21fe7d73918c3ea8db5,False,True,[],False
UP-Fall,upfall_s02_a06_t01_c2,upfall_subj_02,cam2,laboratory_room,17.25,59.896,1033,640,480,False,walking,,,,CC-BY-4.0,dev,G:/My Drive/upfall_real/Subject2Activity6Trial1Camera2.zip,6503c5c343291fa67009e659711bfe0c67ca1a07cf4f606e3b043e235765ccb8,False,True,[],False
UP-Fall,upfall_s02_a06_t02_c1,upfall_subj_02,cam1,laboratory_room,17.73,59.893,1062,640,480,False,walking,,,,CC-BY-4.0,dev,G:/My Drive/upfall_real/Subject2Activity6Trial2Camera1.zip,b100f214771a961646796d57a0e82c45352ea0354f242d890ecd71176e2a03ab,False,True,[],False
UP-Fall,upfall_s02_a06_t02_c2,upfall_subj_02,cam2,laboratory_room,17.73,59.893,1062,640,480,False,walking,,,,CC-BY-4.0,dev,G:/My Drive/upfall_real/Subject2Activity6Trial2Camera2.zip,adbc562cde4c19044e5af108cb891bc8034375416f4eb759558000046ed98510,False,True,[],False
UP-Fall,upfall_s02_a06_t03_c1,upfall_subj_02,cam1,laboratory_room,18.25,59.94,1094,640,480,False,walking,,,,CC-BY-4.0,dev,G:/My Drive/upfall_real/Subject2Activity6Trial3Camera1.zip,e6eb60269c1ed1abc8e24aa49846ada95900932d226c2268003db020d5a91711,False,True,[],False
UP-Fall,upfall_s02_a06_t03_c2,upfall_subj_02,cam2,laboratory_room,18.25,59.94,1094,640,480,False,walking,,,,CC-BY-4.0,dev,G:/My Drive/upfall_real/Subject2Activity6Trial3Camera2.zip,3785f0d94d34107f482186df016a10e11761f9a3218546b4b59966273598d4d6,False,True,[],False
UP-Fall,upfall_s02_a07_t01_c1,upfall_subj_02,cam1,laboratory_room,17.72,59.974,1063,640,480,False,standing,,,,CC-BY-4.0,dev,G:/My Drive/upfall_real/Subject2Activity7Trial1Camera1.zip,c3a6208289bd91c779c34199035a344f7a331a79d1cead8bfa10a6625e06b88b,False,True,[],False
UP-Fall,upfall_s02_a07_t01_c2,upfall_subj_02,cam2,laboratory_room,17.72,59.974,1063,640,480,False,standing,,,,CC-BY-4.0,dev,G:/My Drive/upfall_real/Subject2Activity7Trial1Camera2.zip,e47a01b033f9a74a4d85be311b174d051e1a6a5f26530bc539014b412b1c8bbd,False,True,[],False
UP-Fall,upfall_s02_a07_t02_c1,upfall_subj_02,cam1,laboratory_room,17.21,59.923,1031,640,480,False,standing,,,,CC-BY-4.0,dev,G:/My Drive/upfall_real/Subject2Activity7Trial2Camera1.zip,041a466b8f01d82ab4fa0c0caee105865f71ce146a0564eede6c93643c3696ef,False,True,[],False
UP-Fall,upfall_s02_a07_t02_c2,upfall_subj_02,cam2,laboratory_room,17.21,59.923,1031,640,480,False,standing,,,,CC-BY-4.0,dev,G:/My Drive/upfall_real/Subject2Activity7Trial2Camera2.zip,f00862f22ac4e6392ce3154cd20f2f479de0d2b5e0882170c594ba682727106b,False,True,[],False
UP-Fall,upfall_s02_a07_t03_c1,upfall_subj_02,cam1,laboratory_room,17.18,59.956,1030,640,480,False,standing,,,,CC-BY-4.0,dev,G:/My Drive/upfall_real/Subject2Activity7Trial3Camera1.zip,fdd773d2f7f768cf879268866c4da4bf6e0d5a241bf5dda30b73919afbb8f098,False,True,[],False
UP-Fall,upfall_s02_a07_t03_c2,upfall_subj_02,cam2,laboratory_room,17.18,59.956,1030,640,480,False,standing,,,,CC-BY-4.0,dev,G:/My Drive/upfall_real/Subject2Activity7Trial3Camera2.zip,b3dd3f139693c2f1c679293924178a5062e3d62f50b454441ad1cd0259f3cac8,False,True,[],False
UP-Fall,upfall_s02_a08_t01_c1,upfall_subj_02,cam1,laboratory_room,17.62,59.941,1056,640,480,False,sitting,,,,CC-BY-4.0,dev,G:/My Drive/upfall_real/Subject2Activity8Trial1Camera1.zip,ac5b0ff15f57efe1d0c413139514a0b36541395f53001d7d92d59de3c601ea16,False,True,[],False
UP-Fall,upfall_s02_a08_t01_c2,upfall_subj_02,cam2,laboratory_room,17.62,59.941,1056,640,480,False,sitting,,,,CC-BY-4.0,dev,G:/My Drive/upfall_real/Subject2Activity8Trial1Camera2.zip,5f35d4ec672081023f5791d1ca936e6d79778ff97018536ab538a5be58b58284,False,True,[],False
UP-Fall,upfall_s02_a08_t02_c1,upfall_subj_02,cam1,laboratory_room,17.39,59.87,1041,640,480,False,sitting,,,,CC-BY-4.0,dev,G:/My Drive/upfall_real/Subject2Activity8Trial2Camera1.zip,9d817d1911ad362ea351d11b864a418596fcc5f1e9f2ebf37c68bc280083b45f,False,True,[],False
UP-Fall,upfall_s02_a08_t02_c2,upfall_subj_02,cam2,laboratory_room,17.39,59.87,1041,640,480,False,sitting,,,,CC-BY-4.0,dev,G:/My Drive/upfall_real/Subject2Activity8Trial2Camera2.zip,b494668a08470463061f3e6fac251c4529278cd7af632e064a5d8018f60f658f,False,True,[],False
UP-Fall,upfall_s02_a08_t03_c1,upfall_subj_02,cam1,laboratory_room,17.2,59.948,1031,640,480,False,sitting,,,,CC-BY-4.0,dev,G:/My Drive/upfall_real/Subject2Activity8Trial3Camera1.zip,9b54540841a2fdf64cc0fcf8d9251907a574ef88a90a12da4b7a2987d42ac205,False,True,[],False
UP-Fall,upfall_s02_a08_t03_c2,upfall_subj_02,cam2,laboratory_room,17.2,59.948,1031,640,480,False,sitting,,,,CC-BY-4.0,dev,G:/My Drive/upfall_real/Subject2Activity8Trial3Camera2.zip,030aad8f671835a4f2677b08543ec0da4fc219d7cb79070db51fd91470b9296e,False,True,[],False
UP-Fall,upfall_s02_a09_t01_c1,upfall_subj_02,cam1,laboratory_room,16.37,9.897,162,640,480,False,picking_up_object,,,,CC-BY-4.0,dev,G:/My Drive/upfall_real/Subject2Activity9Trial1Camera1.zip,e4f012b32f2c01aa1c06a538f05f3a02579f64b80ab9ec6741f1ef55d872cd70,False,True,[],False
UP-Fall,upfall_s02_a09_t01_c2,upfall_subj_02,cam2,laboratory_room,16.37,9.897,162,640,480,False,picking_up_object,,,,CC-BY-4.0,dev,G:/My Drive/upfall_real/Subject2Activity9Trial1Camera2.zip,747e36e3bfad2b60592eb30fc9ec48ef4697dca5f3b8a542f4991c099caaa70a,False,True,[],False
UP-Fall,upfall_s02_a09_t02_c1,upfall_subj_02,cam1,laboratory_room,16.0,9.876,158,640,480,False,picking_up_object,,,,CC-BY-4.0,dev,G:/My Drive/upfall_real/Subject2Activity9Trial2Camera1.zip,e90295dd7ee173913137d963956c99dc409417f5bec7916b73e9ed95c7f20f2a,False,True,[],False
UP-Fall,upfall_s02_a09_t02_c2,upfall_subj_02,cam2,laboratory_room,16.0,9.876,158,640,480,False,picking_up_object,,,,CC-BY-4.0,dev,G:/My Drive/upfall_real/Subject2Activity9Trial2Camera2.zip,0ca8e73c217b546a3d05730caba11bb8147ebecaabed2fa3913cea338205e37c,False,True,[],False
UP-Fall,upfall_s02_a09_t03_c1,upfall_subj_02,cam1,laboratory_room,16.8,9.881,166,640,480,False,picking_up_object,,,,CC-BY-4.0,dev,G:/My Drive/upfall_real/Subject2Activity9Trial3Camera1.zip,6b499661473d3eb6acdcc215cb27123701a8b08620685ee8639b0bb376f2ea9e,False,True,[],False
UP-Fall,upfall_s02_a09_t03_c2,upfall_subj_02,cam2,laboratory_room,16.8,9.881,166,640,480,False,picking_up_object,,,,CC-BY-4.0,dev,G:/My Drive/upfall_real/Subject2Activity9Trial3Camera2.zip,c7094c0d32a2ad48d460e153c150f83eca37e72f6db7ea0d85e08813c8a20231,False,True,[],False
UP-Fall,upfall_s03_a10_t01_c1,upfall_subj_03,cam1,laboratory_room,17.59,29.904,526,640,480,False,jumping,,,,CC-BY-4.0,dev,G:/My Drive/upfall_real/Subject3Activity10Trial1Camera1.zip,bb4f798de44c280ce60384865699200c310d3c65ff3b5611ea084a3b2a5ebcc1,False,True,[],False
UP-Fall,upfall_s03_a10_t01_c2,upfall_subj_03,cam2,laboratory_room,17.59,29.904,526,640,480,False,jumping,,,,CC-BY-4.0,dev,G:/My Drive/upfall_real/Subject3Activity10Trial1Camera2.zip,2eb7dffaf019b2c3d7df14cfd8f8703110bb9df085309d111973f16abb626051,False,True,[],False
UP-Fall,upfall_s03_a10_t02_c1,upfall_subj_03,cam1,laboratory_room,17.28,29.913,517,640,480,False,jumping,,,,CC-BY-4.0,dev,G:/My Drive/upfall_real/Subject3Activity10Trial2Camera1.zip,224998affa8f4866e62e6007536c70d3b6cf5f3f32c7e3ae01d6b84247cb0444,False,True,[],False
UP-Fall,upfall_s03_a10_t02_c2,upfall_subj_03,cam2,laboratory_room,17.28,29.913,517,640,480,False,jumping,,,,CC-BY-4.0,dev,G:/My Drive/upfall_real/Subject3Activity10Trial2Camera2.zip,f1e177d3b76662785a2419dcaf0ce1e621c62ddcb84224d2f5750d372d1362c6,False,True,[],False
UP-Fall,upfall_s03_a10_t03_c1,upfall_subj_03,cam1,laboratory_room,17.93,29.888,536,640,480,False,jumping,,,,CC-BY-4.0,dev,G:/My Drive/upfall_real/Subject3Activity10Trial3Camera1.zip,e531b6170cbf7bad0e47c2e8ed965ab075c27d59976afa973306da1d91b97870,False,True,[],False
UP-Fall,upfall_s03_a10_t03_c2,upfall_subj_03,cam2,laboratory_room,17.93,29.888,536,640,480,False,jumping,,,,CC-BY-4.0,dev,G:/My Drive/upfall_real/Subject3Activity10Trial3Camera2.zip,6c3a8c28a85ab5e92b83781bd342e421c2fc7174271022cb17b1091790524575,False,True,[],False
UP-Fall,upfall_s03_a11_t01_c1,upfall_subj_03,cam1,laboratory_room,17.84,59.936,1069,640,480,False,lying_down,,,,CC-BY-4.0,dev,G:/My Drive/upfall_real/Subject3Activity11Trial1Camera1.zip,9bc1d589159106e647346565fcd673bccaf34437dde2553b2475f6a535f3556a,False,True,[],False
UP-Fall,upfall_s03_a11_t01_c2,upfall_subj_03,cam2,laboratory_room,17.84,59.936,1069,640,480,False,lying_down,,,,CC-BY-4.0,dev,G:/My Drive/upfall_real/Subject3Activity11Trial1Camera2.zip,af79b09f256b2783be6499c28e2722dbc9a674f68b3a42249c7ddccf8955c69d,False,True,[],False
UP-Fall,upfall_s03_a11_t02_c1,upfall_subj_03,cam1,laboratory_room,17.88,59.852,1070,640,480,False,lying_down,,,,CC-BY-4.0,dev,G:/My Drive/upfall_real/Subject3Activity11Trial2Camera1.zip,3631e9307b2598dbfe2957fc933a54918aaa1d846daded510ce4420150c4f6fb,False,True,[],False
UP-Fall,upfall_s03_a11_t02_c2,upfall_subj_03,cam2,laboratory_room,17.88,59.852,1070,640,480,False,lying_down,,,,CC-BY-4.0,dev,G:/My Drive/upfall_real/Subject3Activity11Trial2Camera2.zip,a3c2f0948b80475206c9facf989ac053b3e44b3e0f6dd40d448ee064de6d7cc4,False,True,[],False
UP-Fall,upfall_s03_a11_t03_c1,upfall_subj_03,cam1,laboratory_room,17.33,59.906,1038,640,480,False,lying_down,,,,CC-BY-4.0,dev,G:/My Drive/upfall_real/Subject3Activity11Trial3Camera1.zip,ea3650af6a3d66b49e66f94a155442795b816fae1c67f02b5a8b6670d3193fde,False,True,[],False
UP-Fall,upfall_s03_a11_t03_c2,upfall_subj_03,cam2,laboratory_room,17.33,59.906,1038,640,480,False,lying_down,,,,CC-BY-4.0,dev,G:/My Drive/upfall_real/Subject3Activity11Trial3Camera2.zip,4c08120746a685b93a66cf363677c0c73730b9962096d272cdb68b7b18860e3a,False,True,[],False
UP-Fall,upfall_s03_a01_t01_c1,upfall_subj_03,cam1,laboratory_room,18.95,9.923,188,640,480,True,fall_forward_hands,1.095,3.422,3.469,CC-BY-4.0,dev,G:/My Drive/upfall_real/Subject3Activity1Trial1Camera1.zip,ef03c5d1b37b39c864e6f852e1f9ea3a75819649f05104913701dd4e60ce5940,False,True,[],False
UP-Fall,upfall_s03_a01_t01_c2,upfall_subj_03,cam2,laboratory_room,18.95,9.923,188,640,480,True,fall_forward_hands,1.095,3.422,3.469,CC-BY-4.0,dev,G:/My Drive/upfall_real/Subject3Activity1Trial1Camera2.zip,81a99d730636931e19d95e8080beef0c9e7cfa4a24fb207f6d5ee199b406cb24,False,True,[],False
UP-Fall,upfall_s03_a01_t02_c1,upfall_subj_03,cam1,laboratory_room,18.84,9.927,187,640,480,True,fall_forward_hands,1.089,3.616,3.664,CC-BY-4.0,dev,G:/My Drive/upfall_real/Subject3Activity1Trial2Camera1.zip,2329fcfdb7c4780b3192ca1288ec1bb91eabb879b765ea6ab75a1a462b9779fa,False,True,[],False
UP-Fall,upfall_s03_a01_t02_c2,upfall_subj_03,cam2,laboratory_room,18.84,9.927,187,640,480,True,fall_forward_hands,1.089,3.616,3.664,CC-BY-4.0,dev,G:/My Drive/upfall_real/Subject3Activity1Trial2Camera2.zip,a67c53e7a1424426e1ef31aafb540d4b61261c93e066da46f8bb991967d41593,False,True,[],False
UP-Fall,upfall_s03_a01_t03_c1,upfall_subj_03,cam1,laboratory_room,18.69,9.953,186,640,480,True,fall_forward_hands,1.217,3.421,3.469,CC-BY-4.0,dev,G:/My Drive/upfall_real/Subject3Activity1Trial3Camera1.zip,d98b0c074bee1c25774494da7898a7b6a6b1455cbeda2d4201e415b48629b4c2,False,True,[],False
UP-Fall,upfall_s03_a01_t03_c2,upfall_subj_03,cam2,laboratory_room,18.69,9.953,186,640,480,True,fall_forward_hands,1.217,3.421,3.469,CC-BY-4.0,dev,G:/My Drive/upfall_real/Subject3Activity1Trial3Camera2.zip,e95923cd110644c6b5dccf190f60838f94b6e3bc0050beaf9989303ae9257e87,False,True,[],False
UP-Fall,upfall_s03_a02_t01_c1,upfall_subj_03,cam1,laboratory_room,18.9,9.896,187,640,480,True,fall_forward_knees,0.911,4.332,4.379,CC-BY-4.0,dev,G:/My Drive/upfall_real/Subject3Activity2Trial1Camera1.zip,0eb6e53d9855d3a7ac0d308bcd5dfbac8480bd0cb70bd3d56ef478b8874fc5be,False,True,[],False
UP-Fall,upfall_s03_a02_t01_c2,upfall_subj_03,cam2,laboratory_room,18.9,9.896,187,640,480,True,fall_forward_knees,0.911,4.332,4.379,CC-BY-4.0,dev,G:/My Drive/upfall_real/Subject3Activity2Trial1Camera2.zip,4890adbe5f950114dae12dcdb30795f00ca7e22961743d735427359d2d631746,False,True,[],False
UP-Fall,upfall_s03_a02_t02_c1,upfall_subj_03,cam1,laboratory_room,17.83,9.926,177,640,480,True,fall_forward_knees,0.86,3.703,3.749,CC-BY-4.0,dev,G:/My Drive/upfall_real/Subject3Activity2Trial2Camera1.zip,884fc3e653cb50a94ca3baa63eade241a387b463ee3ab25ce188ea7fa53ae2cb,False,True,[],False
UP-Fall,upfall_s03_a02_t02_c2,upfall_subj_03,cam2,laboratory_room,17.83,9.926,177,640,480,True,fall_forward_knees,0.86,3.703,3.749,CC-BY-4.0,dev,G:/My Drive/upfall_real/Subject3Activity2Trial2Camera2.zip,cf704e0fdc48847adbf027b4ccdfbb0918f1444137426b2023f26a142b74029e,False,True,[],False
UP-Fall,upfall_s03_a02_t03_c1,upfall_subj_03,cam1,laboratory_room,18.68,9.906,185,640,480,True,fall_forward_knees,1.53,3.016,3.063,CC-BY-4.0,dev,G:/My Drive/upfall_real/Subject3Activity2Trial3Camera1.zip,ac9c36f0f68800a1583752208666b4fc86de78adc996c9a8d48603bc2cd8a840,False,True,[],False
UP-Fall,upfall_s03_a02_t03_c2,upfall_subj_03,cam2,laboratory_room,18.68,9.906,185,640,480,True,fall_forward_knees,1.53,3.016,3.063,CC-BY-4.0,dev,G:/My Drive/upfall_real/Subject3Activity2Trial3Camera2.zip,a24394ba026ceda726ca7b63756c29a0ae73e3a895c0125f9250c39100a28713,False,True,[],False
UP-Fall,upfall_s03_a03_t01_c1,upfall_subj_03,cam1,laboratory_room,19.22,9.936,191,640,480,True,fall_backward,0.704,3.094,3.141,CC-BY-4.0,dev,G:/My Drive/upfall_real/Subject3Activity3Trial1Camera1.zip,cfed976e9a664edd85b75d8664334b2b0660b11bbe567458f74646f799630dd7,False,True,[],False
UP-Fall,upfall_s03_a03_t01_c2,upfall_subj_03,cam2,laboratory_room,19.22,9.936,191,640,480,True,fall_backward,0.704,3.094,3.141,CC-BY-4.0,dev,G:/My Drive/upfall_real/Subject3Activity3Trial1Camera2.zip,ba5699bc730ab1aeab277c65271b94ee48cd5bc34271b0fb1f784e299ddf9077,False,True,[],False
UP-Fall,upfall_s03_a03_t02_c1,upfall_subj_03,cam1,laboratory_room,18.24,9.921,181,640,480,True,fall_backward,1.187,4.096,4.14,CC-BY-4.0,dev,G:/My Drive/upfall_real/Subject3Activity3Trial2Camera1.zip,41767d1a373a57ce74e520a6c86c47b8e60d208ed58c26c4fff7540e92ba9795,False,True,[],False
UP-Fall,upfall_s03_a03_t02_c2,upfall_subj_03,cam2,laboratory_room,18.24,9.921,181,640,480,True,fall_backward,1.187,4.096,4.14,CC-BY-4.0,dev,G:/My Drive/upfall_real/Subject3Activity3Trial2Camera2.zip,75550acff491707c04ff698d4c8ce51c4168be747185af827bc3fc7e00ddabc8,False,True,[],False
UP-Fall,upfall_s03_a03_t03_c1,upfall_subj_03,cam1,laboratory_room,18.54,9.923,184,640,480,True,fall_backward,0.844,3.036,3.082,CC-BY-4.0,dev,G:/My Drive/upfall_real/Subject3Activity3Trial3Camera1.zip,69cd6babcb4fcd9689dc9ed7c079290e2c2cee9fd066985b1504d6020a9ac618,False,True,[],False
UP-Fall,upfall_s03_a03_t03_c2,upfall_subj_03,cam2,laboratory_room,18.54,9.923,184,640,480,True,fall_backward,0.844,3.036,3.082,CC-BY-4.0,dev,G:/My Drive/upfall_real/Subject3Activity3Trial3Camera2.zip,e9bcb41c8c4d4da06d753bac1c7b2237e904acc5f738f70700f7c55398bcd925,False,True,[],False
UP-Fall,upfall_s03_a04_t01_c1,upfall_subj_03,cam1,laboratory_room,19.28,9.909,191,640,480,True,fall_sideways,0.804,2.929,2.976,CC-BY-4.0,dev,G:/My Drive/upfall_real/Subject3Activity4Trial1Camera1.zip,952a4b8a9b949845defd071f8339aa24214da368afa7342e2784c4e39fa5b0a3,False,True,[],False
UP-Fall,upfall_s03_a04_t01_c2,upfall_subj_03,cam2,laboratory_room,19.28,9.909,191,640,480,True,fall_sideways,0.804,2.929,2.976,CC-BY-4.0,dev,G:/My Drive/upfall_real/Subject3Activity4Trial1Camera2.zip,52c97f2bdd87439b4c37e9be5f443a29c5273535f6f8c30cfd95969eda968477,False,True,[],False
UP-Fall,upfall_s03_a04_t02_c1,upfall_subj_03,cam1,laboratory_room,19.04,9.928,189,640,480,True,fall_sideways,1.101,3.133,3.178,CC-BY-4.0,dev,G:/My Drive/upfall_real/Subject3Activity4Trial2Camera1.zip,a87d561a3cef1a2da93160c694307971ff4630d406b62e3302071df9d4a8d8a2,False,True,[],False
UP-Fall,upfall_s03_a04_t02_c2,upfall_subj_03,cam2,laboratory_room,19.04,9.928,189,640,480,True,fall_sideways,1.101,3.133,3.178,CC-BY-4.0,dev,G:/My Drive/upfall_real/Subject3Activity4Trial2Camera2.zip,f7df12f0ee611312f82371e5bbe2b8eb7faec08de7bb201570f4648dfd061a43,False,True,[],False
UP-Fall,upfall_s03_a04_t03_c1,upfall_subj_03,cam1,laboratory_room,18.97,9.964,189,640,480,True,fall_sideways,0.818,2.063,2.117,CC-BY-4.0,dev,G:/My Drive/upfall_real/Subject3Activity4Trial3Camera1.zip,5e5da5f37e84cac0c15f327a5b57fa7dcd8ad3b44517564882125b4f014e0201,False,True,[],False
UP-Fall,upfall_s03_a04_t03_c2,upfall_subj_03,cam2,laboratory_room,18.97,9.964,189,640,480,True,fall_sideways,0.818,2.063,2.117,CC-BY-4.0,dev,G:/My Drive/upfall_real/Subject3Activity4Trial3Camera2.zip,10b6f3ad70708892589a976164b85f78446e497c99ef69d128a8161531f0f4a9,False,True,[],False
UP-Fall,upfall_s03_a05_t01_c1,upfall_subj_03,cam1,laboratory_room,18.75,9.923,186,640,480,True,fall_from_chair,0.782,2.546,2.594,CC-BY-4.0,dev,G:/My Drive/upfall_real/Subject3Activity5Trial1Camera1.zip,01e33e064fa8b86a0f5ae4658313ac6af3d29da6d906f2da26b858e5213b28c4,False,True,[],False
UP-Fall,upfall_s03_a05_t01_c2,upfall_subj_03,cam2,laboratory_room,18.75,9.923,186,640,480,True,fall_from_chair,0.782,2.546,2.594,CC-BY-4.0,dev,G:/My Drive/upfall_real/Subject3Activity5Trial1Camera2.zip,5bb52c14952a7848ee324897f7abe49bdddbb44a6997b4c88e7e9a9f99bb75a9,False,True,[],False
UP-Fall,upfall_s03_a05_t02_c1,upfall_subj_03,cam1,laboratory_room,18.12,9.881,179,640,480,True,fall_from_chair,0.637,2.512,2.558,CC-BY-4.0,dev,G:/My Drive/upfall_real/Subject3Activity5Trial2Camera1.zip,e2e1c8cbbe94e672b7d157fba76caadccd6f6aa55671278f0b1f88aa57bffcf6,False,True,[],False
UP-Fall,upfall_s03_a05_t02_c2,upfall_subj_03,cam2,laboratory_room,18.12,9.881,179,640,480,True,fall_from_chair,0.637,2.512,2.558,CC-BY-4.0,dev,G:/My Drive/upfall_real/Subject3Activity5Trial2Camera2.zip,3d0f44d55d77f7329af14ab0999a12bd97589b2162f97f34ba585c4dbbc65bc0,False,True,[],False
UP-Fall,upfall_s03_a05_t03_c1,upfall_subj_03,cam1,laboratory_room,18.45,9.921,183,640,480,True,fall_from_chair,0.721,2.473,2.516,CC-BY-4.0,dev,G:/My Drive/upfall_real/Subject3Activity5Trial3Camera1.zip,3f09254a480f968007e57e06c478678a82d52962a1087f47f8b4ad4c820031a3,False,True,[],False
UP-Fall,upfall_s03_a05_t03_c2,upfall_subj_03,cam2,laboratory_room,18.45,9.921,183,640,480,True,fall_from_chair,0.721,2.473,2.516,CC-BY-4.0,dev,G:/My Drive/upfall_real/Subject3Activity5Trial3Camera2.zip,6cdc33207578d74fcde956e1932d2800a96e960995ee3ab0b862b90b9b6290f2,False,True,[],False
UP-Fall,upfall_s03_a06_t01_c1,upfall_subj_03,cam1,laboratory_room,18.77,59.895,1124,640,480,False,walking,,,,CC-BY-4.0,dev,G:/My Drive/upfall_real/Subject3Activity6Trial1Camera1.zip,d2341b6cc32346ba0f1d75a55cd3cea857bf72fd028edd13a2a029d956185176,False,True,[],False
UP-Fall,upfall_s03_a06_t01_c2,upfall_subj_03,cam2,laboratory_room,18.77,59.895,1124,640,480,False,walking,,,,CC-BY-4.0,dev,G:/My Drive/upfall_real/Subject3Activity6Trial1Camera2.zip,d04c171350ea15dad96c35abdbab873a2cd53809f7f48b59e590ffe06135d2b0,False,True,[],False
UP-Fall,upfall_s03_a06_t02_c1,upfall_subj_03,cam1,laboratory_room,18.44,59.909,1105,640,480,False,walking,,,,CC-BY-4.0,dev,G:/My Drive/upfall_real/Subject3Activity6Trial2Camera1.zip,3233421d09b2a4e0f1b0a463c2249279f22fe635cd5335e00c754df866820db8,False,True,[],False
UP-Fall,upfall_s03_a06_t02_c2,upfall_subj_03,cam2,laboratory_room,18.44,59.909,1105,640,480,False,walking,,,,CC-BY-4.0,dev,G:/My Drive/upfall_real/Subject3Activity6Trial2Camera2.zip,0571a1d973d111f279327cdb2ae0a0870fe2caab87a234367bcc35a79b0f2749,False,True,[],False
UP-Fall,upfall_s03_a06_t03_c1,upfall_subj_03,cam1,laboratory_room,17.75,59.932,1064,640,480,False,walking,,,,CC-BY-4.0,dev,G:/My Drive/upfall_real/Subject3Activity6Trial3Camera1.zip,a50e9c5748c94d552b9fb3f4ac65ac2fe7bb06d49bb04a403c087f7f2961e52a,False,True,[],False
UP-Fall,upfall_s03_a06_t03_c2,upfall_subj_03,cam2,laboratory_room,17.75,59.932,1064,640,480,False,walking,,,,CC-BY-4.0,dev,G:/My Drive/upfall_real/Subject3Activity6Trial3Camera2.zip,9d55d571b770096205fa856ce83f24c26c4f98b36872a86254b9d4a830a42a11,False,True,[],False
UP-Fall,upfall_s03_a07_t01_c1,upfall_subj_03,cam1,laboratory_room,18.36,59.903,1100,640,480,False,standing,,,,CC-BY-4.0,dev,G:/My Drive/upfall_real/Subject3Activity7Trial1Camera1.zip,212057ad861b84209ed2d6dde338b02e59bd687bfab88507d3bf22637c39b964,False,True,[],False
UP-Fall,upfall_s03_a07_t01_c2,upfall_subj_03,cam2,laboratory_room,18.36,59.903,1100,640,480,False,standing,,,,CC-BY-4.0,dev,G:/My Drive/upfall_real/Subject3Activity7Trial1Camera2.zip,9a9b71a2d8b0c4126086390e7de18469a133a1672fdfae180d6f1d2c7e245d1e,False,True,[],False
UP-Fall,upfall_s03_a07_t02_c1,upfall_subj_03,cam1,laboratory_room,17.79,59.964,1067,640,480,False,standing,,,,CC-BY-4.0,dev,G:/My Drive/upfall_real/Subject3Activity7Trial2Camera1.zip,56e635477bd5fac701afde8c5ac53b221f8999e1ebbb2d8fe35658b6c754f04b,False,True,[],False
UP-Fall,upfall_s03_a07_t02_c2,upfall_subj_03,cam2,laboratory_room,17.79,59.964,1067,640,480,False,standing,,,,CC-BY-4.0,dev,G:/My Drive/upfall_real/Subject3Activity7Trial2Camera2.zip,cef3a5ab8f3a01bfcbb92fe31e0f975a17321bfbc0b4fa7ef1a2224a35a715c9,False,True,[],False
UP-Fall,upfall_s03_a07_t03_c1,upfall_subj_03,cam1,laboratory_room,18.17,59.924,1089,640,480,False,standing,,,,CC-BY-4.0,dev,G:/My Drive/upfall_real/Subject3Activity7Trial3Camera1.zip,9db95558e450667327d41dbc49f92d76e7907bb5a8637fb3a2eeb2c072f31b0c,False,True,[],False
UP-Fall,upfall_s03_a07_t03_c2,upfall_subj_03,cam2,laboratory_room,18.17,59.924,1089,640,480,False,standing,,,,CC-BY-4.0,dev,G:/My Drive/upfall_real/Subject3Activity7Trial3Camera2.zip,b963d343f7e65c2433d239a27832bdb51982876d98e79a20fe05b3d29c24a83e,False,True,[],False
UP-Fall,upfall_s03_a08_t01_c1,upfall_subj_03,cam1,laboratory_room,18.14,59.974,1088,640,480,False,sitting,,,,CC-BY-4.0,dev,G:/My Drive/upfall_real/Subject3Activity8Trial1Camera1.zip,1a32a282bff734027e82da75ebec53f2d5d04f778f0d4a39b1ca36bcce57d723,False,True,[],False
UP-Fall,upfall_s03_a08_t01_c2,upfall_subj_03,cam2,laboratory_room,18.14,59.974,1088,640,480,False,sitting,,,,CC-BY-4.0,dev,G:/My Drive/upfall_real/Subject3Activity8Trial1Camera2.zip,ad50e8158e00398251958604e29edc82b466d176a7ae2db0f7cb46851e8e46f4,False,True,[],False
UP-Fall,upfall_s03_a08_t02_c1,upfall_subj_03,cam1,laboratory_room,18.0,59.895,1078,640,480,False,sitting,,,,CC-BY-4.0,dev,G:/My Drive/upfall_real/Subject3Activity8Trial2Camera1.zip,47515a5a374b8b963098f7ce119f0a7ebf819c73ff3bcd6a4540e14d56e226aa,False,True,[],False
UP-Fall,upfall_s03_a08_t02_c2,upfall_subj_03,cam2,laboratory_room,18.0,59.895,1078,640,480,False,sitting,,,,CC-BY-4.0,dev,G:/My Drive/upfall_real/Subject3Activity8Trial2Camera2.zip,ba8d76ec7c85aa696148a469a248418d827d9288a0f468c19af781b724abf0a6,False,True,[],False
UP-Fall,upfall_s03_a08_t03_c1,upfall_subj_03,cam1,laboratory_room,17.87,59.939,1071,640,480,False,sitting,,,,CC-BY-4.0,dev,G:/My Drive/upfall_real/Subject3Activity8Trial3Camera1.zip,2a1f3281241bc99539014fce1c276f18261206aea7cd4a3f2c2ae3cec9a10d2f,False,True,[],False
UP-Fall,upfall_s03_a08_t03_c2,upfall_subj_03,cam2,laboratory_room,17.87,59.939,1071,640,480,False,sitting,,,,CC-BY-4.0,dev,G:/My Drive/upfall_real/Subject3Activity8Trial3Camera2.zip,ae94d00210afb7f7b24e5424c542ce01bbba9e0405cc019c52aa1ee98b03502c,False,True,[],False
UP-Fall,upfall_s03_a09_t01_c1,upfall_subj_03,cam1,laboratory_room,17.68,9.957,176,640,480,False,picking_up_object,,,,CC-BY-4.0,dev,G:/My Drive/upfall_real/Subject3Activity9Trial1Camera1.zip,a96a815042915fc70941c1387a737cdabb4dd8e61c5049b7bf218428933a8af5,False,True,[],False
UP-Fall,upfall_s03_a09_t01_c2,upfall_subj_03,cam2,laboratory_room,17.68,9.957,176,640,480,False,picking_up_object,,,,CC-BY-4.0,dev,G:/My Drive/upfall_real/Subject3Activity9Trial1Camera2.zip,0a41cb6097b6f6abd0d9bfc985d90b88d9f7e16252872e7f69f1a8182556d57d,False,True,[],False
UP-Fall,upfall_s03_a09_t02_c1,upfall_subj_03,cam1,laboratory_room,17.59,9.951,175,640,480,False,picking_up_object,,,,CC-BY-4.0,dev,G:/My Drive/upfall_real/Subject3Activity9Trial2Camera1.zip,36871f24aef36337eaefc9a9997ffe5a1d2e98043a9588cc866941f0d9790f07,False,True,[],False
UP-Fall,upfall_s03_a09_t02_c2,upfall_subj_03,cam2,laboratory_room,17.59,9.951,175,640,480,False,picking_up_object,,,,CC-BY-4.0,dev,G:/My Drive/upfall_real/Subject3Activity9Trial2Camera2.zip,cbe82455648afe90005e2ac1a0ff6581311fa4b6e8da8367d117d0737a778482,False,True,[],False
UP-Fall,upfall_s03_a09_t03_c1,upfall_subj_03,cam1,laboratory_room,17.01,9.935,169,640,480,False,picking_up_object,,,,CC-BY-4.0,dev,G:/My Drive/upfall_real/Subject3Activity9Trial3Camera1.zip,18027ae37cb3e4e776fa1a19a747ded06902cb0e3342af459aa2ccd7d0a0f61f,False,True,[],False
UP-Fall,upfall_s03_a09_t03_c2,upfall_subj_03,cam2,laboratory_room,17.01,9.935,169,640,480,False,picking_up_object,,,,CC-BY-4.0,dev,G:/My Drive/upfall_real/Subject3Activity9Trial3Camera2.zip,6b67a419e6d6323fcfaf67b00ee5bd40c4fccff45b1a9171f89b3c21576d3a83,False,True,[],False
UP-Fall,upfall_s04_a10_t01_c1,upfall_subj_04,cam1,laboratory_room,17.83,29.89,533,640,480,False,jumping,,,,CC-BY-4.0,dev,G:/My Drive/upfall_real/Subject4Activity10Trial1Camera1.zip,3885f129ee1876e71c27291f06d11425ae0b081802f7477ba30287ff28fa808f,False,True,[],False
UP-Fall,upfall_s04_a10_t01_c2,upfall_subj_04,cam2,laboratory_room,17.83,29.89,533,640,480,False,jumping,,,,CC-BY-4.0,dev,G:/My Drive/upfall_real/Subject4Activity10Trial1Camera2.zip,61964b26ec8075cd4f9703755e241d66300d091e959fe6ee7221d0ec82cb64eb,False,True,[],False
UP-Fall,upfall_s04_a10_t02_c1,upfall_subj_04,cam1,laboratory_room,17.66,29.956,529,640,480,False,jumping,,,,CC-BY-4.0,dev,G:/My Drive/upfall_real/Subject4Activity10Trial2Camera1.zip,e87654d62786adb429f3c2410af7068f58f69a905017dd6afc828cdc17f1f99b,False,True,[],False
UP-Fall,upfall_s04_a10_t02_c2,upfall_subj_04,cam2,laboratory_room,17.66,29.956,529,640,480,False,jumping,,,,CC-BY-4.0,dev,G:/My Drive/upfall_real/Subject4Activity10Trial2Camera2.zip,ea80d561b99be902d01341bdfee1e1dac80eda5dd106574f47c353ecfdc2f61a,False,True,[],False
UP-Fall,upfall_s04_a10_t03_c1,upfall_subj_04,cam1,laboratory_room,17.91,29.932,536,640,480,False,jumping,,,,CC-BY-4.0,dev,G:/My Drive/upfall_real/Subject4Activity10Trial3Camera1.zip,bbaca3dee7024af829492de8b09b3ac5dd991b1ca3fca3bcd224c8e2f4e4cf3b,False,True,[],False
UP-Fall,upfall_s04_a10_t03_c2,upfall_subj_04,cam2,laboratory_room,17.91,29.932,536,640,480,False,jumping,,,,CC-BY-4.0,dev,G:/My Drive/upfall_real/Subject4Activity10Trial3Camera2.zip,c9a1640ffdf779df8bd444846b1462d8381da0955d15b80372611968623ccb6c,False,True,[],False
UP-Fall,upfall_s04_a11_t01_c1,upfall_subj_04,cam1,laboratory_room,17.65,59.934,1058,640,480,False,lying_down,,,,CC-BY-4.0,dev,G:/My Drive/upfall_real/Subject4Activity11Trial1Camera1.zip,bc985ef6d28f9d841c231d64db2cca660a0857d4e4822451f324ef5171a8e594,False,True,[],False
UP-Fall,upfall_s04_a11_t01_c2,upfall_subj_04,cam2,laboratory_room,17.65,59.934,1058,640,480,False,lying_down,,,,CC-BY-4.0,dev,G:/My Drive/upfall_real/Subject4Activity11Trial1Camera2.zip,192552d924bfda7275ba64c8d8ee5fd065bb5511a48d50e68d5372b112069064,False,True,[],False
UP-Fall,upfall_s04_a11_t02_c1,upfall_subj_04,cam1,laboratory_room,17.75,59.932,1064,640,480,False,lying_down,,,,CC-BY-4.0,dev,G:/My Drive/upfall_real/Subject4Activity11Trial2Camera1.zip,d496eb2b1bde3d1f158ddd0ba0d19bc0c2de4ebe8af683b74021481b7be13d7b,False,True,[],False
UP-Fall,upfall_s04_a11_t02_c2,upfall_subj_04,cam2,laboratory_room,17.75,59.932,1064,640,480,False,lying_down,,,,CC-BY-4.0,dev,G:/My Drive/upfall_real/Subject4Activity11Trial2Camera2.zip,843f52d8d8a79f985f28b7b67abbf60832d15816fa9f53b54894b826d86e9768,False,True,[],False
UP-Fall,upfall_s04_a11_t03_c1,upfall_subj_04,cam1,laboratory_room,17.83,59.905,1068,640,480,False,lying_down,,,,CC-BY-4.0,dev,G:/My Drive/upfall_real/Subject4Activity11Trial3Camera1.zip,60f9fe0af8a0303670bcd49a60788ebd9ea8e649cf5565b7fe4f0fe48eadf24e,False,True,[],False
UP-Fall,upfall_s04_a11_t03_c2,upfall_subj_04,cam2,laboratory_room,17.83,59.905,1068,640,480,False,lying_down,,,,CC-BY-4.0,dev,G:/My Drive/upfall_real/Subject4Activity11Trial3Camera2.zip,210ebd6b394082b6e1c85116eaae696c05bc774b8fd8182a6b943529dda16476,False,True,[],False
UP-Fall,upfall_s04_a01_t01_c1,upfall_subj_04,cam1,laboratory_room,18.46,9.915,183,640,480,True,fall_forward_hands,1.105,2.418,2.464,CC-BY-4.0,dev,G:/My Drive/upfall_real/Subject4Activity1Trial1Camera1.zip,3d608b7dd8383905f06b02f05c5632517030e591e73cfeb3e4f0c638c9292b43,False,True,[],False
UP-Fall,upfall_s04_a01_t01_c2,upfall_subj_04,cam2,laboratory_room,18.46,9.915,183,640,480,True,fall_forward_hands,1.105,2.418,2.464,CC-BY-4.0,dev,G:/My Drive/upfall_real/Subject4Activity1Trial1Camera2.zip,9353134ebabf2f2d414b08cd4a480e8869e89ade8b1ea1a1ef0c661e473acafd,False,True,[],False
UP-Fall,upfall_s04_a01_t02_c1,upfall_subj_04,cam1,laboratory_room,18.69,9.952,186,640,480,True,fall_forward_hands,1.265,2.046,2.097,CC-BY-4.0,dev,G:/My Drive/upfall_real/Subject4Activity1Trial2Camera1.zip,c143bee5f2e8ce8f43ac7c4dac57c4aa9889706c47e26da3532c31f5d8f43e86,False,True,[],False
UP-Fall,upfall_s04_a01_t02_c2,upfall_subj_04,cam2,laboratory_room,18.69,9.952,186,640,480,True,fall_forward_hands,1.265,2.046,2.097,CC-BY-4.0,dev,G:/My Drive/upfall_real/Subject4Activity1Trial2Camera2.zip,9d17bbe539376b81aaad2eb508a314e740a212590d5074406708a2c37cae33bf,False,True,[],False
UP-Fall,upfall_s04_a01_t03_c1,upfall_subj_04,cam1,laboratory_room,18.62,9.936,185,640,480,True,fall_forward_hands,0.968,2.063,2.118,CC-BY-4.0,dev,G:/My Drive/upfall_real/Subject4Activity1Trial3Camera1.zip,787ea52fd20ed3868509b2899ec62339ee7a65e3e551790c8539609ad83d2d10,False,True,[],False
UP-Fall,upfall_s04_a01_t03_c2,upfall_subj_04,cam2,laboratory_room,18.62,9.936,185,640,480,True,fall_forward_hands,0.968,2.063,2.118,CC-BY-4.0,dev,G:/My Drive/upfall_real/Subject4Activity1Trial3Camera2.zip,a660cf61eb0479691d29136e79c7c98057428bd8b5619de2aa2e442e53c09ea2,False,True,[],False
UP-Fall,upfall_s04_a02_t01_c1,upfall_subj_04,cam1,laboratory_room,18.46,9.913,183,640,480,True,fall_forward_knees,0.915,2.598,2.659,CC-BY-4.0,dev,G:/My Drive/upfall_real/Subject4Activity2Trial1Camera1.zip,c77fc98957eab3410852288df105aec0831abf968327ecf030a1de0736b151e7,False,True,[],False
UP-Fall,upfall_s04_a02_t01_c2,upfall_subj_04,cam2,laboratory_room,18.46,9.913,183,640,480,True,fall_forward_knees,0.915,2.598,2.659,CC-BY-4.0,dev,G:/My Drive/upfall_real/Subject4Activity2Trial1Camera2.zip,a53a1f121b3bdda04bdd38b3a7bd0b4515d5bc807b5737cf40ed81cfa772530a,False,True,[],False
UP-Fall,upfall_s04_a02_t02_c1,upfall_subj_04,cam1,laboratory_room,19.07,9.91,189,640,480,True,fall_forward_knees,1.074,2.957,3.012,CC-BY-4.0,dev,G:/My Drive/upfall_real/Subject4Activity2Trial2Camera1.zip,b578be0038ef71d0b20261bcfc1ca474eea12e5ac74c228222db6995c9ae4ffb,False,True,[],False
UP-Fall,upfall_s04_a02_t02_c2,upfall_subj_04,cam2,laboratory_room,19.07,9.91,189,640,480,True,fall_forward_knees,1.074,2.957,3.012,CC-BY-4.0,dev,G:/My Drive/upfall_real/Subject4Activity2Trial2Camera2.zip,f77b445e081f4b45333062d9e4648bffb89e9600383bbbac662d1a58efb73490,False,True,[],False
UP-Fall,upfall_s04_a02_t03_c1,upfall_subj_04,cam1,laboratory_room,19.31,9.892,191,640,480,True,fall_forward_knees,0.905,2.674,2.719,CC-BY-4.0,dev,G:/My Drive/upfall_real/Subject4Activity2Trial3Camera1.zip,6692525f3b7496a7074e79bc28d5558add86466cf308cd61194a17565bafcec4,False,True,[],False
UP-Fall,upfall_s04_a02_t03_c2,upfall_subj_04,cam2,laboratory_room,19.31,9.892,191,640,480,True,fall_forward_knees,0.905,2.674,2.719,CC-BY-4.0,dev,G:/My Drive/upfall_real/Subject4Activity2Trial3Camera2.zip,36a8af95f7ed5c5ca62e43aaa14f6ac3e824ee7f6285f6ec25843e6ed9b4f462,False,True,[],False
UP-Fall,upfall_s04_a03_t01_c1,upfall_subj_04,cam1,laboratory_room,18.25,9.915,181,640,480,True,fall_backward,1.438,2.972,3.022,CC-BY-4.0,dev,G:/My Drive/upfall_real/Subject4Activity3Trial1Camera1.zip,c8455ba86919382962a4e3d5f43c10ec2d1a6975ea1420db838cbe2df9bee094,False,True,[],False
UP-Fall,upfall_s04_a03_t01_c2,upfall_subj_04,cam2,laboratory_room,18.25,9.915,181,640,480,True,fall_backward,1.438,2.972,3.022,CC-BY-4.0,dev,G:/My Drive/upfall_real/Subject4Activity3Trial1Camera2.zip,1ae4070ca73a66ebcecb4f40455a9783871605b0e5931d6c716248410dce124f,False,True,[],False
UP-Fall,upfall_s04_a03_t02_c1,upfall_subj_04,cam1,laboratory_room,18.54,9.871,183,640,480,True,fall_backward,0.891,2.887,2.946,CC-BY-4.0,dev,G:/My Drive/upfall_real/Subject4Activity3Trial2Camera1.zip,bdcb381856d3652d24a92c428ddd964caa2c5c7bc2ef9698139d73c458445ad1,False,True,[],False
UP-Fall,upfall_s04_a03_t02_c2,upfall_subj_04,cam2,laboratory_room,18.54,9.871,183,640,480,True,fall_backward,0.891,2.887,2.946,CC-BY-4.0,dev,G:/My Drive/upfall_real/Subject4Activity3Trial2Camera2.zip,c85aec42a198c76c05d3f16210d83c988f4585cfaccc84211f7bcb777d4353ac,False,True,[],False
UP-Fall,upfall_s04_a03_t03_c1,upfall_subj_04,cam1,laboratory_room,18.8,9.892,186,640,480,True,fall_backward,1.095,2.456,2.502,CC-BY-4.0,dev,G:/My Drive/upfall_real/Subject4Activity3Trial3Camera1.zip,90413ae6367ce124c4622256871635c74b033bf79786af48b447bba7397526e5,False,True,[],False
UP-Fall,upfall_s04_a03_t03_c2,upfall_subj_04,cam2,laboratory_room,18.8,9.892,186,640,480,True,fall_backward,1.095,2.456,2.502,CC-BY-4.0,dev,G:/My Drive/upfall_real/Subject4Activity3Trial3Camera2.zip,a2a8ee2f923e0c803d4d9ef7e10e6ad3e6d40a86093c5cb3f67392f280020a65,False,True,[],False
UP-Fall,upfall_s04_a04_t01_c1,upfall_subj_04,cam1,laboratory_room,18.85,9.919,187,640,480,True,fall_sideways,1.322,2.638,2.689,CC-BY-4.0,dev,G:/My Drive/upfall_real/Subject4Activity4Trial1Camera1.zip,c3aa8ed95fbcb2e184bd989095d4a99afbf0d6abe4cee3d4e986eccf0a27e94d,False,True,[],False
UP-Fall,upfall_s04_a04_t01_c2,upfall_subj_04,cam2,laboratory_room,18.85,9.919,187,640,480,True,fall_sideways,1.322,2.638,2.689,CC-BY-4.0,dev,G:/My Drive/upfall_real/Subject4Activity4Trial1Camera2.zip,0a1418d6954b782e67563a4d5525a5c1afeca49dbe03e0d8666973b275f57f97,False,True,[],False
UP-Fall,upfall_s04_a04_t02_c1,upfall_subj_04,cam1,laboratory_room,19.4,9.946,193,640,480,True,fall_sideways,1.151,2.434,2.484,CC-BY-4.0,dev,G:/My Drive/upfall_real/Subject4Activity4Trial2Camera1.zip,12f2efc2e9b5d6d230cd75bee1dbde47082c2a34d4ea3613d28c95ff22f38721,False,True,[],False
UP-Fall,upfall_s04_a04_t02_c2,upfall_subj_04,cam2,laboratory_room,19.4,9.946,193,640,480,True,fall_sideways,1.151,2.434,2.484,CC-BY-4.0,dev,G:/My Drive/upfall_real/Subject4Activity4Trial2Camera2.zip,fe15141b2116b6b385d6624e73a05efb2c66eae0188adbd831d042fc8295d287,False,True,[],False
UP-Fall,upfall_s04_a04_t03_c1,upfall_subj_04,cam1,laboratory_room,19.26,9.917,191,640,480,True,fall_sideways,1.255,2.644,2.689,CC-BY-4.0,dev,G:/My Drive/upfall_real/Subject4Activity4Trial3Camera1.zip,c029a6dad8b56b88cbc27bb136587aa0d3711c744a7302d7f15777e29e221fdc,False,True,[],False
UP-Fall,upfall_s04_a04_t03_c2,upfall_subj_04,cam2,laboratory_room,19.26,9.917,191,640,480,True,fall_sideways,1.255,2.644,2.689,CC-BY-4.0,dev,G:/My Drive/upfall_real/Subject4Activity4Trial3Camera2.zip,47ac58ff96a6f28505fdd1c748f81363b59e91ed5734293395a3caf75f964aa1,False,True,[],False
UP-Fall,upfall_s04_a05_t01_c1,upfall_subj_04,cam1,laboratory_room,18.3,9.948,182,640,480,True,fall_from_chair,0.657,2.952,3.007,CC-BY-4.0,dev,G:/My Drive/upfall_real/Subject4Activity5Trial1Camera1.zip,c74f4a10c6e78ef8a5a04b1f0b84a45f62abd13f1b194fb7eb3a059460c81164,False,True,[],False
UP-Fall,upfall_s04_a05_t01_c2,upfall_subj_04,cam2,laboratory_room,18.3,9.948,182,640,480,True,fall_from_chair,0.657,2.952,3.007,CC-BY-4.0,dev,G:/My Drive/upfall_real/Subject4Activity5Trial1Camera2.zip,ab86475f0224afefffba338c2d23ed77d61180d74c442a7ae8f129218e3b818d,False,True,[],False
UP-Fall,upfall_s04_a05_t02_c1,upfall_subj_04,cam1,laboratory_room,18.28,9.957,182,640,480,True,fall_from_chair,0.992,3.168,3.219,CC-BY-4.0,dev,G:/My Drive/upfall_real/Subject4Activity5Trial2Camera1.zip,ec8e116e80a35b348cfc0916a253380b33e0bf8b6beebf42b6a1fcdcb43a7a56,False,True,[],False
UP-Fall,upfall_s04_a05_t02_c2,upfall_subj_04,cam2,laboratory_room,18.28,9.957,182,640,480,True,fall_from_chair,0.992,3.168,3.219,CC-BY-4.0,dev,G:/My Drive/upfall_real/Subject4Activity5Trial2Camera2.zip,613273400d2292b8a868af256edba0809a20f90458b29764fed1348a06c9e56a,False,True,[],False
UP-Fall,upfall_s04_a05_t03_c1,upfall_subj_04,cam1,laboratory_room,18.06,9.967,180,640,480,True,fall_from_chair,0.857,3.026,3.093,CC-BY-4.0,dev,G:/My Drive/upfall_real/Subject4Activity5Trial3Camera1.zip,daf5a0ce749a08330ced73a536dd14ccfd4c46b8060e7aab8c1a011889fe3e10,False,True,[],False
UP-Fall,upfall_s04_a05_t03_c2,upfall_subj_04,cam2,laboratory_room,18.06,9.967,180,640,480,True,fall_from_chair,0.857,3.026,3.093,CC-BY-4.0,dev,G:/My Drive/upfall_real/Subject4Activity5Trial3Camera2.zip,63e8a9cbcbbf05606a96292f949ae88b4e026ba7ee54c2bf6b4435022fe20e6b,False,True,[],False
UP-Fall,upfall_s04_a06_t01_c1,upfall_subj_04,cam1,laboratory_room,18.18,59.891,1089,640,480,False,walking,,,,CC-BY-4.0,dev,G:/My Drive/upfall_real/Subject4Activity6Trial1Camera1.zip,7193237e5d03fc5d7587fc652db8b0f492c19b3f67a139c5f6893765281ee97f,False,True,[],False
UP-Fall,upfall_s04_a06_t01_c2,upfall_subj_04,cam2,laboratory_room,18.18,59.891,1089,640,480,False,walking,,,,CC-BY-4.0,dev,G:/My Drive/upfall_real/Subject4Activity6Trial1Camera2.zip,ed21888f79c352657b451f253fc260dcb288efbeb46eb1ce4ff47555ea60b9aa,False,True,[],False
UP-Fall,upfall_s04_a06_t02_c1,upfall_subj_04,cam1,laboratory_room,18.23,59.917,1092,640,480,False,walking,,,,CC-BY-4.0,dev,G:/My Drive/upfall_real/Subject4Activity6Trial2Camera1.zip,74d81b72519f4162159290371464589d7c2607a4358ca826e5b8cf146d285e42,False,True,[],False
UP-Fall,upfall_s04_a06_t02_c2,upfall_subj_04,cam2,laboratory_room,18.23,59.917,1092,640,480,False,walking,,,,CC-BY-4.0,dev,G:/My Drive/upfall_real/Subject4Activity6Trial2Camera2.zip,dd7fb235f681caf1a6aea0d2255c2b9a9babe41d7b0615505ebdb548795d6614,False,True,[],False
UP-Fall,upfall_s04_a06_t03_c1,upfall_subj_04,cam1,laboratory_room,18.16,59.956,1089,640,480,False,walking,,,,CC-BY-4.0,dev,G:/My Drive/upfall_real/Subject4Activity6Trial3Camera1.zip,a4c9eca26436a8567bda2d4190de2ebce919bdf385296628c755e7d55e66a20f,False,True,[],False
UP-Fall,upfall_s04_a06_t03_c2,upfall_subj_04,cam2,laboratory_room,18.16,59.956,1089,640,480,False,walking,,,,CC-BY-4.0,dev,G:/My Drive/upfall_real/Subject4Activity6Trial3Camera2.zip,d1051e28311b122324028ce279e1c4cfe55a5f53856d7d4c1adffa4685e2d0af,False,True,[],False
UP-Fall,upfall_s04_a07_t01_c1,upfall_subj_04,cam1,laboratory_room,18.11,59.952,1086,640,480,False,standing,,,,CC-BY-4.0,dev,G:/My Drive/upfall_real/Subject4Activity7Trial1Camera1.zip,8afe67f613b4831639ee560d9ccd853e8f71189bc2a61a04c66251984b0f2bf1,False,True,[],False
UP-Fall,upfall_s04_a07_t01_c2,upfall_subj_04,cam2,laboratory_room,18.11,59.952,1086,640,480,False,standing,,,,CC-BY-4.0,dev,G:/My Drive/upfall_real/Subject4Activity7Trial1Camera2.zip,b726a70a655c5e34aece16a0c8dfe119d020475cccab86968b683926420a987d,False,True,[],False
UP-Fall,upfall_s04_a07_t02_c1,upfall_subj_04,cam1,laboratory_room,17.8,59.896,1066,640,480,False,standing,,,,CC-BY-4.0,dev,G:/My Drive/upfall_real/Subject4Activity7Trial2Camera1.zip,58fe5807be6f0de8379cbd8585a10c11746f7014abf6d206cf4964bf0d37797a,False,True,[],False
UP-Fall,upfall_s04_a07_t02_c2,upfall_subj_04,cam2,laboratory_room,17.8,59.896,1066,640,480,False,standing,,,,CC-BY-4.0,dev,G:/My Drive/upfall_real/Subject4Activity7Trial2Camera2.zip,265adcec9e9afae5a76201ffe234644701cf0ade745054f5a528811764d4b99f,False,True,[],False
UP-Fall,upfall_s04_a07_t03_c1,upfall_subj_04,cam1,laboratory_room,18.02,59.923,1080,640,480,False,standing,,,,CC-BY-4.0,dev,G:/My Drive/upfall_real/Subject4Activity7Trial3Camera1.zip,2fc4026a6a59440f48251f85dac1854c7f0e80f14d1a2774a6d34b540f397e81,False,True,[],False
UP-Fall,upfall_s04_a07_t03_c2,upfall_subj_04,cam2,laboratory_room,18.02,59.923,1080,640,480,False,standing,,,,CC-BY-4.0,dev,G:/My Drive/upfall_real/Subject4Activity7Trial3Camera2.zip,7d4434d35e94b86cd82ae874da6aae3f00eda44f8e5d47d9d2b50245536e729d,False,True,[],False
UP-Fall,upfall_s04_a08_t01_c1,upfall_subj_04,cam1,laboratory_room,17.98,59.953,1078,640,480,False,sitting,,,,CC-BY-4.0,dev,G:/My Drive/upfall_real/Subject4Activity8Trial1Camera1.zip,f3e3e2cc47a436f279de9ab53b10efbd56be25032c19499e0f36bd308c28e1cc,False,True,[],False
UP-Fall,upfall_s04_a08_t01_c2,upfall_subj_04,cam2,laboratory_room,17.98,59.953,1078,640,480,False,sitting,,,,CC-BY-4.0,dev,G:/My Drive/upfall_real/Subject4Activity8Trial1Camera2.zip,fc594cf10013e864d31544b819cdb545ef6967a60b453b15f4a590a72a0d8206,False,True,[],False
UP-Fall,upfall_s04_a08_t02_c1,upfall_subj_04,cam1,laboratory_room,17.88,59.895,1071,640,480,False,sitting,,,,CC-BY-4.0,dev,G:/My Drive/upfall_real/Subject4Activity8Trial2Camera1.zip,afe1d1fd91f1d4a0c42e3599be29a058221d906e5c6b4ca4f63448bdbe72b785,False,True,[],False
UP-Fall,upfall_s04_a08_t02_c2,upfall_subj_04,cam2,laboratory_room,17.88,59.895,1071,640,480,False,sitting,,,,CC-BY-4.0,dev,G:/My Drive/upfall_real/Subject4Activity8Trial2Camera2.zip,e7751e69323effaa58ff044827cf9f925c2f2f942f048b42ff753b8d08d32096,False,True,[],False
UP-Fall,upfall_s04_a08_t03_c1,upfall_subj_04,cam1,laboratory_room,17.64,59.916,1057,640,480,False,sitting,,,,CC-BY-4.0,dev,G:/My Drive/upfall_real/Subject4Activity8Trial3Camera1.zip,1279c9879fd2c2cc9755dcb8e8415def208aec1c0754c917eee6f1f4b02198c1,False,True,[],False
UP-Fall,upfall_s04_a08_t03_c2,upfall_subj_04,cam2,laboratory_room,17.64,59.916,1057,640,480,False,sitting,,,,CC-BY-4.0,dev,G:/My Drive/upfall_real/Subject4Activity8Trial3Camera2.zip,ce5d076f6a39e20e21f07687a3591db1e294849c61c0f2ebb67811ec0cc6fc6b,False,True,[],False
UP-Fall,upfall_s04_a09_t01_c1,upfall_subj_04,cam1,laboratory_room,17.84,9.979,178,640,480,False,picking_up_object,,,,CC-BY-4.0,dev,G:/My Drive/upfall_real/Subject4Activity9Trial1Camera1.zip,3b4aded06b0b2747c6fe948ed3a713bba01d64631b31d6c5e5a44b212208cbbd,False,True,[],False
UP-Fall,upfall_s04_a09_t01_c2,upfall_subj_04,cam2,laboratory_room,17.84,9.979,178,640,480,False,picking_up_object,,,,CC-BY-4.0,dev,G:/My Drive/upfall_real/Subject4Activity9Trial1Camera2.zip,d77ded9811700aac65fdd60d54329fb05517efb85f447c2b05fc459a02f8f4e4,False,True,[],False
UP-Fall,upfall_s04_a09_t02_c1,upfall_subj_04,cam1,laboratory_room,18.01,9.936,179,640,480,False,picking_up_object,,,,CC-BY-4.0,dev,G:/My Drive/upfall_real/Subject4Activity9Trial2Camera1.zip,d144ac810a6e8428795e89f35f731a128c149039058eef081ce969613858af8f,False,True,[],False
UP-Fall,upfall_s04_a09_t02_c2,upfall_subj_04,cam2,laboratory_room,18.01,9.936,179,640,480,False,picking_up_object,,,,CC-BY-4.0,dev,G:/My Drive/upfall_real/Subject4Activity9Trial2Camera2.zip,d96796890c1e0c5b0d2466a34c0e8282a12e48c1d4afd979b054bd7aae3fb035,False,True,[],False
UP-Fall,upfall_s04_a09_t03_c1,upfall_subj_04,cam1,laboratory_room,18.08,9.955,180,640,480,False,picking_up_object,,,,CC-BY-4.0,dev,G:/My Drive/upfall_real/Subject4Activity9Trial3Camera1.zip,1e673f8b1cf0854499d928cb17ae9be6a4741f95e03f8f8e6b7999dd9a06afa7,False,True,[],False
UP-Fall,upfall_s04_a09_t03_c2,upfall_subj_04,cam2,laboratory_room,18.08,9.955,180,640,480,False,picking_up_object,,,,CC-BY-4.0,dev,G:/My Drive/upfall_real/Subject4Activity9Trial3Camera2.zip,634f7c379767b13c11c50695344a387aadcabea5632a7888ff7d9a69b6affceb,False,True,[],False
UP-Fall,upfall_s05_a10_t01_c1,upfall_subj_05,cam1,laboratory_room,18.9,29.954,566,640,480,False,jumping,,,,CC-BY-4.0,dev,G:/My Drive/upfall_real/Subject5Activity10Trial1Camera1.zip,3bf98f5754349b4d87bcb21ad8507fba5596ce9de65c03193772cd7845c8e9db,False,True,[],False
UP-Fall,upfall_s05_a10_t01_c2,upfall_subj_05,cam2,laboratory_room,18.9,29.954,566,640,480,False,jumping,,,,CC-BY-4.0,dev,G:/My Drive/upfall_real/Subject5Activity10Trial1Camera2.zip,7d2be055cf0b9015f09874328c6be8157d7e0ab05decd8e4e52a553033438603,False,True,[],False
UP-Fall,upfall_s05_a10_t02_c1,upfall_subj_05,cam1,laboratory_room,18.57,29.934,556,640,480,False,jumping,,,,CC-BY-4.0,dev,G:/My Drive/upfall_real/Subject5Activity10Trial2Camera1.zip,3a6b0cff2b371b6d397142ddb152582e6f1203ff614e76f54aea375720ad26e5,False,True,[],False
UP-Fall,upfall_s05_a10_t02_c2,upfall_subj_05,cam2,laboratory_room,18.57,29.934,556,640,480,False,jumping,,,,CC-BY-4.0,dev,G:/My Drive/upfall_real/Subject5Activity10Trial2Camera2.zip,6a9b111f13c57db11320e0b6008f4e1c1af3dc59fbc4507a223c0c228f8ad6d2,False,True,[],False
UP-Fall,upfall_s05_a10_t03_c1,upfall_subj_05,cam1,laboratory_room,18.83,29.898,563,640,480,False,jumping,,,,CC-BY-4.0,dev,G:/My Drive/upfall_real/Subject5Activity10Trial3Camera1.zip,c6469ef3785cf34cdcd263fee72547cee6f13737a140654023beaead1c5437b9,False,True,[],False
UP-Fall,upfall_s05_a10_t03_c2,upfall_subj_05,cam2,laboratory_room,18.83,29.898,563,640,480,False,jumping,,,,CC-BY-4.0,dev,G:/My Drive/upfall_real/Subject5Activity10Trial3Camera2.zip,591f729729e264c9c9ad9531ef6cc93fcc2040e023e533642285f2199f90e617,False,True,[],False
UP-Fall,upfall_s05_a11_t01_c1,upfall_subj_05,cam1,laboratory_room,18.22,59.938,1092,640,480,False,lying_down,,,,CC-BY-4.0,dev,G:/My Drive/upfall_real/Subject5Activity11Trial1Camera1.zip,ca627ddce99deb5113dec66501d0b150dbf05f16f1b1d4838464dbc95c1d535d,False,True,[],False
UP-Fall,upfall_s05_a11_t01_c2,upfall_subj_05,cam2,laboratory_room,18.22,59.938,1092,640,480,False,lying_down,,,,CC-BY-4.0,dev,G:/My Drive/upfall_real/Subject5Activity11Trial1Camera2.zip,0051629be45ae7b537bd40fab71327c9c5ca9c5fb497e66c1512275922ba5fa5,False,True,[],False
UP-Fall,upfall_s05_a11_t02_c1,upfall_subj_05,cam1,laboratory_room,18.15,59.937,1088,640,480,False,lying_down,,,,CC-BY-4.0,dev,G:/My Drive/upfall_real/Subject5Activity11Trial2Camera1.zip,a709e715ec3000166d6d88b96911ed8bd492b0ed73b920d388609b967c07809f,False,True,[],False
UP-Fall,upfall_s05_a11_t02_c2,upfall_subj_05,cam2,laboratory_room,18.15,59.937,1088,640,480,False,lying_down,,,,CC-BY-4.0,dev,G:/My Drive/upfall_real/Subject5Activity11Trial2Camera2.zip,69584cdc6e46adb88041f347237b8f2eb9abd34651a8c5388c5707ea86873636,False,True,[],False
UP-Fall,upfall_s05_a11_t03_c1,upfall_subj_05,cam1,laboratory_room,17.78,59.894,1065,640,480,False,lying_down,,,,CC-BY-4.0,dev,G:/My Drive/upfall_real/Subject5Activity11Trial3Camera1.zip,69fe0d6b8d3f55c6bcb0a9d4edea18842a5ba9c690750dd14b52f389e427d69d,False,True,[],False
UP-Fall,upfall_s05_a11_t03_c2,upfall_subj_05,cam2,laboratory_room,17.78,59.894,1065,640,480,False,lying_down,,,,CC-BY-4.0,dev,G:/My Drive/upfall_real/Subject5Activity11Trial3Camera2.zip,5ffca4b78e3306d5691b246fb380df25be8ae77bfad0b7fdc2a2a6504e0dfa62,False,True,[],False
UP-Fall,upfall_s05_a01_t01_c1,upfall_subj_05,cam1,laboratory_room,18.7,9.891,185,640,480,True,fall_forward_hands,2.019,3.013,3.063,CC-BY-4.0,dev,G:/My Drive/upfall_real/Subject5Activity1Trial1Camera1.zip,ba99281401b55bb5af5348e3833d59acb1f10ec7e226323fc3d57e30fff4e311,False,True,[],False
UP-Fall,upfall_s05_a01_t01_c2,upfall_subj_05,cam2,laboratory_room,18.7,9.891,185,640,480,True,fall_forward_hands,2.019,3.013,3.063,CC-BY-4.0,dev,G:/My Drive/upfall_real/Subject5Activity1Trial1Camera2.zip,a8b8e69aeea0fbfbf4a596ac92e830d0545eab3dff12802eaea30b18fdb85492,False,True,[],False
UP-Fall,upfall_s05_a01_t02_c1,upfall_subj_05,cam1,laboratory_room,18.76,9.915,186,640,480,True,fall_forward_hands,2.437,3.577,3.627,CC-BY-4.0,dev,G:/My Drive/upfall_real/Subject5Activity1Trial2Camera1.zip,ebd4d64ee64a43359ed2c886fd49fece0eef3398037b6577cb75d1f469365570,False,True,[],False
UP-Fall,upfall_s05_a01_t02_c2,upfall_subj_05,cam2,laboratory_room,18.76,9.915,186,640,480,True,fall_forward_hands,2.437,3.577,3.627,CC-BY-4.0,dev,G:/My Drive/upfall_real/Subject5Activity1Trial2Camera2.zip,85c9d5fba777bd57ecd6eb2147c2e2db91846f2ef2954ac0abaa62aec2d66cb3,False,True,[],False
UP-Fall,upfall_s05_a01_t03_c1,upfall_subj_05,cam1,laboratory_room,18.57,9.857,183,640,480,True,fall_forward_hands,2.304,3.529,3.58,CC-BY-4.0,dev,G:/My Drive/upfall_real/Subject5Activity1Trial3Camera1.zip,c93083f3fced99b32f11099ddb6267d601e0271ae9cab7fbd2017a047580e601,False,True,[],False
UP-Fall,upfall_s05_a01_t03_c2,upfall_subj_05,cam2,laboratory_room,18.57,9.857,183,640,480,True,fall_forward_hands,2.304,3.529,3.58,CC-BY-4.0,dev,G:/My Drive/upfall_real/Subject5Activity1Trial3Camera2.zip,5e2c406749ab1188e179ad01c65836f4a926350815dfcfddbb1aa908a9dfe01f,False,True,[],False
UP-Fall,upfall_s05_a02_t01_c1,upfall_subj_05,cam1,laboratory_room,19.36,9.919,192,640,480,True,fall_forward_knees,1.461,4.39,4.432,CC-BY-4.0,dev,G:/My Drive/upfall_real/Subject5Activity2Trial1Camera1.zip,2b0e73186fa8b6057d795e625f3dc435e3cd9982697f5a18370814cccf1a7b09,False,True,[],False
UP-Fall,upfall_s05_a02_t01_c2,upfall_subj_05,cam2,laboratory_room,19.36,9.919,192,640,480,True,fall_forward_knees,1.461,4.39,4.432,CC-BY-4.0,dev,G:/My Drive/upfall_real/Subject5Activity2Trial1Camera2.zip,22266860fc5fc455b2106035e7a7b3234dc11826b023fc6acc0c407d7c14908c,False,True,[],False
UP-Fall,upfall_s05_a02_t02_c1,upfall_subj_05,cam1,laboratory_room,19.0,9.897,188,640,480,True,fall_forward_knees,0.836,3.163,3.209,CC-BY-4.0,dev,G:/My Drive/upfall_real/Subject5Activity2Trial2Camera1.zip,56015c8fb8048c776b839baea227c8be0ba7374db84ea185128a78e0d1d2e3ff,False,True,[],False
UP-Fall,upfall_s05_a02_t02_c2,upfall_subj_05,cam2,laboratory_room,19.0,9.897,188,640,480,True,fall_forward_knees,0.836,3.163,3.209,CC-BY-4.0,dev,G:/My Drive/upfall_real/Subject5Activity2Trial2Camera2.zip,3e87ad4d4e2b3a0e011c6ecc0e0a3e008c8a5cddab45d0a617bb7bc0145b5927,False,True,[],False
UP-Fall,upfall_s05_a02_t03_c1,upfall_subj_05,cam1,laboratory_room,19.06,9.915,189,640,480,True,fall_forward_knees,1.179,2.478,2.525,CC-BY-4.0,dev,G:/My Drive/upfall_real/Subject5Activity2Trial3Camera1.zip,3dc2e71a4df38d7deebb6b9545b36e0fbd0ab476ef2ae64c90d4e81e911b8f11,False,True,[],False
UP-Fall,upfall_s05_a02_t03_c2,upfall_subj_05,cam2,laboratory_room,19.06,9.915,189,640,480,True,fall_forward_knees,1.179,2.478,2.525,CC-BY-4.0,dev,G:/My Drive/upfall_real/Subject5Activity2Trial3Camera2.zip,6b34a457d00228e1a56c77ce98d58ec359138cd3f0ab340bbc812f81d23c9765,False,True,[],False
UP-Fall,upfall_s05_a03_t01_c1,upfall_subj_05,cam1,laboratory_room,19.47,9.862,192,640,480,True,fall_backward,1.143,2.781,2.826,CC-BY-4.0,dev,G:/My Drive/upfall_real/Subject5Activity3Trial1Camera1.zip,52f71f7592e1d9b7095be2d260fd84565cdb9f06a336e917930430b0f43c216a,False,True,[],False
UP-Fall,upfall_s05_a03_t01_c2,upfall_subj_05,cam2,laboratory_room,19.47,9.862,192,640,480,True,fall_backward,1.143,2.781,2.826,CC-BY-4.0,dev,G:/My Drive/upfall_real/Subject5Activity3Trial1Camera2.zip,4a949a296dfdff4b881d4e381e6726e7fbaf0c29be26f257d55481027c06398d,False,True,[],False
UP-Fall,upfall_s05_a03_t02_c1,upfall_subj_05,cam1,laboratory_room,19.4,9.898,192,640,480,True,fall_backward,0.86,2.556,2.603,CC-BY-4.0,dev,G:/My Drive/upfall_real/Subject5Activity3Trial2Camera1.zip,a17bcb4e0862c45823c72fdfd57cb6e0b6f487290c5226281a76f7e632b2d5dc,False,True,[],False
UP-Fall,upfall_s05_a03_t02_c2,upfall_subj_05,cam2,laboratory_room,19.4,9.898,192,640,480,True,fall_backward,0.86,2.556,2.603,CC-BY-4.0,dev,G:/My Drive/upfall_real/Subject5Activity3Trial2Camera2.zip,cf399ed2db057fe62fd6e8b225db273e55f59a1b5658c9743c18bced24501706,False,True,[],False
UP-Fall,upfall_s05_a03_t03_c1,upfall_subj_05,cam1,laboratory_room,19.22,9.937,191,640,480,True,fall_backward,1.735,2.599,2.643,CC-BY-4.0,dev,G:/My Drive/upfall_real/Subject5Activity3Trial3Camera1.zip,6033e1ce790835ffb39a80d83962e3eebb2740fcdbc4e914d64b64830ed1f911,False,True,[],False
UP-Fall,upfall_s05_a03_t03_c2,upfall_subj_05,cam2,laboratory_room,19.22,9.937,191,640,480,True,fall_backward,1.735,2.599,2.643,CC-BY-4.0,dev,G:/My Drive/upfall_real/Subject5Activity3Trial3Camera2.zip,0f4dbbb7afaaaf14ce12ccdbe0b6f6d21a33f533785fbbd2e284d1d30e0efab1,False,True,[],False
UP-Fall,upfall_s05_a04_t01_c1,upfall_subj_05,cam1,laboratory_room,19.39,9.955,193,640,480,True,fall_sideways,1.843,3.214,3.289,CC-BY-4.0,dev,G:/My Drive/upfall_real/Subject5Activity4Trial1Camera1.zip,d1bc34ca8f4e93cf26ce8b2ffc668661325b811061f6a96df1286fe7226c5114,False,True,[],False
UP-Fall,upfall_s05_a04_t01_c2,upfall_subj_05,cam2,laboratory_room,19.39,9.955,193,640,480,True,fall_sideways,1.843,3.214,3.289,CC-BY-4.0,dev,G:/My Drive/upfall_real/Subject5Activity4Trial1Camera2.zip,1ec0b295fadfaded335a80e2e171ea63bcb5c156f983a25a03b4abc1da869b67,False,True,[],False
UP-Fall,upfall_s05_a04_t02_c1,upfall_subj_05,cam1,laboratory_room,19.45,9.922,193,640,480,True,fall_sideways,1.672,3.219,3.266,CC-BY-4.0,dev,G:/My Drive/upfall_real/Subject5Activity4Trial2Camera1.zip,d3aed733ded178b307632878d3d9975e45ac45886213df6e058aaace272af7a5,False,True,[],False
UP-Fall,upfall_s05_a04_t02_c2,upfall_subj_05,cam2,laboratory_room,19.45,9.922,193,640,480,True,fall_sideways,1.672,3.219,3.266,CC-BY-4.0,dev,G:/My Drive/upfall_real/Subject5Activity4Trial2Camera2.zip,f0bcda6852fc407df63658d24699bd4aabd8537829d1e5bb9d08f831955220a2,False,True,[],False
UP-Fall,upfall_s05_a04_t03_c1,upfall_subj_05,cam1,laboratory_room,19.55,9.921,194,640,480,True,fall_sideways,1.005,2.22,2.27,CC-BY-4.0,dev,G:/My Drive/upfall_real/Subject5Activity4Trial3Camera1.zip,26d5df8e07d612c143910b7baabc124bf99c3272f89a2468749f745837cb0e57,False,True,[],False
UP-Fall,upfall_s05_a04_t03_c2,upfall_subj_05,cam2,laboratory_room,19.55,9.921,194,640,480,True,fall_sideways,1.005,2.22,2.27,CC-BY-4.0,dev,G:/My Drive/upfall_real/Subject5Activity4Trial3Camera2.zip,bf765ccc585a8c8962339d280f2e1e1a92ce65f8c53b34d85790e87cdede8c8f,False,True,[],False
UP-Fall,upfall_s05_a05_t01_c1,upfall_subj_05,cam1,laboratory_room,19.52,9.939,194,640,480,True,fall_from_chair,1.124,2.876,2.921,CC-BY-4.0,dev,G:/My Drive/upfall_real/Subject5Activity5Trial1Camera1.zip,a09daf2609991b8104dc5a3c7e9cbd6359fb5b9d8cb7dc71359233b2e5c144d9,False,True,[],False
UP-Fall,upfall_s05_a05_t01_c2,upfall_subj_05,cam2,laboratory_room,19.52,9.939,194,640,480,True,fall_from_chair,1.124,2.876,2.921,CC-BY-4.0,dev,G:/My Drive/upfall_real/Subject5Activity5Trial1Camera2.zip,9ecd6e8bdbfd4a44de172641ee070bb068167c498630a09821d2c7305adb4e52,False,True,[],False
UP-Fall,upfall_s05_a05_t02_c1,upfall_subj_05,cam1,laboratory_room,18.99,9.954,189,640,480,True,fall_from_chair,1.014,1.96,2.005,CC-BY-4.0,dev,G:/My Drive/upfall_real/Subject5Activity5Trial2Camera1.zip,ca498b20cecf3ac67eb628d889497e223d66a9b5d8edf1af5cedd0559b3879fc,False,True,[],False
UP-Fall,upfall_s05_a05_t02_c2,upfall_subj_05,cam2,laboratory_room,18.99,9.954,189,640,480,True,fall_from_chair,1.014,1.96,2.005,CC-BY-4.0,dev,G:/My Drive/upfall_real/Subject5Activity5Trial2Camera2.zip,cf8de3f2deca5e03876562ced299a7636eaca7c49abda66efe1c2326510c02e6,False,True,[],False
UP-Fall,upfall_s05_a05_t03_c1,upfall_subj_05,cam1,laboratory_room,19.38,9.907,192,640,480,True,fall_from_chair,1.78,3.205,3.249,CC-BY-4.0,dev,G:/My Drive/upfall_real/Subject5Activity5Trial3Camera1.zip,571ef12d3ea7ed4730300d5ce968232d59317b0d92cb48172ee37b1eb9f957b3,False,True,[],False
UP-Fall,upfall_s05_a05_t03_c2,upfall_subj_05,cam2,laboratory_room,19.38,9.907,192,640,480,True,fall_from_chair,1.78,3.205,3.249,CC-BY-4.0,dev,G:/My Drive/upfall_real/Subject5Activity5Trial3Camera2.zip,c9de55b505716946a6c2f8fbb54716da2f7e3a214a68ccca3dc6e100780b0041,False,True,[],False
UP-Fall,upfall_s05_a06_t01_c1,upfall_subj_05,cam1,laboratory_room,18.31,59.863,1096,640,480,False,walking,,,,CC-BY-4.0,dev,G:/My Drive/upfall_real/Subject5Activity6Trial1Camera1.zip,3621513fe138352439c3ccc662bd7b84232fc38f9c154f2ea47ef2de210a7b98,False,True,[],False
UP-Fall,upfall_s05_a06_t01_c2,upfall_subj_05,cam2,laboratory_room,18.31,59.863,1096,640,480,False,walking,,,,CC-BY-4.0,dev,G:/My Drive/upfall_real/Subject5Activity6Trial1Camera2.zip,4ff3d01b993af0a2db82daedc3102063865edcf3cd422c622fc919c6c418b8e1,False,True,[],False
UP-Fall,upfall_s05_a06_t02_c1,upfall_subj_05,cam1,laboratory_room,18.63,59.942,1117,640,480,False,walking,,,,CC-BY-4.0,dev,G:/My Drive/upfall_real/Subject5Activity6Trial2Camera1.zip,5e78b1bfd36fd9cc0b274681fc027f6da3e4b202643dddb361f20ed85e3c7b22,False,True,[],False
UP-Fall,upfall_s05_a06_t02_c2,upfall_subj_05,cam2,laboratory_room,18.63,59.942,1117,640,480,False,walking,,,,CC-BY-4.0,dev,G:/My Drive/upfall_real/Subject5Activity6Trial2Camera2.zip,f441eeef4828ba46f3947c8944e9d8ba7e7c931967a69aa14da850cfba965922,False,True,[],False
UP-Fall,upfall_s05_a06_t03_c1,upfall_subj_05,cam1,laboratory_room,18.55,59.946,1112,640,480,False,walking,,,,CC-BY-4.0,dev,G:/My Drive/upfall_real/Subject5Activity6Trial3Camera1.zip,801614f5e3de944cb640eabe150f893a207bb4e8e8c915b33a941eace1a1c1ba,False,True,[],False
UP-Fall,upfall_s05_a06_t03_c2,upfall_subj_05,cam2,laboratory_room,18.55,59.946,1112,640,480,False,walking,,,,CC-BY-4.0,dev,G:/My Drive/upfall_real/Subject5Activity6Trial3Camera2.zip,3d2d23a3bbed287a852999d72d3f23964bb9be2419e48d3794b6fa0085b1b995,False,True,[],False
UP-Fall,upfall_s05_a07_t01_c1,upfall_subj_05,cam1,laboratory_room,17.97,59.831,1075,640,480,False,standing,,,,CC-BY-4.0,dev,G:/My Drive/upfall_real/Subject5Activity7Trial1Camera1.zip,c0d99cccf09cfbb9c18994801e6108006b4e31bd0c833aa8522e99330b6e89f6,False,True,[],False
UP-Fall,upfall_s05_a07_t01_c2,upfall_subj_05,cam2,laboratory_room,17.97,59.831,1075,640,480,False,standing,,,,CC-BY-4.0,dev,G:/My Drive/upfall_real/Subject5Activity7Trial1Camera2.zip,43db6263bf8d7d3086f95cb4e50001524f2c6ed3e9de4bc19e630e016893b3db,False,True,[],False
UP-Fall,upfall_s05_a07_t02_c1,upfall_subj_05,cam1,laboratory_room,18.79,59.912,1126,640,480,False,standing,,,,CC-BY-4.0,dev,G:/My Drive/upfall_real/Subject5Activity7Trial2Camera1.zip,e6eaea6904d0755e26f74d8edb65112f6fae951d4260c01d335be93445d50043,False,True,[],False
UP-Fall,upfall_s05_a07_t02_c2,upfall_subj_05,cam2,laboratory_room,18.79,59.912,1126,640,480,False,standing,,,,CC-BY-4.0,dev,G:/My Drive/upfall_real/Subject5Activity7Trial2Camera2.zip,6e985a3c6198ed1f3ed2128ca8d08480810a691b0178ec8dd34d0bf4c20a429f,False,True,[],False
UP-Fall,upfall_s05_a07_t03_c1,upfall_subj_05,cam1,laboratory_room,18.78,59.967,1126,640,480,False,standing,,,,CC-BY-4.0,dev,G:/My Drive/upfall_real/Subject5Activity7Trial3Camera1.zip,f01ce323d8d450adf60373f37efc0d8101087f622c2d5780b60a861eec212434,False,True,[],False
UP-Fall,upfall_s05_a07_t03_c2,upfall_subj_05,cam2,laboratory_room,18.78,59.967,1126,640,480,False,standing,,,,CC-BY-4.0,dev,G:/My Drive/upfall_real/Subject5Activity7Trial3Camera2.zip,e18459fc2eaacdf8f9f2e4a9ce6f0c015b68967a6bd8645e3c8de19363f616a9,False,True,[],False
UP-Fall,upfall_s05_a08_t01_c1,upfall_subj_05,cam1,laboratory_room,18.24,59.918,1093,640,480,False,sitting,,,,CC-BY-4.0,dev,G:/My Drive/upfall_real/Subject5Activity8Trial1Camera1.zip,6b8cb2f3ba43b0d77e189ed5b7ab809e4a7262453aba101a4796e1a1efd9da02,False,True,[],False
UP-Fall,upfall_s05_a08_t01_c2,upfall_subj_05,cam2,laboratory_room,18.24,59.918,1093,640,480,False,sitting,,,,CC-BY-4.0,dev,G:/My Drive/upfall_real/Subject5Activity8Trial1Camera2.zip,3ac518c3297452b002f3e6f3c8d6332d6178e4ea7aecf3dfd667fa9db6c8947b,False,True,[],False
UP-Fall,upfall_s05_a08_t02_c1,upfall_subj_05,cam1,laboratory_room,18.19,59.934,1090,640,480,False,sitting,,,,CC-BY-4.0,dev,G:/My Drive/upfall_real/Subject5Activity8Trial2Camera1.zip,0a881e6d799ae930e9f0a5fc67c247858e53282029ec8fc6b23bf9c1749390d4,False,True,[],False
UP-Fall,upfall_s05_a08_t02_c2,upfall_subj_05,cam2,laboratory_room,18.19,59.934,1090,640,480,False,sitting,,,,CC-BY-4.0,dev,G:/My Drive/upfall_real/Subject5Activity8Trial2Camera2.zip,0fc29de0a537b36606457ac2ea657ce6a565321a250a5f46355e116bd02e4169,False,True,[],False
UP-Fall,upfall_s05_a08_t03_c1,upfall_subj_05,cam1,laboratory_room,18.5,59.954,1109,640,480,False,sitting,,,,CC-BY-4.0,dev,G:/My Drive/upfall_real/Subject5Activity8Trial3Camera1.zip,9d347a73196db1de6f91e31dcf9cd097a87eed35b3db27e7af345bd7ee1c176b,False,True,[],False
UP-Fall,upfall_s05_a08_t03_c2,upfall_subj_05,cam2,laboratory_room,18.5,59.954,1109,640,480,False,sitting,,,,CC-BY-4.0,dev,G:/My Drive/upfall_real/Subject5Activity8Trial3Camera2.zip,23cd541e8d720ecf9dc37be6acca7a94b2785f90628c442ce7f13b9a108df1b5,False,True,[],False
UP-Fall,upfall_s05_a09_t01_c1,upfall_subj_05,cam1,laboratory_room,18.69,9.954,186,640,480,False,picking_up_object,,,,CC-BY-4.0,dev,G:/My Drive/upfall_real/Subject5Activity9Trial1Camera1.zip,f696a26846f0fbb2a9a61d8de28a1aaa31648b6765f691c996327d1835b28ff1,False,True,[],False
UP-Fall,upfall_s05_a09_t01_c2,upfall_subj_05,cam2,laboratory_room,18.69,9.954,186,640,480,False,picking_up_object,,,,CC-BY-4.0,dev,G:/My Drive/upfall_real/Subject5Activity9Trial1Camera2.zip,681ab792ec1d5a9ad75df1f030b9d54a9898a35a2362040a7f9ae22ae283eeab,False,True,[],False
UP-Fall,upfall_s05_a09_t02_c1,upfall_subj_05,cam1,laboratory_room,19.38,9.959,193,640,480,False,picking_up_object,,,,CC-BY-4.0,dev,G:/My Drive/upfall_real/Subject5Activity9Trial2Camera1.zip,d9c129d7b066824b15167b1ca4569bf3c0b45cdecbafdacf7996b56477e93993,False,True,[],False
UP-Fall,upfall_s05_a09_t02_c2,upfall_subj_05,cam2,laboratory_room,19.38,9.959,193,640,480,False,picking_up_object,,,,CC-BY-4.0,dev,G:/My Drive/upfall_real/Subject5Activity9Trial2Camera2.zip,a1c799647b2ed293018357e2014510c3905c643b606a84f172c8fb895bace2b1,False,True,[],False
UP-Fall,upfall_s05_a09_t03_c1,upfall_subj_05,cam1,laboratory_room,18.91,9.89,187,640,480,False,picking_up_object,,,,CC-BY-4.0,dev,G:/My Drive/upfall_real/Subject5Activity9Trial3Camera1.zip,9e1daab32da516646f49eb92c14a7d45604852d43c38a3ddc12081412b78e0b1,False,True,[],False
UP-Fall,upfall_s05_a09_t03_c2,upfall_subj_05,cam2,laboratory_room,18.91,9.89,187,640,480,False,picking_up_object,,,,CC-BY-4.0,dev,G:/My Drive/upfall_real/Subject5Activity9Trial3Camera2.zip,f84d1d2e30f24f3920b82ea15ef5dda2028abddca57b6c616ba54c2c1a10c988,False,True,[],False
UP-Fall,upfall_s06_a10_t01_c1,upfall_subj_06,cam1,laboratory_room,14.7,29.933,440,640,480,False,jumping,,,,CC-BY-4.0,dev,G:/My Drive/upfall_real/Subject6Activity10Trial1Camera1.zip,aee9d37c703e391760ba5ea839cb66735f27c9d402d88e7dbcc4b98550d31900,False,True,[],False
UP-Fall,upfall_s06_a10_t01_c2,upfall_subj_06,cam2,laboratory_room,14.7,29.933,440,640,480,False,jumping,,,,CC-BY-4.0,dev,G:/My Drive/upfall_real/Subject6Activity10Trial1Camera2.zip,0108aa8a4dbcfbb5ea210259840e77d145a61adc2c47a1232b6e3feef6d3f865,False,True,[],False
UP-Fall,upfall_s06_a10_t02_c1,upfall_subj_06,cam1,laboratory_room,14.51,29.903,434,640,480,False,jumping,,,,CC-BY-4.0,dev,G:/My Drive/upfall_real/Subject6Activity10Trial2Camera1.zip,e8e811389ee94835f6aaec4f1be1a7a8ea139ab1644d12178217262184904bd2,False,True,[],False
UP-Fall,upfall_s06_a10_t02_c2,upfall_subj_06,cam2,laboratory_room,14.51,29.903,434,640,480,False,jumping,,,,CC-BY-4.0,dev,G:/My Drive/upfall_real/Subject6Activity10Trial2Camera2.zip,d54bf9c9834249e9f32b36b1ce2dd4ffbcf06427b77c9384fda9a40324424e0d,False,True,[],False
UP-Fall,upfall_s06_a10_t03_c1,upfall_subj_06,cam1,laboratory_room,14.73,29.94,441,640,480,False,jumping,,,,CC-BY-4.0,dev,G:/My Drive/upfall_real/Subject6Activity10Trial3Camera1.zip,bb2a0f361d4238e34e115da186d9ad0eca352f5f72a282b3baa32f4889015a74,False,True,[],False
UP-Fall,upfall_s06_a10_t03_c2,upfall_subj_06,cam2,laboratory_room,14.73,29.94,441,640,480,False,jumping,,,,CC-BY-4.0,dev,G:/My Drive/upfall_real/Subject6Activity10Trial3Camera2.zip,fa4113b1b84f694dd1465a8e09a2e300cbf0b112826de93d0bd31c055f6f0d81,False,True,[],False
UP-Fall,upfall_s06_a11_t01_c1,upfall_subj_06,cam1,laboratory_room,14.67,59.911,879,640,480,False,lying_down,,,,CC-BY-4.0,dev,G:/My Drive/upfall_real/Subject6Activity11Trial1Camera1.zip,bc7464980fc897b177051a0ff034d467e16d72eeed45bc33215da59420fc0f35,False,True,[],False
UP-Fall,upfall_s06_a11_t01_c2,upfall_subj_06,cam2,laboratory_room,14.67,59.911,879,640,480,False,lying_down,,,,CC-BY-4.0,dev,G:/My Drive/upfall_real/Subject6Activity11Trial1Camera2.zip,908feddd81426da4156bdf938ce0c15e5febbc109afef0284e3d1b1d83642ea4,False,True,[],False
UP-Fall,upfall_s06_a11_t02_c1,upfall_subj_06,cam1,laboratory_room,14.81,59.942,888,640,480,False,lying_down,,,,CC-BY-4.0,dev,G:/My Drive/upfall_real/Subject6Activity11Trial2Camera1.zip,f0b00f91ca00637c8a23925426ccf1a3ecfb5ade7b75a0cb335fb077bb934831,False,True,[],False
UP-Fall,upfall_s06_a11_t02_c2,upfall_subj_06,cam2,laboratory_room,14.81,59.942,888,640,480,False,lying_down,,,,CC-BY-4.0,dev,G:/My Drive/upfall_real/Subject6Activity11Trial2Camera2.zip,9d1656ae50193850d76d19ef1e94bd3ab0d2d53df1023051501217fb8fd762f9,False,True,[],False
UP-Fall,upfall_s06_a11_t03_c1,upfall_subj_06,cam1,laboratory_room,14.9,59.944,893,640,480,False,lying_down,,,,CC-BY-4.0,dev,G:/My Drive/upfall_real/Subject6Activity11Trial3Camera1.zip,4dcc6b057a78d75e33ba1b329c40f6fc6913e550caa09d409615dabf6e2f0211,False,True,[],False
UP-Fall,upfall_s06_a11_t03_c2,upfall_subj_06,cam2,laboratory_room,14.9,59.944,893,640,480,False,lying_down,,,,CC-BY-4.0,dev,G:/My Drive/upfall_real/Subject6Activity11Trial3Camera2.zip,e848af7a030371a52a51e5cccb4e214b499f7d7b026161f1d829ea1b732959df,False,True,[],False
UP-Fall,upfall_s06_a01_t01_c1,upfall_subj_06,cam1,laboratory_room,15.1,9.935,150,640,480,True,fall_forward_hands,1.327,2.868,2.924,CC-BY-4.0,dev,G:/My Drive/upfall_real/Subject6Activity1Trial1Camera1.zip,9bde1d6aff8670527d417af6bc972558b471675dafbafcc15c28185a2da786ac,False,True,[],False
UP-Fall,upfall_s06_a01_t01_c2,upfall_subj_06,cam2,laboratory_room,15.1,9.935,150,640,480,True,fall_forward_hands,1.327,2.868,2.924,CC-BY-4.0,dev,G:/My Drive/upfall_real/Subject6Activity1Trial1Camera2.zip,32779e7f38627a8ca801d09d1d97b55bfe17fd70917aca69f97768d176490c9f,False,True,[],False
UP-Fall,upfall_s06_a01_t02_c1,upfall_subj_06,cam1,laboratory_room,15.1,9.866,149,640,480,True,fall_forward_hands,1.122,3.143,3.213,CC-BY-4.0,dev,G:/My Drive/upfall_real/Subject6Activity1Trial2Camera1.zip,d0b762a68bc7a7546e588f0ea336c8309b0f72332870cc7273afa237ea6b2f0f,False,True,[],False
UP-Fall,upfall_s06_a01_t02_c2,upfall_subj_06,cam2,laboratory_room,15.1,9.866,149,640,480,True,fall_forward_hands,1.122,3.143,3.213,CC-BY-4.0,dev,G:/My Drive/upfall_real/Subject6Activity1Trial2Camera2.zip,690ae33fdfbbb582abd7d37a1c312826855c0da2b66f59ff5e0e5dad433e5d6a,False,True,[],False
UP-Fall,upfall_s06_a01_t03_c1,upfall_subj_06,cam1,laboratory_room,15.1,9.932,150,640,480,True,fall_forward_hands,1.273,2.532,2.601,CC-BY-4.0,dev,G:/My Drive/upfall_real/Subject6Activity1Trial3Camera1.zip,ef5e40e9c345d26503e1d795b79cd470f6af88ac05257f7a9b5e5f158bc2d09d,False,True,[],False
UP-Fall,upfall_s06_a01_t03_c2,upfall_subj_06,cam2,laboratory_room,15.1,9.932,150,640,480,True,fall_forward_hands,1.273,2.532,2.601,CC-BY-4.0,dev,G:/My Drive/upfall_real/Subject6Activity1Trial3Camera2.zip,c13dafc36c5761d83aa339d4d4ca16abe3a37b6209dca37bfeafe35df9549a59,False,True,[],False
UP-Fall,upfall_s06_a02_t01_c1,upfall_subj_06,cam1,laboratory_room,15.1,9.866,149,640,480,True,fall_forward_knees,1.198,2.863,2.925,CC-BY-4.0,dev,G:/My Drive/upfall_real/Subject6Activity2Trial1Camera1.zip,474b0710eda113700948c9ddde7c0425b19fe7b48e480028f2b9e3973898440f,False,True,[],False
UP-Fall,upfall_s06_a02_t01_c2,upfall_subj_06,cam2,laboratory_room,15.1,9.866,149,640,480,True,fall_forward_knees,1.198,2.863,2.925,CC-BY-4.0,dev,G:/My Drive/upfall_real/Subject6Activity2Trial1Camera2.zip,2206b228b6a0d298de1208a953cd2d540d126fe30301db1508309931dc376a8e,False,True,[],False
UP-Fall,upfall_s06_a02_t02_c1,upfall_subj_06,cam1,laboratory_room,15.11,9.929,150,640,480,True,fall_forward_knees,1.273,2.588,2.647,CC-BY-4.0,dev,G:/My Drive/upfall_real/Subject6Activity2Trial2Camera1.zip,3a60090f02d43db0eb61f641cf21c3a99d0aac63c3dda4bdb76789e59e38d73c,False,True,[],False
UP-Fall,upfall_s06_a02_t02_c2,upfall_subj_06,cam2,laboratory_room,15.11,9.929,150,640,480,True,fall_forward_knees,1.273,2.588,2.647,CC-BY-4.0,dev,G:/My Drive/upfall_real/Subject6Activity2Trial2Camera2.zip,5e95f224d823a3aa744b4859df7d93251f5dae1406c2afdbb6b261350aad0871,False,True,[],False
UP-Fall,upfall_s06_a02_t03_c1,upfall_subj_06,cam1,laboratory_room,15.03,9.911,149,640,480,True,fall_forward_knees,0.991,2.12,2.191,CC-BY-4.0,dev,G:/My Drive/upfall_real/Subject6Activity2Trial3Camera1.zip,88f531e6576353da836efef8bb3fad4ec28e41febb30157dad19a5306906d5af,False,True,[],False
UP-Fall,upfall_s06_a02_t03_c2,upfall_subj_06,cam2,laboratory_room,15.03,9.911,149,640,480,True,fall_forward_knees,0.991,2.12,2.191,CC-BY-4.0,dev,G:/My Drive/upfall_real/Subject6Activity2Trial3Camera2.zip,8dd7204bad6a7aeab523af9114edef0daf79cbf004d39e01516736e8171f9869,False,True,[],False
UP-Fall,upfall_s06_a03_t01_c1,upfall_subj_06,cam1,laboratory_room,15.09,9.94,150,640,480,True,fall_backward,0.799,2.589,2.68,CC-BY-4.0,dev,G:/My Drive/upfall_real/Subject6Activity3Trial1Camera1.zip,595e373a5acbda36a34f6328e4c868af44138f8271e08badecfb1a5db4152f30,False,True,[],False
UP-Fall,upfall_s06_a03_t01_c2,upfall_subj_06,cam2,laboratory_room,15.09,9.94,150,640,480,True,fall_backward,0.799,2.589,2.68,CC-BY-4.0,dev,G:/My Drive/upfall_real/Subject6Activity3Trial1Camera2.zip,384fce66c486e98de6ef1199314ad9788775f6eff5025b9cda8ffcdd379d4ee4,False,True,[],False
UP-Fall,upfall_s06_a03_t02_c1,upfall_subj_06,cam1,laboratory_room,15.05,9.966,150,640,480,True,fall_backward,1.13,2.198,2.269,CC-BY-4.0,dev,G:/My Drive/upfall_real/Subject6Activity3Trial2Camera1.zip,dfc51f957839cddc983b854974f27130012fe144bd9d5d518893d35b7efd9388,False,True,[],False
UP-Fall,upfall_s06_a03_t02_c2,upfall_subj_06,cam2,laboratory_room,15.05,9.966,150,640,480,True,fall_backward,1.13,2.198,2.269,CC-BY-4.0,dev,G:/My Drive/upfall_real/Subject6Activity3Trial2Camera2.zip,c3d98ea01023fedb0e0515d519c105ed42ba3c0082c87495ad3fef89cf228d66,False,True,[],False
UP-Fall,upfall_s06_a03_t03_c1,upfall_subj_06,cam1,laboratory_room,15.11,9.928,150,640,480,True,fall_backward,1.061,2.178,2.287,CC-BY-4.0,dev,G:/My Drive/upfall_real/Subject6Activity3Trial3Camera1.zip,384f5585472d4a945abaffc6d6cb4a358d087452ab7780a3ce2c634ccff19b02,False,True,[],False
UP-Fall,upfall_s06_a03_t03_c2,upfall_subj_06,cam2,laboratory_room,15.11,9.928,150,640,480,True,fall_backward,1.061,2.178,2.287,CC-BY-4.0,dev,G:/My Drive/upfall_real/Subject6Activity3Trial3Camera2.zip,470a00091ffc6e2b44dc18901520f67ec4f82098da8df9390595351ec0e2ccfd,False,True,[],False
UP-Fall,upfall_s06_a04_t01_c1,upfall_subj_06,cam1,laboratory_room,15.1,9.935,150,640,480,True,fall_sideways,1.131,1.969,2.014,CC-BY-4.0,dev,G:/My Drive/upfall_real/Subject6Activity4Trial1Camera1.zip,ce9577422fd7fe38289f826b8c2c9ba7c4e97f83bd74bfded926ed6acf0b7cfb,False,True,[],False
UP-Fall,upfall_s06_a04_t01_c2,upfall_subj_06,cam2,laboratory_room,15.1,9.935,150,640,480,True,fall_sideways,1.131,1.969,2.014,CC-BY-4.0,dev,G:/My Drive/upfall_real/Subject6Activity4Trial1Camera2.zip,cfb5ca9bdc19c125fabddb846ed9c1a73b1f4c44f7db541f19510acf79d9a66e,False,True,[],False
UP-Fall,upfall_s06_a04_t02_c1,upfall_subj_06,cam1,laboratory_room,15.12,9.921,150,640,480,True,fall_sideways,1.057,1.782,1.855,CC-BY-4.0,dev,G:/My Drive/upfall_real/Subject6Activity4Trial2Camera1.zip,82d5d4b4d582237f10dcc055a7b0b9d36eabd81785d452ad0678287b030db498,False,True,[],False
UP-Fall,upfall_s06_a04_t02_c2,upfall_subj_06,cam2,laboratory_room,15.12,9.921,150,640,480,True,fall_sideways,1.057,1.782,1.855,CC-BY-4.0,dev,G:/My Drive/upfall_real/Subject6Activity4Trial2Camera2.zip,781150688e04009baec40b4a11b28a3df6f14228864216d28d655e51daa9229d,False,True,[],False
UP-Fall,upfall_s06_a04_t03_c1,upfall_subj_06,cam1,laboratory_room,15.11,9.928,150,640,480,True,fall_sideways,1.06,1.797,1.871,CC-BY-4.0,dev,G:/My Drive/upfall_real/Subject6Activity4Trial3Camera1.zip,6a6ce244e074aeb353078cf93a4de1074ccc0f145005b82e5f5a9b1c58a6b923,False,True,[],False
UP-Fall,upfall_s06_a04_t03_c2,upfall_subj_06,cam2,laboratory_room,15.11,9.928,150,640,480,True,fall_sideways,1.06,1.797,1.871,CC-BY-4.0,dev,G:/My Drive/upfall_real/Subject6Activity4Trial3Camera2.zip,1f299a5c72f374a7a89125ae03a46e138923f73c4213ea568b8d8c76bc1a641e,False,True,[],False
UP-Fall,upfall_s06_a05_t01_c1,upfall_subj_06,cam1,laboratory_room,15.09,9.94,150,640,480,True,fall_from_chair,0.74,2.26,2.344,CC-BY-4.0,dev,G:/My Drive/upfall_real/Subject6Activity5Trial1Camera1.zip,5bf8f1871fa2c7943edd425b9d2f06c690fcdd51857de2de5947d90232bc6281,False,True,[],False
UP-Fall,upfall_s06_a05_t01_c2,upfall_subj_06,cam2,laboratory_room,15.09,9.94,150,640,480,True,fall_from_chair,0.74,2.26,2.344,CC-BY-4.0,dev,G:/My Drive/upfall_real/Subject6Activity5Trial1Camera2.zip,2bd6fa79b0b50f16b52e0df12b780eeb1a39deb7366400dfbf8e5978e637e2ed,False,True,[],False
UP-Fall,upfall_s06_a05_t02_c1,upfall_subj_06,cam1,laboratory_room,15.11,9.861,149,640,480,True,fall_from_chair,0.272,1.791,1.86,CC-BY-4.0,dev,G:/My Drive/upfall_real/Subject6Activity5Trial2Camera1.zip,a75af228025b0ac9666d942091640bbc95bef1f59d8071f5f48638be22b17362,False,True,[],False
UP-Fall,upfall_s06_a05_t02_c2,upfall_subj_06,cam2,laboratory_room,15.11,9.861,149,640,480,True,fall_from_chair,0.272,1.791,1.86,CC-BY-4.0,dev,G:/My Drive/upfall_real/Subject6Activity5Trial2Camera2.zip,e972fa744e6cb0231a800980a7760cf91a743e33ea46da2df28cd08400d0e2c0,False,True,[],False
UP-Fall,upfall_s06_a05_t03_c1,upfall_subj_06,cam1,laboratory_room,15.1,9.931,150,640,480,True,fall_from_chair,0.931,2.933,2.99,CC-BY-4.0,dev,G:/My Drive/upfall_real/Subject6Activity5Trial3Camera1.zip,0c0992d5db0b87d6b1c2e2a11867150e72d55e00c70e4d3e1f91b35466e0e3a3,False,True,[],False
UP-Fall,upfall_s06_a05_t03_c2,upfall_subj_06,cam2,laboratory_room,15.1,9.931,150,640,480,True,fall_from_chair,0.931,2.933,2.99,CC-BY-4.0,dev,G:/My Drive/upfall_real/Subject6Activity5Trial3Camera2.zip,0810e4c1d41e8ea56d690ea96c3e5e88a6be8d10ae43b885ef1d24ef75d68b8a,False,True,[],False
UP-Fall,upfall_s06_a06_t01_c1,upfall_subj_06,cam1,laboratory_room,15.0,59.93,899,640,480,False,walking,,,,CC-BY-4.0,dev,G:/My Drive/upfall_real/Subject6Activity6Trial1Camera1.zip,2d636ed2a5cb224d01f3acd5d9de69eee7a862522b76054de913f08bca5bc131,False,True,[],False
UP-Fall,upfall_s06_a06_t01_c2,upfall_subj_06,cam2,laboratory_room,15.0,59.93,899,640,480,False,walking,,,,CC-BY-4.0,dev,G:/My Drive/upfall_real/Subject6Activity6Trial1Camera2.zip,43858f0f11b375a7d0035456eed6f1651567e9b7e0e4e1cba2e4078ec0145f2a,False,True,[],False
UP-Fall,upfall_s06_a06_t02_c1,upfall_subj_06,cam1,laboratory_room,15.0,59.93,899,640,480,False,walking,,,,CC-BY-4.0,dev,G:/My Drive/upfall_real/Subject6Activity6Trial2Camera1.zip,63e3931be14412082715576e229d04b718635ec289c904de16f6e48e8c39dbe2,False,True,[],False
UP-Fall,upfall_s06_a06_t02_c2,upfall_subj_06,cam2,laboratory_room,15.0,59.93,899,640,480,False,walking,,,,CC-BY-4.0,dev,G:/My Drive/upfall_real/Subject6Activity6Trial2Camera2.zip,ca3325fa718c86e3b21c42ea2b07c7a5e433bab4b59e5546a8f61d8ea5f2121d,False,True,[],False
UP-Fall,upfall_s06_a06_t03_c1,upfall_subj_06,cam1,laboratory_room,15.0,59.864,898,640,480,False,walking,,,,CC-BY-4.0,dev,G:/My Drive/upfall_real/Subject6Activity6Trial3Camera1.zip,46fc35cf4615754b205fb9a0003dd1b12bbdc74308a692040ac9d089bc002183,False,True,[],False
UP-Fall,upfall_s06_a06_t03_c2,upfall_subj_06,cam2,laboratory_room,15.0,59.864,898,640,480,False,walking,,,,CC-BY-4.0,dev,G:/My Drive/upfall_real/Subject6Activity6Trial3Camera2.zip,4f12eff192afff4a6e8944a225de07354a97ecf6d1b4b8f689fdcfdb8f2799d9,False,True,[],False
UP-Fall,upfall_s06_a07_t01_c1,upfall_subj_06,cam1,laboratory_room,14.6,59.92,875,640,480,False,standing,,,,CC-BY-4.0,dev,G:/My Drive/upfall_real/Subject6Activity7Trial1Camera1.zip,61eeec11aaa7b5eefb5f6bef6861cc3c5666b3e675b9a95023575a0b5e45b13a,False,True,[],False
UP-Fall,upfall_s06_a07_t01_c2,upfall_subj_06,cam2,laboratory_room,14.6,59.92,875,640,480,False,standing,,,,CC-BY-4.0,dev,G:/My Drive/upfall_real/Subject6Activity7Trial1Camera2.zip,46423a77a2c3be82f64182cf47cdcaacf3351dcd6fb20aa35789f8ea774ce1fc,False,True,[],False
UP-Fall,upfall_s06_a07_t02_c1,upfall_subj_06,cam1,laboratory_room,14.51,59.94,870,640,480,False,standing,,,,CC-BY-4.0,dev,G:/My Drive/upfall_real/Subject6Activity7Trial2Camera1.zip,d40b4a03a5b091b34ee13d0fad714797b128206b5a5355373f4bc39906062042,False,True,[],False
UP-Fall,upfall_s06_a07_t02_c2,upfall_subj_06,cam2,laboratory_room,14.51,59.94,870,640,480,False,standing,,,,CC-BY-4.0,dev,G:/My Drive/upfall_real/Subject6Activity7Trial2Camera2.zip,6d4975ce00bbbd84aefa83f9f321a265242ce417220c7a1b79e8678bcc3d1a34,False,True,[],False
UP-Fall,upfall_s06_a07_t03_c1,upfall_subj_06,cam1,laboratory_room,14.6,59.928,875,640,480,False,standing,,,,CC-BY-4.0,dev,G:/My Drive/upfall_real/Subject6Activity7Trial3Camera1.zip,49aaaf58ee2c2e27592c7040b343e8a63c417ff13ee130305fa122c981ba2d00,False,True,[],False
UP-Fall,upfall_s06_a07_t03_c2,upfall_subj_06,cam2,laboratory_room,14.6,59.928,875,640,480,False,standing,,,,CC-BY-4.0,dev,G:/My Drive/upfall_real/Subject6Activity7Trial3Camera2.zip,f135b9362f2802f529c2741f797bdd3fd267afd3504458884ca6ee36f1ab7498,False,True,[],False
UP-Fall,upfall_s06_a08_t01_c1,upfall_subj_06,cam1,laboratory_room,14.45,59.946,866,640,480,False,sitting,,,,CC-BY-4.0,dev,G:/My Drive/upfall_real/Subject6Activity8Trial1Camera1.zip,39fa5276f645185b3242d7e20136de15ec7fc954b7cb2a142bb35fe48c9464e1,False,True,[],False
UP-Fall,upfall_s06_a08_t01_c2,upfall_subj_06,cam2,laboratory_room,14.45,59.946,866,640,480,False,sitting,,,,CC-BY-4.0,dev,G:/My Drive/upfall_real/Subject6Activity8Trial1Camera2.zip,9d7cacfe410fea0b88e4fa17285903514ba9baeeb9b19f45f1ddc3bde679c0c1,False,True,[],False
UP-Fall,upfall_s06_a08_t02_c1,upfall_subj_06,cam1,laboratory_room,14.32,59.931,858,640,480,False,sitting,,,,CC-BY-4.0,dev,G:/My Drive/upfall_real/Subject6Activity8Trial2Camera1.zip,86ea98523ceb84c5c62d766ca795f515fed48a72fc61c462afb5d67ab7933c0c,False,True,[],False
UP-Fall,upfall_s06_a08_t02_c2,upfall_subj_06,cam2,laboratory_room,14.32,59.931,858,640,480,False,sitting,,,,CC-BY-4.0,dev,G:/My Drive/upfall_real/Subject6Activity8Trial2Camera2.zip,9217a445897e62c01e6c1abdefc6931a04f63efb2066da8f3c746782378dbbfd,False,True,[],False
UP-Fall,upfall_s06_a08_t03_c1,upfall_subj_06,cam1,laboratory_room,14.4,59.923,863,640,480,False,sitting,,,,CC-BY-4.0,dev,G:/My Drive/upfall_real/Subject6Activity8Trial3Camera1.zip,4cd1f7d5186e50f2804b82f44f03512cc9f7033508a0e22eaa42d1bc1e965518,False,True,[],False
UP-Fall,upfall_s06_a08_t03_c2,upfall_subj_06,cam2,laboratory_room,14.4,59.923,863,640,480,False,sitting,,,,CC-BY-4.0,dev,G:/My Drive/upfall_real/Subject6Activity8Trial3Camera2.zip,aadb418539b973c11ad30246fc1ad6493fe78e7b2cebdc8df4d917f3f9210359,False,True,[],False
UP-Fall,upfall_s06_a09_t01_c1,upfall_subj_06,cam1,laboratory_room,14.96,9.762,146,640,480,False,picking_up_object,,,,CC-BY-4.0,dev,G:/My Drive/upfall_real/Subject6Activity9Trial1Camera1.zip,6b9dbe848f1fb03df1ea1a7ce13468cfda904a7a2022d34c1ad22f6dc34adbbf,False,True,[],False
UP-Fall,upfall_s06_a09_t01_c2,upfall_subj_06,cam2,laboratory_room,14.96,9.762,146,640,480,False,picking_up_object,,,,CC-BY-4.0,dev,G:/My Drive/upfall_real/Subject6Activity9Trial1Camera2.zip,43658edcb8c2290a272c500ee174a4acd8ff3357324b01c125b550e457891b02,False,True,[],False
UP-Fall,upfall_s06_a09_t02_c1,upfall_subj_06,cam1,laboratory_room,14.21,9.923,141,640,480,False,picking_up_object,,,,CC-BY-4.0,dev,G:/My Drive/upfall_real/Subject6Activity9Trial2Camera1.zip,eaa8963b125bf4776e7ca105d1bbbbf8fb949606dff93db7eac03a5155e247bb,False,True,[],False
UP-Fall,upfall_s06_a09_t02_c2,upfall_subj_06,cam2,laboratory_room,14.21,9.923,141,640,480,False,picking_up_object,,,,CC-BY-4.0,dev,G:/My Drive/upfall_real/Subject6Activity9Trial2Camera2.zip,65163a1f37b469aae7136568a3dd17409393c3c584d464e93fba1c3a53d24dcc,False,True,[],False
UP-Fall,upfall_s06_a09_t03_c1,upfall_subj_06,cam1,laboratory_room,14.7,9.932,146,640,480,False,picking_up_object,,,,CC-BY-4.0,dev,G:/My Drive/upfall_real/Subject6Activity9Trial3Camera1.zip,97f65d762801096097f0cd8ca9c0c076a9d589cea5071b8bc71a1ab9fd9c7cd9,False,True,[],False
UP-Fall,upfall_s06_a09_t03_c2,upfall_subj_06,cam2,laboratory_room,14.7,9.932,146,640,480,False,picking_up_object,,,,CC-BY-4.0,dev,G:/My Drive/upfall_real/Subject6Activity9Trial3Camera2.zip,0732b82ca69d2572313b839cd016f14a5228b1d14c918b9b88104a9b4323d916,False,True,[],False
UP-Fall,upfall_s07_a10_t01_c1,upfall_subj_07,cam1,laboratory_room,19.17,29.891,573,640,480,False,jumping,,,,CC-BY-4.0,dev,G:/My Drive/upfall_real/Subject7Activity10Trial1Camera1.zip,622b3d0dcf81395369b77ac6eee003507bc624d3425b05b9e159f2087e297154,False,True,[],False
UP-Fall,upfall_s07_a10_t01_c2,upfall_subj_07,cam2,laboratory_room,19.17,29.891,573,640,480,False,jumping,,,,CC-BY-4.0,dev,G:/My Drive/upfall_real/Subject7Activity10Trial1Camera2.zip,47cc888b83e59f9ef445f0df2ccbe0be639325470e6864e50a074fc2f3792e77,False,True,[],False
UP-Fall,upfall_s07_a10_t02_c1,upfall_subj_07,cam1,laboratory_room,18.77,29.941,562,640,480,False,jumping,,,,CC-BY-4.0,dev,G:/My Drive/upfall_real/Subject7Activity10Trial2Camera1.zip,7bacf3cbdd7900881ea93437554832e3578d031a0e99828db83aa762e4a09be0,False,True,[],False
UP-Fall,upfall_s07_a10_t02_c2,upfall_subj_07,cam2,laboratory_room,18.77,29.941,562,640,480,False,jumping,,,,CC-BY-4.0,dev,G:/My Drive/upfall_real/Subject7Activity10Trial2Camera2.zip,5cb67bd914b95a2785b5869815776dfd74bc4aeb7fead65b08546ceaa3d22d8c,False,True,[],False
UP-Fall,upfall_s07_a10_t03_c1,upfall_subj_07,cam1,laboratory_room,18.93,29.906,566,640,480,False,jumping,,,,CC-BY-4.0,dev,G:/My Drive/upfall_real/Subject7Activity10Trial3Camera1.zip,0c36a6c2a4ee3a07c43544673f11ed01f772c6acb0508fa8ec92dc6ce9cddf2f,False,True,[],False
UP-Fall,upfall_s07_a10_t03_c2,upfall_subj_07,cam2,laboratory_room,18.93,29.906,566,640,480,False,jumping,,,,CC-BY-4.0,dev,G:/My Drive/upfall_real/Subject7Activity10Trial3Camera2.zip,3812098940b124833b6ff599f1ac64d17d9f0f7473276ce4f276ac3f9120cb6a,False,True,[],False
UP-Fall,upfall_s07_a11_t01_c1,upfall_subj_07,cam1,laboratory_room,18.68,59.954,1120,640,480,False,lying_down,,,,CC-BY-4.0,dev,G:/My Drive/upfall_real/Subject7Activity11Trial1Camera1.zip,0831ff7bae87e30d39c02bb0399dee2e7c122b30fb667fab9a7c03057f470df3,False,True,[],False
UP-Fall,upfall_s07_a11_t01_c2,upfall_subj_07,cam2,laboratory_room,18.68,59.954,1120,640,480,False,lying_down,,,,CC-BY-4.0,dev,G:/My Drive/upfall_real/Subject7Activity11Trial1Camera2.zip,f4d120670a1da2abf547cc90d49d543b5a4af3e35ebea88876ecdec8d6601e37,False,True,[],False
UP-Fall,upfall_s07_a11_t02_c1,upfall_subj_07,cam1,laboratory_room,17.47,59.938,1047,640,480,False,lying_down,,,,CC-BY-4.0,dev,G:/My Drive/upfall_real/Subject7Activity11Trial2Camera1.zip,2a828134bcc563990096347bf7ed35ee0f0320cab4228fcdccbd24d6a3934016,False,True,[],False
UP-Fall,upfall_s07_a11_t02_c2,upfall_subj_07,cam2,laboratory_room,17.47,59.938,1047,640,480,False,lying_down,,,,CC-BY-4.0,dev,G:/My Drive/upfall_real/Subject7Activity11Trial2Camera2.zip,962b31c1ab6b85b8d112e48d84c914d27aa0b2db2f631901867832becd4f3fb1,False,True,[],False
UP-Fall,upfall_s07_a11_t03_c1,upfall_subj_07,cam1,laboratory_room,17.55,59.936,1052,640,480,False,lying_down,,,,CC-BY-4.0,dev,G:/My Drive/upfall_real/Subject7Activity11Trial3Camera1.zip,b00c7b30ad1d7aa76279e0a819eec70fcc126040d1ab2531ce88f9db003de2ca,False,True,[],False
UP-Fall,upfall_s07_a11_t03_c2,upfall_subj_07,cam2,laboratory_room,17.55,59.936,1052,640,480,False,lying_down,,,,CC-BY-4.0,dev,G:/My Drive/upfall_real/Subject7Activity11Trial3Camera2.zip,faa9a25f7509cc358dc9b287365c105a88b8b961a0379c0bdca44829bd45dd50,False,True,[],False
UP-Fall,upfall_s07_a01_t01_c1,upfall_subj_07,cam1,laboratory_room,18.55,9.92,184,640,480,True,fall_forward_hands,1.076,2.589,2.682,CC-BY-4.0,dev,G:/My Drive/upfall_real/Subject7Activity1Trial1Camera1.zip,cd487769697fd52e8a6ea0df4dafba70d1322fa9044ec66aa59a9fd4bb7ec119,False,True,[],False
UP-Fall,upfall_s07_a01_t01_c2,upfall_subj_07,cam2,laboratory_room,18.55,9.92,184,640,480,True,fall_forward_hands,1.076,2.589,2.682,CC-BY-4.0,dev,G:/My Drive/upfall_real/Subject7Activity1Trial1Camera2.zip,146419f98d97352a710b7e5e32283f134ffaaf7608b4ace93b3d4d269d1c2804,False,True,[],False
UP-Fall,upfall_s07_a01_t02_c1,upfall_subj_07,cam1,laboratory_room,19.19,9.953,191,640,480,True,fall_forward_hands,0.837,2.241,2.281,CC-BY-4.0,dev,G:/My Drive/upfall_real/Subject7Activity1Trial2Camera1.zip,55304aafcbb6cc198050cb71c188138a123cda2ca96cd2e01194db7922eb9e7d,False,True,[],False
UP-Fall,upfall_s07_a01_t02_c2,upfall_subj_07,cam2,laboratory_room,19.19,9.953,191,640,480,True,fall_forward_hands,0.837,2.241,2.281,CC-BY-4.0,dev,G:/My Drive/upfall_real/Subject7Activity1Trial2Camera2.zip,5add3601b4b1b45a2bb530922ffc6a1a2c4db61a1f4a1bb7c00f1b0e4b50364b,False,True,[],False
UP-Fall,upfall_s07_a01_t03_c1,upfall_subj_07,cam1,laboratory_room,19.02,9.936,189,640,480,True,fall_forward_hands,0.998,2.292,2.342,CC-BY-4.0,dev,G:/My Drive/upfall_real/Subject7Activity1Trial3Camera1.zip,75a850a06303a70aabac5f8f73289e59394c9f54b7622b0c0f6bc8cbc63b3e26,False,True,[],False
UP-Fall,upfall_s07_a01_t03_c2,upfall_subj_07,cam2,laboratory_room,19.02,9.936,189,640,480,True,fall_forward_hands,0.998,2.292,2.342,CC-BY-4.0,dev,G:/My Drive/upfall_real/Subject7Activity1Trial3Camera2.zip,60501c17754b37d0ac93714be84e27f41b9065a52e4556d4a70254fb7c243ccf,False,True,[],False
UP-Fall,upfall_s07_a02_t01_c1,upfall_subj_07,cam1,laboratory_room,18.92,9.938,188,640,480,True,fall_forward_knees,0.765,1.28,1.327,CC-BY-4.0,dev,G:/My Drive/upfall_real/Subject7Activity2Trial1Camera1.zip,6ec1ead0879373ec3b526767496add31cf53ff550ffa8130f57db32d66517c56,False,True,[],False
UP-Fall,upfall_s07_a02_t01_c2,upfall_subj_07,cam2,laboratory_room,18.92,9.938,188,640,480,True,fall_forward_knees,0.765,1.28,1.327,CC-BY-4.0,dev,G:/My Drive/upfall_real/Subject7Activity2Trial1Camera2.zip,3f7e3be5b2d85f9d3d25acb540686ff5b99f037338cc0275db8345d1d8502292,False,True,[],False
UP-Fall,upfall_s07_a02_t02_c1,upfall_subj_07,cam1,laboratory_room,18.52,9.882,183,640,480,True,fall_forward_knees,0.859,1.469,1.514,CC-BY-4.0,dev,G:/My Drive/upfall_real/Subject7Activity2Trial2Camera1.zip,24f463b73ac6b0752ed0d0edc5a5d2ee76e8528fc360abbff466a930a02efbf3,False,True,[],False
UP-Fall,upfall_s07_a02_t02_c2,upfall_subj_07,cam2,laboratory_room,18.52,9.882,183,640,480,True,fall_forward_knees,0.859,1.469,1.514,CC-BY-4.0,dev,G:/My Drive/upfall_real/Subject7Activity2Trial2Camera2.zip,43fe544c887db41ce54d3751d136a3c8a596068474a094d4432a56c1dc04be0e,False,True,[],False
UP-Fall,upfall_s07_a02_t03_c1,upfall_subj_07,cam1,laboratory_room,18.74,9.924,186,640,480,True,fall_forward_knees,0.675,1.267,1.315,CC-BY-4.0,dev,G:/My Drive/upfall_real/Subject7Activity2Trial3Camera1.zip,2dab1b71a515378e704bdeaff52458ef01c8eb3ad39682f4a595011a68fc7450,False,True,[],False
UP-Fall,upfall_s07_a02_t03_c2,upfall_subj_07,cam2,laboratory_room,18.74,9.924,186,640,480,True,fall_forward_knees,0.675,1.267,1.315,CC-BY-4.0,dev,G:/My Drive/upfall_real/Subject7Activity2Trial3Camera2.zip,2560a172480d61bcc2603823d4858e39481b105a231ce3d9703a44e62f655a4f,False,True,[],False
UP-Fall,upfall_s07_a03_t01_c1,upfall_subj_07,cam1,laboratory_room,19.2,9.95,191,640,480,True,fall_backward,0.656,2.204,2.253,CC-BY-4.0,dev,G:/My Drive/upfall_real/Subject7Activity3Trial1Camera1.zip,1d580ae259d0f1639f1480bfd34da269dd0f2fc00527100417019360ccca2ab7,False,True,[],False
UP-Fall,upfall_s07_a03_t01_c2,upfall_subj_07,cam2,laboratory_room,19.2,9.95,191,640,480,True,fall_backward,0.656,2.204,2.253,CC-BY-4.0,dev,G:/My Drive/upfall_real/Subject7Activity3Trial1Camera2.zip,c066fd5507287a232a6e65c404aebf672c3bf992537e0100ac12570cf0084399,False,True,[],False
UP-Fall,upfall_s07_a03_t02_c1,upfall_subj_07,cam1,laboratory_room,18.48,9.954,184,640,480,True,fall_backward,0.922,2.5,2.547,CC-BY-4.0,dev,G:/My Drive/upfall_real/Subject7Activity3Trial2Camera1.zip,8186b0161c83f4fcfe7903cdc027a1b32d729a2bcd2f3324f6c13d279ec4fbf1,False,True,[],False
UP-Fall,upfall_s07_a03_t02_c2,upfall_subj_07,cam2,laboratory_room,18.48,9.954,184,640,480,True,fall_backward,0.922,2.5,2.547,CC-BY-4.0,dev,G:/My Drive/upfall_real/Subject7Activity3Trial2Camera2.zip,dd836da0dfcb0e8038f2cac6aa6044fb863dab0abef0376e3447a474f7a49318,False,True,[],False
UP-Fall,upfall_s07_a03_t03_c1,upfall_subj_07,cam1,laboratory_room,18.37,9.907,182,640,480,True,fall_backward,0.549,2.126,2.203,CC-BY-4.0,dev,G:/My Drive/upfall_real/Subject7Activity3Trial3Camera1.zip,e8004f7b754aa6893f0bff94b5cf70755fbcb8c7a5f8b4fcf910192c7a021f3d,False,True,[],False
UP-Fall,upfall_s07_a03_t03_c2,upfall_subj_07,cam2,laboratory_room,18.37,9.907,182,640,480,True,fall_backward,0.549,2.126,2.203,CC-BY-4.0,dev,G:/My Drive/upfall_real/Subject7Activity3Trial3Camera2.zip,d420065605e0bc4d064237bfcfd429b3aeb50c2d4774ba947483be9549432bac,False,True,[],False
UP-Fall,upfall_s07_a04_t01_c1,upfall_subj_07,cam1,laboratory_room,19.05,9.974,190,640,480,True,fall_sideways,0.39,1.844,1.888,CC-BY-4.0,dev,G:/My Drive/upfall_real/Subject7Activity4Trial1Camera1.zip,09edc39cc0efcec559fbb932afc71b9388164951f5d699a270b3a3d67ccf183c,False,True,[],False
UP-Fall,upfall_s07_a04_t01_c2,upfall_subj_07,cam2,laboratory_room,19.05,9.974,190,640,480,True,fall_sideways,0.39,1.844,1.888,CC-BY-4.0,dev,G:/My Drive/upfall_real/Subject7Activity4Trial1Camera2.zip,cb721908c3c0bcd9e293ae9f6947cb12bc676113d73e945b233dde46a64c68c1,False,True,[],False
UP-Fall,upfall_s07_a04_t02_c1,upfall_subj_07,cam1,laboratory_room,18.85,9.922,187,640,480,True,fall_sideways,0.812,2.718,2.766,CC-BY-4.0,dev,G:/My Drive/upfall_real/Subject7Activity4Trial2Camera1.zip,8b87a43c0bf5eeffd5b5220423cecc512e0263978a455a407aee8824f7d68d4b,False,True,[],False
UP-Fall,upfall_s07_a04_t02_c2,upfall_subj_07,cam2,laboratory_room,18.85,9.922,187,640,480,True,fall_sideways,0.812,2.718,2.766,CC-BY-4.0,dev,G:/My Drive/upfall_real/Subject7Activity4Trial2Camera2.zip,e5d9aafa5d1ded23368c705a0770d778275efa83640f11d533ef3a90eb3b5c41,False,True,[],False
UP-Fall,upfall_s07_a04_t03_c1,upfall_subj_07,cam1,laboratory_room,19.1,9.842,188,640,480,True,fall_sideways,0.762,2.315,2.365,CC-BY-4.0,dev,G:/My Drive/upfall_real/Subject7Activity4Trial3Camera1.zip,749f5577c7f718d6ca395ffecb28411d2e6a6dfae7747abcfb3f4b5363d0c6be,False,True,[],False
UP-Fall,upfall_s07_a04_t03_c2,upfall_subj_07,cam2,laboratory_room,19.1,9.842,188,640,480,True,fall_sideways,0.762,2.315,2.365,CC-BY-4.0,dev,G:/My Drive/upfall_real/Subject7Activity4Trial3Camera2.zip,4edbdcb16c4aa9f3fd5fb7657860ebe53ee82a81dae7cc8e9f1d87124e1e46ba,False,True,[],False
UP-Fall,upfall_s07_a05_t01_c1,upfall_subj_07,cam1,laboratory_room,18.79,9.951,187,640,480,True,fall_from_chair,0.728,3.225,3.265,CC-BY-4.0,dev,G:/My Drive/upfall_real/Subject7Activity5Trial1Camera1.zip,e8b930358fa7563b91ce8d03ab4b77a75ba7493c09a18f0c034f837bacf99d4f,False,True,[],False
UP-Fall,upfall_s07_a05_t01_c2,upfall_subj_07,cam2,laboratory_room,18.79,9.951,187,640,480,True,fall_from_chair,0.728,3.225,3.265,CC-BY-4.0,dev,G:/My Drive/upfall_real/Subject7Activity5Trial1Camera2.zip,3c66867c753215b0ba4603f1b388522d7d817a3d6d345bcc7ec7d7dca26777ab,False,True,[],False
UP-Fall,upfall_s07_a05_t02_c1,upfall_subj_07,cam1,laboratory_room,18.51,9.939,184,640,480,True,fall_from_chair,0.891,3.266,3.326,CC-BY-4.0,dev,G:/My Drive/upfall_real/Subject7Activity5Trial2Camera1.zip,4adf373d4cc46e256ea5db8dcac8c737e6443cfcdee748858defbdcd6c4866d5,False,True,[],False
UP-Fall,upfall_s07_a05_t02_c2,upfall_subj_07,cam2,laboratory_room,18.51,9.939,184,640,480,True,fall_from_chair,0.891,3.266,3.326,CC-BY-4.0,dev,G:/My Drive/upfall_real/Subject7Activity5Trial2Camera2.zip,15a188dcb4cc5b46a74d1b0ffeae00d63e4ecfa9336296b42273748d68eb85e2,False,True,[],False
UP-Fall,upfall_s07_a05_t03_c1,upfall_subj_07,cam1,laboratory_room,19.04,9.875,188,640,480,True,fall_from_chair,0.86,2.955,3.013,CC-BY-4.0,dev,G:/My Drive/upfall_real/Subject7Activity5Trial3Camera1.zip,ad931cd8733f0d0ad607e3575cc369f0055d39bccc7c38f75f77a5c545c7ac4a,False,True,[],False
UP-Fall,upfall_s07_a05_t03_c2,upfall_subj_07,cam2,laboratory_room,19.04,9.875,188,640,480,True,fall_from_chair,0.86,2.955,3.013,CC-BY-4.0,dev,G:/My Drive/upfall_real/Subject7Activity5Trial3Camera2.zip,d115a342daea0b27f5ee4bc682d5a7d3d78ff3b88959af363b88375c676234df,False,True,[],False
UP-Fall,upfall_s07_a06_t01_c1,upfall_subj_07,cam1,laboratory_room,18.74,59.834,1121,640,480,False,walking,,,,CC-BY-4.0,dev,G:/My Drive/upfall_real/Subject7Activity6Trial1Camera1.zip,88f80878353f79d03ee51edff41d46155c0cba663c8e2cf0547a867e25be3262,False,True,[],False
UP-Fall,upfall_s07_a06_t01_c2,upfall_subj_07,cam2,laboratory_room,18.74,59.834,1121,640,480,False,walking,,,,CC-BY-4.0,dev,G:/My Drive/upfall_real/Subject7Activity6Trial1Camera2.zip,f5b97dcb4787c92f7ac377c496290d4a09d3f83a1009ebe5be166e5a9ae6e3f8,False,True,[],False
UP-Fall,upfall_s07_a06_t02_c1,upfall_subj_07,cam1,laboratory_room,18.85,59.906,1129,640,480,False,walking,,,,CC-BY-4.0,dev,G:/My Drive/upfall_real/Subject7Activity6Trial2Camera1.zip,fc5c72dbacf530287fca8d0138299e457e4a8fb79381025b356387e71b2e6ef9,False,True,[],False
UP-Fall,upfall_s07_a06_t02_c2,upfall_subj_07,cam2,laboratory_room,18.85,59.906,1129,640,480,False,walking,,,,CC-BY-4.0,dev,G:/My Drive/upfall_real/Subject7Activity6Trial2Camera2.zip,ae42abd20f8ec48df9dd8d8b75636b6252cb10b29753c6d1ea5be056e2485af8,False,True,[],False
UP-Fall,upfall_s07_a06_t03_c1,upfall_subj_07,cam1,laboratory_room,18.62,59.94,1116,640,480,False,walking,,,,CC-BY-4.0,dev,G:/My Drive/upfall_real/Subject7Activity6Trial3Camera1.zip,510ca0d3d60e6576175979d4eb22e6c33c93b8cdd4b27a6f6be6723dec9304e7,False,True,[],False
UP-Fall,upfall_s07_a06_t03_c2,upfall_subj_07,cam2,laboratory_room,18.62,59.94,1116,640,480,False,walking,,,,CC-BY-4.0,dev,G:/My Drive/upfall_real/Subject7Activity6Trial3Camera2.zip,1db4e3364fb6fa7b880228042edd7817219762b49fdbaccb0871686be6308ad3,False,True,[],False
UP-Fall,upfall_s07_a07_t01_c1,upfall_subj_07,cam1,laboratory_room,18.08,59.917,1083,640,480,False,standing,,,,CC-BY-4.0,dev,G:/My Drive/upfall_real/Subject7Activity7Trial1Camera1.zip,44637d0293187405ff85e8a07a9dfd76a3bac445cc9fdb125aa5ea828c9184fb,False,True,[],False
UP-Fall,upfall_s07_a07_t01_c2,upfall_subj_07,cam2,laboratory_room,18.08,59.917,1083,640,480,False,standing,,,,CC-BY-4.0,dev,G:/My Drive/upfall_real/Subject7Activity7Trial1Camera2.zip,3cb80d86a57faa92d05963cc1d42b4b259ebd41f385f0d1170f058c953b69970,False,True,[],False
UP-Fall,upfall_s07_a07_t02_c1,upfall_subj_07,cam1,laboratory_room,17.96,59.968,1077,640,480,False,standing,,,,CC-BY-4.0,dev,G:/My Drive/upfall_real/Subject7Activity7Trial2Camera1.zip,5bd1f882e2fffa55716e1e3026a3339a450a9cdc548f8db04510ef0240d9f5f9,False,True,[],False
UP-Fall,upfall_s07_a07_t02_c2,upfall_subj_07,cam2,laboratory_room,17.96,59.968,1077,640,480,False,standing,,,,CC-BY-4.0,dev,G:/My Drive/upfall_real/Subject7Activity7Trial2Camera2.zip,19c9cd22b088d2bd9191d15d6de4685089935c465aae5809ad078a75203a294e,False,True,[],False
UP-Fall,upfall_s07_a07_t03_c1,upfall_subj_07,cam1,laboratory_room,18.43,59.959,1105,640,480,False,standing,,,,CC-BY-4.0,dev,G:/My Drive/upfall_real/Subject7Activity7Trial3Camera1.zip,4d00fc521e535c1fbc464e943ff9a631473c8ca9e99baecba959e40a999299f6,False,True,[],False
UP-Fall,upfall_s07_a07_t03_c2,upfall_subj_07,cam2,laboratory_room,18.43,59.959,1105,640,480,False,standing,,,,CC-BY-4.0,dev,G:/My Drive/upfall_real/Subject7Activity7Trial3Camera2.zip,0f39de7997dc1181bcdd46a239f481a0328d462d1c8fe355749715530eb2d548,False,True,[],False
UP-Fall,upfall_s07_a08_t01_c1,upfall_subj_07,cam1,laboratory_room,18.19,59.799,1088,640,480,False,sitting,,,,CC-BY-4.0,dev,G:/My Drive/upfall_real/Subject7Activity8Trial1Camera1.zip,3d115ed01551fef0a2bfa62d9123c3c2310dd5482acc0b6b9185914edc3a565c,False,True,[],False
UP-Fall,upfall_s07_a08_t01_c2,upfall_subj_07,cam2,laboratory_room,18.19,59.799,1088,640,480,False,sitting,,,,CC-BY-4.0,dev,G:/My Drive/upfall_real/Subject7Activity8Trial1Camera2.zip,42075b3db95ceec73b5d3c44b4a64e3e3570b14fc5eaed32cb8a75ab113fe1f1,False,True,[],False
UP-Fall,upfall_s07_a08_t02_c1,upfall_subj_07,cam1,laboratory_room,17.53,59.908,1050,640,480,False,sitting,,,,CC-BY-4.0,dev,G:/My Drive/upfall_real/Subject7Activity8Trial2Camera1.zip,e9225df7cdc7839b3d38d4fe8160b8e0fbd424c46caeb4abe7cac0328a6d2fe3,False,True,[],False
UP-Fall,upfall_s07_a08_t02_c2,upfall_subj_07,cam2,laboratory_room,17.53,59.908,1050,640,480,False,sitting,,,,CC-BY-4.0,dev,G:/My Drive/upfall_real/Subject7Activity8Trial2Camera2.zip,507d6e0dd31cf7a5df2728614f43030a5d40c4b3465e5ad6fff4ce02c393186e,False,True,[],False
UP-Fall,upfall_s07_a08_t03_c1,upfall_subj_07,cam1,laboratory_room,17.74,59.933,1063,640,480,False,sitting,,,,CC-BY-4.0,dev,G:/My Drive/upfall_real/Subject7Activity8Trial3Camera1.zip,eb0c6ef9617ae6680bfcd484f640c2fd63e9d91f7c66c239013d36b365afeef3,False,True,[],False
UP-Fall,upfall_s07_a08_t03_c2,upfall_subj_07,cam2,laboratory_room,17.74,59.933,1063,640,480,False,sitting,,,,CC-BY-4.0,dev,G:/My Drive/upfall_real/Subject7Activity8Trial3Camera2.zip,2590d329306d64b67c2cdc7dc439549404ff149ac4f8843effaed8ea89ee33b6,False,True,[],False
UP-Fall,upfall_s07_a09_t01_c1,upfall_subj_07,cam1,laboratory_room,19.02,9.935,189,640,480,False,picking_up_object,,,,CC-BY-4.0,dev,G:/My Drive/upfall_real/Subject7Activity9Trial1Camera1.zip,5040ef62b46b6277cbf989b2d2c0b12b4fe477d542d1fbccc6da1027c4aa3a71,False,True,[],False
UP-Fall,upfall_s07_a09_t01_c2,upfall_subj_07,cam2,laboratory_room,19.02,9.935,189,640,480,False,picking_up_object,,,,CC-BY-4.0,dev,G:/My Drive/upfall_real/Subject7Activity9Trial1Camera2.zip,430813a94e088839ac290936b85475eb4f049f170aba0b2886f9cae2f7aba98f,False,True,[],False
UP-Fall,upfall_s07_a09_t02_c1,upfall_subj_07,cam1,laboratory_room,18.58,9.955,185,640,480,False,picking_up_object,,,,CC-BY-4.0,dev,G:/My Drive/upfall_real/Subject7Activity9Trial2Camera1.zip,044efc839cd5b618517706e686b3ffe622293c191cf21ecd42c68a654890b435,False,True,[],False
UP-Fall,upfall_s07_a09_t02_c2,upfall_subj_07,cam2,laboratory_room,18.58,9.955,185,640,480,False,picking_up_object,,,,CC-BY-4.0,dev,G:/My Drive/upfall_real/Subject7Activity9Trial2Camera2.zip,a152e18770093d4e78fb0be06e6c46f54ee66aab755adeb93305370955dee434,False,True,[],False
UP-Fall,upfall_s07_a09_t03_c1,upfall_subj_07,cam1,laboratory_room,19.36,9.916,192,640,480,False,picking_up_object,,,,CC-BY-4.0,dev,G:/My Drive/upfall_real/Subject7Activity9Trial3Camera1.zip,0473f23c3e9548af44a57831ee7634b370fcbb7cc9186c712b5e3c64ac8389a2,False,True,[],False
UP-Fall,upfall_s07_a09_t03_c2,upfall_subj_07,cam2,laboratory_room,19.36,9.916,192,640,480,False,picking_up_object,,,,CC-BY-4.0,dev,G:/My Drive/upfall_real/Subject7Activity9Trial3Camera2.zip,0aa313facc2b42ef34ba300e3c2da84add8e439df6553627c1aa925587579274,False,True,[],False
UP-Fall,upfall_s08_a10_t01_c1,upfall_subj_08,cam1,laboratory_room,18.2,29.834,543,640,480,False,jumping,,,,CC-BY-4.0,dev,G:/My Drive/upfall_real/Subject8Activity10Trial1Camera1.zip,b53236392bd738756064d28083c7c1b54065f7f60aa1d03e0aedbb8025cff193,False,True,[],False
UP-Fall,upfall_s08_a10_t01_c2,upfall_subj_08,cam2,laboratory_room,18.2,29.834,543,640,480,False,jumping,,,,CC-BY-4.0,dev,G:/My Drive/upfall_real/Subject8Activity10Trial1Camera2.zip,0dd4f4d221e9d0bbaf30f246fa3f134a7751d0bf7230be8edc683cc44b521400,False,True,[],False
UP-Fall,upfall_s08_a10_t02_c1,upfall_subj_08,cam1,laboratory_room,18.25,29.923,546,640,480,False,jumping,,,,CC-BY-4.0,dev,G:/My Drive/upfall_real/Subject8Activity10Trial2Camera1.zip,721643b8502b93c0e8b37e7ac3cf32805414635b1ef916ecdde2a39d22ef4819,False,True,[],False
UP-Fall,upfall_s08_a10_t02_c2,upfall_subj_08,cam2,laboratory_room,18.25,29.923,546,640,480,False,jumping,,,,CC-BY-4.0,dev,G:/My Drive/upfall_real/Subject8Activity10Trial2Camera2.zip,56dc8d844b754a93dd772526b9ac7ce6aa2b1a6d23483019571e73d8b1689926,False,True,[],False
UP-Fall,upfall_s08_a10_t03_c1,upfall_subj_08,cam1,laboratory_room,18.38,29.928,550,640,480,False,jumping,,,,CC-BY-4.0,dev,G:/My Drive/upfall_real/Subject8Activity10Trial3Camera1.zip,a39bc33203e22fdf5ac482067348144a8a9e2f9aac69cbcf6765590532b0275b,False,True,[],False
UP-Fall,upfall_s08_a10_t03_c2,upfall_subj_08,cam2,laboratory_room,18.38,29.928,550,640,480,False,jumping,,,,CC-BY-4.0,dev,G:/My Drive/upfall_real/Subject8Activity10Trial3Camera2.zip,aa0779808a3135846dd15a333e62e8dcf87a5d5819d050657077f9ec2d32088f,False,True,[],False
UP-Fall,upfall_s08_a11_t01_c1,upfall_subj_08,cam1,laboratory_room,18.0,59.952,1079,640,480,False,lying_down,,,,CC-BY-4.0,dev,G:/My Drive/upfall_real/Subject8Activity11Trial1Camera1.zip,cf03d9f8a2ffe738b63eeb6249bb50e4b94c86d089400ca4d6ec1ce563b8f4ec,False,True,[],False
UP-Fall,upfall_s08_a11_t01_c2,upfall_subj_08,cam2,laboratory_room,18.0,59.952,1079,640,480,False,lying_down,,,,CC-BY-4.0,dev,G:/My Drive/upfall_real/Subject8Activity11Trial1Camera2.zip,29fa7de11aadf4e20c1cb2fcbd138b1821ceb390c0ee72a70507934ca69ffc1c,False,True,[],False
UP-Fall,upfall_s08_a01_t01_c1,upfall_subj_08,cam1,laboratory_room,18.81,9.94,187,640,480,True,fall_forward_hands,0.921,2.921,2.969,CC-BY-4.0,dev,G:/My Drive/upfall_real/Subject8Activity1Trial1Camera1.zip,8733f49a1b198888689b9f94866539f3d1f76dae825e4b4005db5365e0bac639,False,True,[],False
UP-Fall,upfall_s08_a01_t01_c2,upfall_subj_08,cam2,laboratory_room,18.81,9.94,187,640,480,True,fall_forward_hands,0.921,2.921,2.969,CC-BY-4.0,dev,G:/My Drive/upfall_real/Subject8Activity1Trial1Camera2.zip,dfe73fdbd881c81076278d6f7c68c294f11acd1879f910fb098e920e33a23620,False,True,[],False
UP-Fall,upfall_s08_a01_t02_c1,upfall_subj_08,cam1,laboratory_room,18.7,9.946,186,640,480,True,fall_forward_hands,1.514,3.855,3.9,CC-BY-4.0,dev,G:/My Drive/upfall_real/Subject8Activity1Trial2Camera1.zip,f71a96df462a96d1d84d7a399d3e3a98693c7f6b7f4dad341141c1fd0ae26007,False,True,[],False
UP-Fall,upfall_s08_a01_t02_c2,upfall_subj_08,cam2,laboratory_room,18.7,9.946,186,640,480,True,fall_forward_hands,1.514,3.855,3.9,CC-BY-4.0,dev,G:/My Drive/upfall_real/Subject8Activity1Trial2Camera2.zip,b728f525ff1b306e9dbc2b4a80ea75bc59555b0be5e6713fb928d8b6b1292ba2,False,True,[],False
UP-Fall,upfall_s08_a01_t03_c1,upfall_subj_08,cam1,laboratory_room,19.05,9.921,189,640,480,True,fall_forward_hands,1.11,3.147,3.189,CC-BY-4.0,dev,G:/My Drive/upfall_real/Subject8Activity1Trial3Camera1.zip,02d457be101e7f5a1c9a69705a3f10f012c752a3fcfd35c606ad97ef14bef34b,False,True,[],False
UP-Fall,upfall_s08_a01_t03_c2,upfall_subj_08,cam2,laboratory_room,19.05,9.921,189,640,480,True,fall_forward_hands,1.11,3.147,3.189,CC-BY-4.0,dev,G:/My Drive/upfall_real/Subject8Activity1Trial3Camera2.zip,775d46f97020b6d5d57c57961df9a289fa4a1185f04a92635c33b244e99bae5d,False,True,[],False
UP-Fall,upfall_s08_a02_t01_c1,upfall_subj_08,cam1,laboratory_room,19.21,9.89,190,640,480,True,fall_forward_knees,1.516,4.093,4.138,CC-BY-4.0,dev,G:/My Drive/upfall_real/Subject8Activity2Trial1Camera1.zip,810a4849dff66949ba67b176b86a9ba0a47ac433e8349ecc6427ae9e15c4ab1f,False,True,[],False
UP-Fall,upfall_s08_a02_t01_c2,upfall_subj_08,cam2,laboratory_room,19.21,9.89,190,640,480,True,fall_forward_knees,1.516,4.093,4.138,CC-BY-4.0,dev,G:/My Drive/upfall_real/Subject8Activity2Trial1Camera2.zip,aef3496eab143fbade1d9a40319a246d40b36a463c46ce7645358b465282b88f,False,True,[],False
UP-Fall,upfall_s08_a02_t02_c1,upfall_subj_08,cam1,laboratory_room,19.14,9.876,189,640,480,True,fall_forward_knees,2.129,4.28,4.329,CC-BY-4.0,dev,G:/My Drive/upfall_real/Subject8Activity2Trial2Camera1.zip,0dd679e13565d54da8d245e781138313b62011bdcc0d30bc5368031a1249fc6b,False,True,[],False
UP-Fall,upfall_s08_a02_t02_c2,upfall_subj_08,cam2,laboratory_room,19.14,9.876,189,640,480,True,fall_forward_knees,2.129,4.28,4.329,CC-BY-4.0,dev,G:/My Drive/upfall_real/Subject8Activity2Trial2Camera2.zip,bc6d8800ac0cec33b69f8be8a14da4b0fd5582523ad7834620e0bd8977c5ff4a,False,True,[],False
UP-Fall,upfall_s08_a02_t03_c1,upfall_subj_08,cam1,laboratory_room,18.99,9.954,189,640,480,True,fall_forward_knees,1.663,4.233,4.284,CC-BY-4.0,dev,G:/My Drive/upfall_real/Subject8Activity2Trial3Camera1.zip,e891d63624e9f5926067a7136f4cd28adfa35ace67c4d5662ff9cbb292f8571b,False,True,[],False
UP-Fall,upfall_s08_a02_t03_c2,upfall_subj_08,cam2,laboratory_room,18.99,9.954,189,640,480,True,fall_forward_knees,1.663,4.233,4.284,CC-BY-4.0,dev,G:/My Drive/upfall_real/Subject8Activity2Trial3Camera2.zip,e749fc5b0b6c43338cd1f67de03999e628dd858c9698626aafc77ee1452d509c,False,True,[],False
UP-Fall,upfall_s08_a03_t01_c1,upfall_subj_08,cam1,laboratory_room,18.29,9.949,182,640,480,True,fall_backward,0.983,3.744,3.803,CC-BY-4.0,dev,G:/My Drive/upfall_real/Subject8Activity3Trial1Camera1.zip,5198e142d7e160cccdf85f5deb2749520ed3daabe7950e9f44d354af2b913e01,False,True,[],False
UP-Fall,upfall_s08_a03_t01_c2,upfall_subj_08,cam2,laboratory_room,18.29,9.949,182,640,480,True,fall_backward,0.983,3.744,3.803,CC-BY-4.0,dev,G:/My Drive/upfall_real/Subject8Activity3Trial1Camera2.zip,2720b78902aa2d45387e3113f5dff3e22700d0a118fb5edb2f6a173b36ca16b1,False,True,[],False
UP-Fall,upfall_s08_a03_t02_c1,upfall_subj_08,cam1,laboratory_room,17.8,9.941,177,640,480,True,fall_backward,0.956,2.947,3.001,CC-BY-4.0,dev,G:/My Drive/upfall_real/Subject8Activity3Trial2Camera1.zip,4f798a004932dde8bb6849a9c424e06cd9ee811a1b9d1c9dbda6e27f1773576e,False,True,[],False
UP-Fall,upfall_s08_a03_t02_c2,upfall_subj_08,cam2,laboratory_room,17.8,9.941,177,640,480,True,fall_backward,0.956,2.947,3.001,CC-BY-4.0,dev,G:/My Drive/upfall_real/Subject8Activity3Trial2Camera2.zip,498a82f8ac3dcd452972b283dca7211079dbf967c08c5f25f722a357c26884c5,False,True,[],False
UP-Fall,upfall_s08_a03_t03_c1,upfall_subj_08,cam1,laboratory_room,18.01,9.884,178,640,480,True,fall_backward,0.852,2.56,2.603,CC-BY-4.0,dev,G:/My Drive/upfall_real/Subject8Activity3Trial3Camera1.zip,7ffbff1371e278889c954ebda71006708cd734e79d4e787d16e8b47a9eb9979f,False,True,[],False
UP-Fall,upfall_s08_a03_t03_c2,upfall_subj_08,cam2,laboratory_room,18.01,9.884,178,640,480,True,fall_backward,0.852,2.56,2.603,CC-BY-4.0,dev,G:/My Drive/upfall_real/Subject8Activity3Trial3Camera2.zip,25ad9f48c69564eebd584368c984322c35f3ee91a20888922026a306879b2343,False,True,[],False
UP-Fall,upfall_s08_a04_t01_c1,upfall_subj_08,cam1,laboratory_room,18.39,9.949,183,640,480,True,fall_sideways,1.204,2.972,3.018,CC-BY-4.0,dev,G:/My Drive/upfall_real/Subject8Activity4Trial1Camera1.zip,fcbc8dd9eb794ecda7c57aed7ea44f2fdc8c57920a48197c150e9bdadcd0ed88,False,True,[],False
UP-Fall,upfall_s08_a04_t01_c2,upfall_subj_08,cam2,laboratory_room,18.39,9.949,183,640,480,True,fall_sideways,1.204,2.972,3.018,CC-BY-4.0,dev,G:/My Drive/upfall_real/Subject8Activity4Trial1Camera2.zip,c23bbc6e0320af8f2d265a85ecc9900b0cb36b8ef604a47854c3bf7746ba157c,False,True,[],False
UP-Fall,upfall_s08_a04_t02_c1,upfall_subj_08,cam1,laboratory_room,17.9,9.945,178,640,480,True,fall_sideways,0.984,3.348,3.406,CC-BY-4.0,dev,G:/My Drive/upfall_real/Subject8Activity4Trial2Camera1.zip,1c99f6afa776e9efff511ba5279d7e3aa357f2b69b6bf88a1f33f659e0b25026,False,True,[],False
UP-Fall,upfall_s08_a04_t02_c2,upfall_subj_08,cam2,laboratory_room,17.9,9.945,178,640,480,True,fall_sideways,0.984,3.348,3.406,CC-BY-4.0,dev,G:/My Drive/upfall_real/Subject8Activity4Trial2Camera2.zip,f85cc516dea88bfd9c32bc8cc23f4468baad0b82ca257e6a3d022a6f2dda6fb6,False,True,[],False
UP-Fall,upfall_s08_a04_t03_c1,upfall_subj_08,cam1,laboratory_room,18.4,9.946,183,640,480,True,fall_sideways,1.511,3.684,3.73,CC-BY-4.0,dev,G:/My Drive/upfall_real/Subject8Activity4Trial3Camera1.zip,871263fa3a1b353a59a5c8e84aa3931640f9b23bfdead9857bb7bc64e536ea1e,False,True,[],False
UP-Fall,upfall_s08_a04_t03_c2,upfall_subj_08,cam2,laboratory_room,18.4,9.946,183,640,480,True,fall_sideways,1.511,3.684,3.73,CC-BY-4.0,dev,G:/My Drive/upfall_real/Subject8Activity4Trial3Camera2.zip,d583f86e4f47ded32c352b840a9ff98b9067235552f11ccbb3291f138e3b4b57,False,True,[],False
UP-Fall,upfall_s08_a05_t01_c1,upfall_subj_08,cam1,laboratory_room,19.09,9.95,190,640,480,True,fall_from_chair,0.604,3.721,3.78,CC-BY-4.0,dev,G:/My Drive/upfall_real/Subject8Activity5Trial1Camera1.zip,22062a8ecd0e4611e59f5c3899631efd6594f806c7032d6e038d43b3fa9ca196,False,True,[],False
UP-Fall,upfall_s08_a05_t01_c2,upfall_subj_08,cam2,laboratory_room,19.09,9.95,190,640,480,True,fall_from_chair,0.604,3.721,3.78,CC-BY-4.0,dev,G:/My Drive/upfall_real/Subject8Activity5Trial1Camera2.zip,58593f1af1b425e9d79da57a4090d0a440d1546d843fb9a05b09478d3ed3033d,False,True,[],False
UP-Fall,upfall_s08_a05_t02_c1,upfall_subj_08,cam1,laboratory_room,17.47,9.902,173,640,480,True,fall_from_chair,1.542,4.678,4.736,CC-BY-4.0,dev,G:/My Drive/upfall_real/Subject8Activity5Trial2Camera1.zip,7ee39b4326afc90e5a75036469b511186eb746d547697de3ffe620b919770413,False,True,[],False
UP-Fall,upfall_s08_a05_t02_c2,upfall_subj_08,cam2,laboratory_room,17.47,9.902,173,640,480,True,fall_from_chair,1.542,4.678,4.736,CC-BY-4.0,dev,G:/My Drive/upfall_real/Subject8Activity5Trial2Camera2.zip,f9f30a46b4254e6291b4e44696e8a04400be6a2c349a9697f073feecc0dd89d6,False,True,[],False
UP-Fall,upfall_s08_a05_t03_c1,upfall_subj_08,cam1,laboratory_room,18.35,9.811,180,640,480,True,fall_from_chair,1.773,4.825,4.888,CC-BY-4.0,dev,G:/My Drive/upfall_real/Subject8Activity5Trial3Camera1.zip,d03df6b1086d46217d2ce2a45eda39292ed964b44dcb2013cf7a8804f296b6f1,False,True,[],False
UP-Fall,upfall_s08_a05_t03_c2,upfall_subj_08,cam2,laboratory_room,18.35,9.811,180,640,480,True,fall_from_chair,1.773,4.825,4.888,CC-BY-4.0,dev,G:/My Drive/upfall_real/Subject8Activity5Trial3Camera2.zip,5b1fad4d762869753439d2e35a19220d0fa91f6835e92bd741bba1ea4fc3fc36,False,True,[],False
UP-Fall,upfall_s08_a06_t01_c1,upfall_subj_08,cam1,laboratory_room,17.46,59.898,1046,640,480,False,walking,,,,CC-BY-4.0,dev,G:/My Drive/upfall_real/Subject8Activity6Trial1Camera1.zip,f9bab931b9e0119a1bfd3655c710bbcdabd25a41da4365aaacdd4037a94e679e,False,True,[],False
UP-Fall,upfall_s08_a06_t01_c2,upfall_subj_08,cam2,laboratory_room,17.46,59.898,1046,640,480,False,walking,,,,CC-BY-4.0,dev,G:/My Drive/upfall_real/Subject8Activity6Trial1Camera2.zip,14bc57f91e35489ee8c7672cb48e38290d07b9a9f5568e2b4bd4fbab4c0eeb7d,False,True,[],False
UP-Fall,upfall_s08_a06_t02_c1,upfall_subj_08,cam1,laboratory_room,17.71,59.924,1061,640,480,False,walking,,,,CC-BY-4.0,dev,G:/My Drive/upfall_real/Subject8Activity6Trial2Camera1.zip,aa048f0788e92a94a4a1c54e79f8b19663cc25c9b414eda67034a0862746cafe,False,True,[],False
UP-Fall,upfall_s08_a06_t02_c2,upfall_subj_08,cam2,laboratory_room,17.71,59.924,1061,640,480,False,walking,,,,CC-BY-4.0,dev,G:/My Drive/upfall_real/Subject8Activity6Trial2Camera2.zip,f50fd45fc4748381e5a48aea2af47006ccb24c11c6ab08e3df3394a63c9f3a21,False,True,[],False
UP-Fall,upfall_s08_a06_t03_c1,upfall_subj_08,cam1,laboratory_room,17.36,59.901,1040,640,480,False,walking,,,,CC-BY-4.0,dev,G:/My Drive/upfall_real/Subject8Activity6Trial3Camera1.zip,ec5db4c13fd5594504c2de4307022ad7496e2024eeb5360949654092fce63015,False,True,[],False
UP-Fall,upfall_s08_a06_t03_c2,upfall_subj_08,cam2,laboratory_room,17.36,59.901,1040,640,480,False,walking,,,,CC-BY-4.0,dev,G:/My Drive/upfall_real/Subject8Activity6Trial3Camera2.zip,f734267c2c872e2f798901d1df44b2e65f427f04b3e0bd58a94d3f99f864b63b,False,True,[],False
UP-Fall,upfall_s08_a07_t01_c1,upfall_subj_08,cam1,laboratory_room,17.9,59.935,1073,640,480,False,standing,,,,CC-BY-4.0,dev,G:/My Drive/upfall_real/Subject8Activity7Trial1Camera1.zip,eadfd58fead4093e2c9dfe07dc4e9fbaaa8e4ac6d38182c8e49491e8d63b3afd,False,True,[],False
UP-Fall,upfall_s08_a07_t01_c2,upfall_subj_08,cam2,laboratory_room,17.9,59.935,1073,640,480,False,standing,,,,CC-BY-4.0,dev,G:/My Drive/upfall_real/Subject8Activity7Trial1Camera2.zip,ba2af4e0d00a4b69f9d0158c017ee6202845aff6d7867a2db5cb00b638778c4a,False,True,[],False
UP-Fall,upfall_s08_a07_t02_c1,upfall_subj_08,cam1,laboratory_room,18.08,59.971,1084,640,480,False,standing,,,,CC-BY-4.0,dev,G:/My Drive/upfall_real/Subject8Activity7Trial2Camera1.zip,2e0b9c1a90124b2b728b82cb544cc38a7ea9a4e2dc5a2c90974354c997e636cc,False,True,[],False
UP-Fall,upfall_s08_a07_t02_c2,upfall_subj_08,cam2,laboratory_room,18.08,59.971,1084,640,480,False,standing,,,,CC-BY-4.0,dev,G:/My Drive/upfall_real/Subject8Activity7Trial2Camera2.zip,42daa9bc8e6f2e35250f026d770c8e4f458f24220be55d5ca6f5eadfc6b2a14e,False,True,[],False
UP-Fall,upfall_s08_a07_t03_c1,upfall_subj_08,cam1,laboratory_room,17.93,59.956,1075,640,480,False,standing,,,,CC-BY-4.0,dev,G:/My Drive/upfall_real/Subject8Activity7Trial3Camera1.zip,1faf38cb0b88750aaff357025c5686253deae5a11b36d65876ce75b5ebf9b452,False,True,[],False
UP-Fall,upfall_s08_a07_t03_c2,upfall_subj_08,cam2,laboratory_room,17.93,59.956,1075,640,480,False,standing,,,,CC-BY-4.0,dev,G:/My Drive/upfall_real/Subject8Activity7Trial3Camera2.zip,ffeaec4acbda85a7ec46e2056e01439dcd326beeb3c1aa72e7a2d01bc24172db,False,True,[],False
UP-Fall,upfall_s08_a08_t01_c1,upfall_subj_08,cam1,laboratory_room,17.77,59.979,1066,640,480,False,sitting,,,,CC-BY-4.0,dev,G:/My Drive/upfall_real/Subject8Activity8Trial1Camera1.zip,238e7f05201f3347a894c0fa8ba2b1305ef06ec736c46d7af3f0166ee7297686,False,True,[],False
UP-Fall,upfall_s08_a08_t01_c2,upfall_subj_08,cam2,laboratory_room,17.77,59.979,1066,640,480,False,sitting,,,,CC-BY-4.0,dev,G:/My Drive/upfall_real/Subject8Activity8Trial1Camera2.zip,4248414a4375036b2cc2f2c2ae14242300ba8688eaf1a40a1aa6dc29e5fe7b9b,False,True,[],False
UP-Fall,upfall_s08_a08_t02_c1,upfall_subj_08,cam1,laboratory_room,17.77,59.925,1065,640,480,False,sitting,,,,CC-BY-4.0,dev,G:/My Drive/upfall_real/Subject8Activity8Trial2Camera1.zip,34d520c37f35712b17a345304e60aeb4493770e5e0360efcba73d1704472af35,False,True,[],False
UP-Fall,upfall_s08_a08_t02_c2,upfall_subj_08,cam2,laboratory_room,17.77,59.925,1065,640,480,False,sitting,,,,CC-BY-4.0,dev,G:/My Drive/upfall_real/Subject8Activity8Trial2Camera2.zip,a5fdefbd5b3280c79da711ed9a1cf80f802229fc148f87d76607392191e02a86,False,True,[],False
UP-Fall,upfall_s08_a08_t03_c1,upfall_subj_08,cam1,laboratory_room,18.23,59.943,1093,640,480,False,sitting,,,,CC-BY-4.0,dev,G:/My Drive/upfall_real/Subject8Activity8Trial3Camera1.zip,626fca2cfeec5354a6753e44230b0fbb05dcb6514b8f52cb9a99990050e971da,False,True,[],False
UP-Fall,upfall_s08_a08_t03_c2,upfall_subj_08,cam2,laboratory_room,18.23,59.943,1093,640,480,False,sitting,,,,CC-BY-4.0,dev,G:/My Drive/upfall_real/Subject8Activity8Trial3Camera2.zip,b4624d7ea3c8d0beb144235bf2350d505a9d286b8c91fe6006edf2f66c5c4caa,False,True,[],False
UP-Fall,upfall_s08_a09_t01_c1,upfall_subj_08,cam1,laboratory_room,17.96,9.409,169,640,480,False,picking_up_object,,,,CC-BY-4.0,dev,G:/My Drive/upfall_real/Subject8Activity9Trial1Camera1.zip,76de30fdb77dc76428e88e7daf0744f3f01f2ed21dfddb8c56c010a9330b2581,False,True,[],False
UP-Fall,upfall_s08_a09_t01_c2,upfall_subj_08,cam2,laboratory_room,17.96,9.409,169,640,480,False,picking_up_object,,,,CC-BY-4.0,dev,G:/My Drive/upfall_real/Subject8Activity9Trial1Camera2.zip,9ed5312d49d37994eb7369f8f6fde7c34c817dccd8b5b60318bf425b74cf961e,False,True,[],False
UP-Fall,upfall_s08_a09_t02_c1,upfall_subj_08,cam1,laboratory_room,18.86,9.81,185,640,480,False,picking_up_object,,,,CC-BY-4.0,dev,G:/My Drive/upfall_real/Subject8Activity9Trial2Camera1.zip,8cd90cad74053c92a991f89dda22eb9b3f3d1d67943dca76d8cc80f1550d3731,False,True,[],False
UP-Fall,upfall_s08_a09_t02_c2,upfall_subj_08,cam2,laboratory_room,18.86,9.81,185,640,480,False,picking_up_object,,,,CC-BY-4.0,dev,G:/My Drive/upfall_real/Subject8Activity9Trial2Camera2.zip,698f3e9f95cf2e38455145d030ec708972c46085adefb12b053424f158f2b65d,False,True,[],False
UP-Fall,upfall_s08_a09_t03_c1,upfall_subj_08,cam1,laboratory_room,18.2,9.945,181,640,480,False,picking_up_object,,,,CC-BY-4.0,dev,G:/My Drive/upfall_real/Subject8Activity9Trial3Camera1.zip,5a20355310184c8cc68e6e8e513635f8c4c202fdee0cda2e7fe94935bae95844,False,True,[],False
UP-Fall,upfall_s08_a09_t03_c2,upfall_subj_08,cam2,laboratory_room,18.2,9.945,181,640,480,False,picking_up_object,,,,CC-BY-4.0,dev,G:/My Drive/upfall_real/Subject8Activity9Trial3Camera2.zip,b35db3b4339c72af79f187c47a2a7bc152be3d89850e07a35e3f546f391e0a00,False,True,[],False
UP-Fall,upfall_s09_a10_t01_c1,upfall_subj_09,cam1,laboratory_room,18.61,29.928,557,640,480,False,jumping,,,,CC-BY-4.0,dev,G:/My Drive/upfall_real/Subject9Activity10Trial1Camera1.zip,a3b742cf4882d6bacbe7fbbe357b46a01d71ee083afc7e8d51fc45bbd956ea32,False,True,[],False
UP-Fall,upfall_s09_a10_t01_c2,upfall_subj_09,cam2,laboratory_room,18.61,29.928,557,640,480,False,jumping,,,,CC-BY-4.0,dev,G:/My Drive/upfall_real/Subject9Activity10Trial1Camera2.zip,d990fc4c72b912c6032d74615fba8a2ed9519034f3cffdd7ee16ba07ca0ed48f,False,True,[],False
UP-Fall,upfall_s09_a10_t02_c1,upfall_subj_09,cam1,laboratory_room,17.96,29.901,537,640,480,False,jumping,,,,CC-BY-4.0,dev,G:/My Drive/upfall_real/Subject9Activity10Trial2Camera1.zip,22c62a7484b9206d370705161d5be40f4b5c4448387ee55972532f0714b738e7,False,True,[],False
UP-Fall,upfall_s09_a10_t02_c2,upfall_subj_09,cam2,laboratory_room,17.96,29.901,537,640,480,False,jumping,,,,CC-BY-4.0,dev,G:/My Drive/upfall_real/Subject9Activity10Trial2Camera2.zip,26633c5dc0dd79e05a50b6b0834a3652bf3725d32377ba983db7ff9795db890f,False,True,[],False
UP-Fall,upfall_s09_a10_t03_c1,upfall_subj_09,cam1,laboratory_room,18.51,29.936,554,640,480,False,jumping,,,,CC-BY-4.0,dev,G:/My Drive/upfall_real/Subject9Activity10Trial3Camera1.zip,5f1262cb33e1a0a1ce5a3e32fae64664cdcf0c36d1e50942836a8b3c43e4d268,False,True,[],False
UP-Fall,upfall_s09_a10_t03_c2,upfall_subj_09,cam2,laboratory_room,18.51,29.936,554,640,480,False,jumping,,,,CC-BY-4.0,dev,G:/My Drive/upfall_real/Subject9Activity10Trial3Camera2.zip,2ddf6ad902fbc14f4d5d48e4fc86e848ec5377e037ace2d6252d4d893075c9c0,False,True,[],False
UP-Fall,upfall_s09_a11_t01_c1,upfall_subj_09,cam1,laboratory_room,18.26,59.927,1094,640,480,False,lying_down,,,,CC-BY-4.0,dev,G:/My Drive/upfall_real/Subject9Activity11Trial1Camera1.zip,d91a00fef1a267847a35b0f13fb141b4c32c52e06019b039fd79b778312c3070,False,True,[],False
UP-Fall,upfall_s09_a11_t01_c2,upfall_subj_09,cam2,laboratory_room,18.26,59.927,1094,640,480,False,lying_down,,,,CC-BY-4.0,dev,G:/My Drive/upfall_real/Subject9Activity11Trial1Camera2.zip,512e2bc9c0e97179eb0add062fe0a8c04acc16c563e6ad534a1cd54eae1f864d,False,True,[],False
UP-Fall,upfall_s09_a11_t02_c1,upfall_subj_09,cam1,laboratory_room,18.32,59.932,1098,640,480,False,lying_down,,,,CC-BY-4.0,dev,G:/My Drive/upfall_real/Subject9Activity11Trial2Camera1.zip,bc8f3b0b8a837317cadbcbacac70ae7bff125ace6e498c5d69d636cb2729eaaf,False,True,[],False
UP-Fall,upfall_s09_a11_t02_c2,upfall_subj_09,cam2,laboratory_room,18.32,59.932,1098,640,480,False,lying_down,,,,CC-BY-4.0,dev,G:/My Drive/upfall_real/Subject9Activity11Trial2Camera2.zip,1d676e1667bfbcbd1ccbd61c533d845a89b6256e4acc1093829770ca6c32acfe,False,True,[],False
UP-Fall,upfall_s09_a11_t03_c1,upfall_subj_09,cam1,laboratory_room,18.56,59.956,1113,640,480,False,lying_down,,,,CC-BY-4.0,dev,G:/My Drive/upfall_real/Subject9Activity11Trial3Camera1.zip,2f75241e024bcb9e5ae74fb59aebe690c3b54c25df411c5fb8f06f34c0892111,False,True,[],False
UP-Fall,upfall_s09_a11_t03_c2,upfall_subj_09,cam2,laboratory_room,18.56,59.956,1113,640,480,False,lying_down,,,,CC-BY-4.0,dev,G:/My Drive/upfall_real/Subject9Activity11Trial3Camera2.zip,c4f8f8c9699d5e6bbf62f916cc0198f0528b5765161d16f029a67f27a541f217,False,True,[],False
UP-Fall,upfall_s09_a01_t01_c1,upfall_subj_09,cam1,laboratory_room,18.19,9.949,181,640,480,True,fall_forward_hands,1.492,3.057,3.1,CC-BY-4.0,dev,G:/My Drive/upfall_real/Subject9Activity1Trial1Camera1.zip,fe59849864815088a1ecb9c3cebd4b50913fd2e0edff6481006195270ff6061c,False,True,[],False
UP-Fall,upfall_s09_a01_t01_c2,upfall_subj_09,cam2,laboratory_room,18.19,9.949,181,640,480,True,fall_forward_hands,1.492,3.057,3.1,CC-BY-4.0,dev,G:/My Drive/upfall_real/Subject9Activity1Trial1Camera2.zip,5d40828765cea72e8be43309f3dfc6910e4efa21ff31a148377c271989eba362,False,True,[],False
UP-Fall,upfall_s09_a01_t02_c1,upfall_subj_09,cam1,laboratory_room,18.18,9.899,180,640,480,True,fall_forward_hands,1.003,2.622,2.668,CC-BY-4.0,dev,G:/My Drive/upfall_real/Subject9Activity1Trial2Camera1.zip,758f43850e84d07d7caaea47bc0c43eba893866fbabc1447f3cd622d3397a8ab,False,True,[],False
UP-Fall,upfall_s09_a01_t02_c2,upfall_subj_09,cam2,laboratory_room,18.18,9.899,180,640,480,True,fall_forward_hands,1.003,2.622,2.668,CC-BY-4.0,dev,G:/My Drive/upfall_real/Subject9Activity1Trial2Camera2.zip,bf89e2a88d4e4d6f28c827e6ccd9f059d3860e7d9bee0f1efb01197b60c4fae1,False,True,[],False
UP-Fall,upfall_s09_a01_t03_c1,upfall_subj_09,cam1,laboratory_room,17.97,9.96,179,640,480,True,fall_forward_hands,1.21,2.305,2.411,CC-BY-4.0,dev,G:/My Drive/upfall_real/Subject9Activity1Trial3Camera1.zip,07eff79e7eec082db9f8b1b05546acb8bfa8cd1455875ba3d5e7b47f5f604a8e,False,True,[],False
UP-Fall,upfall_s09_a01_t03_c2,upfall_subj_09,cam2,laboratory_room,17.97,9.96,179,640,480,True,fall_forward_hands,1.21,2.305,2.411,CC-BY-4.0,dev,G:/My Drive/upfall_real/Subject9Activity1Trial3Camera2.zip,55daffae8ecf4a8ad0da46f9bc1fad1a3ef05b487383694cefb7c2d80b06addc,False,True,[],False
UP-Fall,upfall_s09_a02_t01_c1,upfall_subj_09,cam1,laboratory_room,17.85,9.918,177,640,480,True,fall_forward_knees,1.161,2.858,2.906,CC-BY-4.0,dev,G:/My Drive/upfall_real/Subject9Activity2Trial1Camera1.zip,427f4699052e0d418926d38e5b4456a0ed78af3e84823482c5b011706ee484be,False,True,[],False
UP-Fall,upfall_s09_a02_t01_c2,upfall_subj_09,cam2,laboratory_room,17.85,9.918,177,640,480,True,fall_forward_knees,1.161,2.858,2.906,CC-BY-4.0,dev,G:/My Drive/upfall_real/Subject9Activity2Trial1Camera2.zip,54091050976c3eb8597b0d82e720456bebdf5f2716099b45d6b20e961bf3a72e,False,True,[],False
UP-Fall,upfall_s09_a02_t02_c1,upfall_subj_09,cam1,laboratory_room,17.88,9.9,177,640,480,True,fall_forward_knees,1.255,2.666,2.713,CC-BY-4.0,dev,G:/My Drive/upfall_real/Subject9Activity2Trial2Camera1.zip,ed517e9d0392e47583fec410ea30e1e397860f243c890baaa07aed612a156c84,False,True,[],False
UP-Fall,upfall_s09_a02_t02_c2,upfall_subj_09,cam2,laboratory_room,17.88,9.9,177,640,480,True,fall_forward_knees,1.255,2.666,2.713,CC-BY-4.0,dev,G:/My Drive/upfall_real/Subject9Activity2Trial2Camera2.zip,7854722d62f050cd8ee63e19541bb79544ddd5b3272f6fc939625d0a9fc0ebcc,False,True,[],False
UP-Fall,upfall_s09_a02_t03_c1,upfall_subj_09,cam1,laboratory_room,18.61,9.724,181,640,480,True,fall_forward_knees,0.713,2.41,2.462,CC-BY-4.0,dev,G:/My Drive/upfall_real/Subject9Activity2Trial3Camera1.zip,e86e4616c094b19213ba3a2c337db31210ae1130ea4540d588d87954d0aee2b1,False,True,[],False
UP-Fall,upfall_s09_a02_t03_c2,upfall_subj_09,cam2,laboratory_room,18.61,9.724,181,640,480,True,fall_forward_knees,0.713,2.41,2.462,CC-BY-4.0,dev,G:/My Drive/upfall_real/Subject9Activity2Trial3Camera2.zip,24e66e4ecaf55d4e96e2e918f9950ad3da78ef56cbdf54771ad19b50231fe37f,False,True,[],False
UP-Fall,upfall_s09_a03_t01_c1,upfall_subj_09,cam1,laboratory_room,17.72,9.934,176,640,480,True,fall_backward,1.591,3.559,3.605,CC-BY-4.0,dev,G:/My Drive/upfall_real/Subject9Activity3Trial1Camera1.zip,7d400ddc65044967e7c65f8619743c535068bdfee5a1c2e3574629e1a0f05198,False,True,[],False
UP-Fall,upfall_s09_a03_t01_c2,upfall_subj_09,cam2,laboratory_room,17.72,9.934,176,640,480,True,fall_backward,1.591,3.559,3.605,CC-BY-4.0,dev,G:/My Drive/upfall_real/Subject9Activity3Trial1Camera2.zip,fd11a670584da79a072ecc34ab2e22076f98cfe902ec4e10735d10e2842975e6,False,True,[],False
UP-Fall,upfall_s09_a03_t02_c1,upfall_subj_09,cam1,laboratory_room,17.79,9.892,176,640,480,True,fall_backward,1.156,3.161,3.202,CC-BY-4.0,dev,G:/My Drive/upfall_real/Subject9Activity3Trial2Camera1.zip,66f84783e6ad308a2c5f0012176cd8b2efefca51b521769bd6784dcdb8201ba7,False,True,[],False
UP-Fall,upfall_s09_a03_t02_c2,upfall_subj_09,cam2,laboratory_room,17.79,9.892,176,640,480,True,fall_backward,1.156,3.161,3.202,CC-BY-4.0,dev,G:/My Drive/upfall_real/Subject9Activity3Trial2Camera2.zip,e04c2e2e117991d7038b3f840d57c8ab4f1af89e08c441cbcdec7dc222b33194,False,True,[],False
UP-Fall,upfall_s09_a03_t03_c1,upfall_subj_09,cam1,laboratory_room,18.19,9.951,181,640,480,True,fall_backward,0.936,3.055,3.11,CC-BY-4.0,dev,G:/My Drive/upfall_real/Subject9Activity3Trial3Camera1.zip,303870e64ce71f4778f302b550667ea68eb5cfdea9d68e552b5b95df687c1052,False,True,[],False
UP-Fall,upfall_s09_a03_t03_c2,upfall_subj_09,cam2,laboratory_room,18.19,9.951,181,640,480,True,fall_backward,0.936,3.055,3.11,CC-BY-4.0,dev,G:/My Drive/upfall_real/Subject9Activity3Trial3Camera2.zip,2fc7b7b8f7698cdb9bda736d18a3c87a46ebca22f1beff1ad11038124c236682,False,True,[],False
UP-Fall,upfall_s09_a04_t01_c1,upfall_subj_09,cam1,laboratory_room,17.94,9.922,178,640,480,True,fall_sideways,1.093,2.626,2.675,CC-BY-4.0,dev,G:/My Drive/upfall_real/Subject9Activity4Trial1Camera1.zip,2ffebdfaf921cc7af1a0d8c28a39a01ea07c82b7d0b63e4034cac74aa448fefd,False,True,[],False
UP-Fall,upfall_s09_a04_t01_c2,upfall_subj_09,cam2,laboratory_room,17.94,9.922,178,640,480,True,fall_sideways,1.093,2.626,2.675,CC-BY-4.0,dev,G:/My Drive/upfall_real/Subject9Activity4Trial1Camera2.zip,afdf15d2f1cc9c6118ad9df174b8848db3e849d8005e284ec03735267ae3941b,False,True,[],False
UP-Fall,upfall_s09_a04_t02_c1,upfall_subj_09,cam1,laboratory_room,17.75,9.915,176,640,480,True,fall_sideways,1.245,2.775,2.822,CC-BY-4.0,dev,G:/My Drive/upfall_real/Subject9Activity4Trial2Camera1.zip,0a0a881e4dd44f922ddfaafae074fef87927f37badf53dd632455873c48e7cb1,False,True,[],False
UP-Fall,upfall_s09_a04_t02_c2,upfall_subj_09,cam2,laboratory_room,17.75,9.915,176,640,480,True,fall_sideways,1.245,2.775,2.822,CC-BY-4.0,dev,G:/My Drive/upfall_real/Subject9Activity4Trial2Camera2.zip,7220ad3dc82ea121d39d5461231304672ff1ab454c1ee954c653f3cb166107e4,False,True,[],False
UP-Fall,upfall_s09_a04_t03_c1,upfall_subj_09,cam1,laboratory_room,16.92,9.931,168,640,480,True,fall_sideways,1.403,2.409,2.482,CC-BY-4.0,dev,G:/My Drive/upfall_real/Subject9Activity4Trial3Camera1.zip,d83ea3d6195c1fa7cb6153dec6a885cdbb492ba0eed266143b08bc9dcc23cd1f,False,True,[],False
UP-Fall,upfall_s09_a04_t03_c2,upfall_subj_09,cam2,laboratory_room,16.92,9.931,168,640,480,True,fall_sideways,1.403,2.409,2.482,CC-BY-4.0,dev,G:/My Drive/upfall_real/Subject9Activity4Trial3Camera2.zip,8bd43d0f516d6713b663e7b711bcb23796a1973357f146ba2f437e22bfaf9c28,False,True,[],False
UP-Fall,upfall_s09_a05_t01_c1,upfall_subj_09,cam1,laboratory_room,17.54,9.978,175,640,480,True,fall_from_chair,1.037,3.864,3.908,CC-BY-4.0,dev,G:/My Drive/upfall_real/Subject9Activity5Trial1Camera1.zip,adadc08910b9248d9a54a379f61e83d00a6c4694534f92872fc8cc914f0813ff,False,True,[],False
UP-Fall,upfall_s09_a05_t01_c2,upfall_subj_09,cam2,laboratory_room,17.54,9.978,175,640,480,True,fall_from_chair,1.037,3.864,3.908,CC-BY-4.0,dev,G:/My Drive/upfall_real/Subject9Activity5Trial1Camera2.zip,e6b0951ceb70d5fe77457f36dcab1ec884d48ea072f6c352b69fcf0cbc8778a9,False,True,[],False
UP-Fall,upfall_s09_a05_t02_c1,upfall_subj_09,cam1,laboratory_room,17.28,9.952,172,640,480,True,fall_from_chair,0.796,3.068,3.138,CC-BY-4.0,dev,G:/My Drive/upfall_real/Subject9Activity5Trial2Camera1.zip,e51d95f355e3690093cb109f77646bf213f7b75bdde7625bf25857aeca614d0f,False,True,[],False
UP-Fall,upfall_s09_a05_t02_c2,upfall_subj_09,cam2,laboratory_room,17.28,9.952,172,640,480,True,fall_from_chair,0.796,3.068,3.138,CC-BY-4.0,dev,G:/My Drive/upfall_real/Subject9Activity5Trial2Camera2.zip,13918b4fc71ed59d9a5a432bf0ba6523a4f236c840ae368a33132b353626bcf4,False,True,[],False
UP-Fall,upfall_s09_a05_t03_c1,upfall_subj_09,cam1,laboratory_room,18.16,9.912,180,640,480,True,fall_from_chair,0.968,3.249,3.295,CC-BY-4.0,dev,G:/My Drive/upfall_real/Subject9Activity5Trial3Camera1.zip,0f4c7c07f24ac8c169edbc1f6bdd45386e8d30d04d800bc962d33026e03b9a85,False,True,[],False
UP-Fall,upfall_s09_a05_t03_c2,upfall_subj_09,cam2,laboratory_room,18.16,9.912,180,640,480,True,fall_from_chair,0.968,3.249,3.295,CC-BY-4.0,dev,G:/My Drive/upfall_real/Subject9Activity5Trial3Camera2.zip,fa982411cfa913eee412f56b892f6bfed21042abecc2dbc0ab2060b119f5ed6e,False,True,[],False
UP-Fall,upfall_s09_a06_t01_c1,upfall_subj_09,cam1,laboratory_room,17.92,59.932,1074,640,480,False,walking,,,,CC-BY-4.0,dev,G:/My Drive/upfall_real/Subject9Activity6Trial1Camera1.zip,94811c0ed9d00ffe553f9a3428188f3a412f336471fa431ea1d18c55a865cb44,False,True,[],False
UP-Fall,upfall_s09_a06_t01_c2,upfall_subj_09,cam2,laboratory_room,17.92,59.932,1074,640,480,False,walking,,,,CC-BY-4.0,dev,G:/My Drive/upfall_real/Subject9Activity6Trial1Camera2.zip,b73e5fbbc26bbc7672a6200a5db4cdfdb90cbcf9880d6b5e81f3885fee974286,False,True,[],False
UP-Fall,upfall_s09_a06_t02_c1,upfall_subj_09,cam1,laboratory_room,18.27,59.892,1094,640,480,False,walking,,,,CC-BY-4.0,dev,G:/My Drive/upfall_real/Subject9Activity6Trial2Camera1.zip,5966e47f2713d463be88f746361fad9f6680a95909317d461816cb92ec0467a1,False,True,[],False
UP-Fall,upfall_s09_a06_t02_c2,upfall_subj_09,cam2,laboratory_room,18.27,59.892,1094,640,480,False,walking,,,,CC-BY-4.0,dev,G:/My Drive/upfall_real/Subject9Activity6Trial2Camera2.zip,47c304eae993191b5455d9cefe0b39bf4f98657644474c15ec5db34505dff195,False,True,[],False
UP-Fall,upfall_s09_a06_t03_c1,upfall_subj_09,cam1,laboratory_room,17.6,59.945,1055,640,480,False,walking,,,,CC-BY-4.0,dev,G:/My Drive/upfall_real/Subject9Activity6Trial3Camera1.zip,251dce991d4bead36e534ce1de5f3bd012d5e105d3d3d88f90cd38e0b6f39bda,False,True,[],False
UP-Fall,upfall_s09_a06_t03_c2,upfall_subj_09,cam2,laboratory_room,17.6,59.945,1055,640,480,False,walking,,,,CC-BY-4.0,dev,G:/My Drive/upfall_real/Subject9Activity6Trial3Camera2.zip,a57be5984c1b7f49584b62bf295875c2959d46120619945a33139d4fbd5c1300,False,True,[],False
UP-Fall,upfall_s09_a07_t01_c1,upfall_subj_09,cam1,laboratory_room,18.25,59.895,1093,640,480,False,standing,,,,CC-BY-4.0,dev,G:/My Drive/upfall_real/Subject9Activity7Trial1Camera1.zip,c2f9d09fa8a50c70a0dea16b4ecfa24c29a99d4e02599e5c2d70353b55cd6fde,False,True,[],False
UP-Fall,upfall_s09_a07_t01_c2,upfall_subj_09,cam2,laboratory_room,18.25,59.895,1093,640,480,False,standing,,,,CC-BY-4.0,dev,G:/My Drive/upfall_real/Subject9Activity7Trial1Camera2.zip,d2c9bc95de072a6563508dac83ac7b1b71222a2c568f500117120a426435f0eb,False,True,[],False
UP-Fall,upfall_s09_a07_t02_c1,upfall_subj_09,cam1,laboratory_room,17.92,59.929,1074,640,480,False,standing,,,,CC-BY-4.0,dev,G:/My Drive/upfall_real/Subject9Activity7Trial2Camera1.zip,685b1db9e6eac8e08afce1c190bd1e4ac3f585dc061a2cc79985d20f1a9ec920,False,True,[],False
UP-Fall,upfall_s09_a07_t02_c2,upfall_subj_09,cam2,laboratory_room,17.92,59.929,1074,640,480,False,standing,,,,CC-BY-4.0,dev,G:/My Drive/upfall_real/Subject9Activity7Trial2Camera2.zip,1f0d0efa259b2c32660c82ecd387c3ade50f927e86d41274b702816e13153943,False,True,[],False
UP-Fall,upfall_s09_a07_t03_c1,upfall_subj_09,cam1,laboratory_room,17.29,59.97,1037,640,480,False,standing,,,,CC-BY-4.0,dev,G:/My Drive/upfall_real/Subject9Activity7Trial3Camera1.zip,be629ce409ff35b626b771f317ad3ed0fe135d1b4a59e73a0998440a9d098a7b,False,True,[],False
UP-Fall,upfall_s09_a07_t03_c2,upfall_subj_09,cam2,laboratory_room,17.29,59.97,1037,640,480,False,standing,,,,CC-BY-4.0,dev,G:/My Drive/upfall_real/Subject9Activity7Trial3Camera2.zip,219b7a0950501d867ccb2cf3909d75a39a4a857154d6440a000a803df136a317,False,True,[],False
UP-Fall,upfall_s09_a08_t01_c1,upfall_subj_09,cam1,laboratory_room,17.83,59.941,1069,640,480,False,sitting,,,,CC-BY-4.0,dev,G:/My Drive/upfall_real/Subject9Activity8Trial1Camera1.zip,6ddfb4172366bb6185019abf19119c47ec9061b0dee450be6789b64baf50a018,False,True,[],False
UP-Fall,upfall_s09_a08_t01_c2,upfall_subj_09,cam2,laboratory_room,17.83,59.941,1069,640,480,False,sitting,,,,CC-BY-4.0,dev,G:/My Drive/upfall_real/Subject9Activity8Trial1Camera2.zip,ad5fb25ccbd33f505443abd4ef7dd25aad18257986bb7e4851bed39896461759,False,True,[],False
UP-Fall,upfall_s09_a08_t02_c1,upfall_subj_09,cam1,laboratory_room,18.3,59.955,1097,640,480,False,sitting,,,,CC-BY-4.0,dev,G:/My Drive/upfall_real/Subject9Activity8Trial2Camera1.zip,e6e28cc00d5e788f3a6fcb87954a21f0126d6c79df3be70622757ed71e2ebdba,False,True,[],False
UP-Fall,upfall_s09_a08_t02_c2,upfall_subj_09,cam2,laboratory_room,18.3,59.955,1097,640,480,False,sitting,,,,CC-BY-4.0,dev,G:/My Drive/upfall_real/Subject9Activity8Trial2Camera2.zip,9692c54b69b0cbe4cd8afc49f758d25aac2bd9b2feb61f5d45cc57d76f49e335,False,True,[],False
UP-Fall,upfall_s09_a08_t03_c1,upfall_subj_09,cam1,laboratory_room,17.84,59.933,1069,640,480,False,sitting,,,,CC-BY-4.0,dev,G:/My Drive/upfall_real/Subject9Activity8Trial3Camera1.zip,664b0f18ee66c2e18b59e0a9c691635bd6b723750cc57d5706a59d87d741fe26,False,True,[],False
UP-Fall,upfall_s09_a08_t03_c2,upfall_subj_09,cam2,laboratory_room,17.84,59.933,1069,640,480,False,sitting,,,,CC-BY-4.0,dev,G:/My Drive/upfall_real/Subject9Activity8Trial3Camera2.zip,eb8f3ab56400368a9af4118ea07b076b5f23f711e4e010fb41ea881e655b03d6,False,True,[],False
UP-Fall,upfall_s09_a09_t01_c1,upfall_subj_09,cam1,laboratory_room,18.75,9.865,185,640,480,False,picking_up_object,,,,CC-BY-4.0,dev,G:/My Drive/upfall_real/Subject9Activity9Trial1Camera1.zip,3df9447e276becc8ceabeaba419ae077fa38b48f2bafe53a5a04fa927285bdf8,False,True,[],False
UP-Fall,upfall_s09_a09_t01_c2,upfall_subj_09,cam2,laboratory_room,18.75,9.865,185,640,480,False,picking_up_object,,,,CC-BY-4.0,dev,G:/My Drive/upfall_real/Subject9Activity9Trial1Camera2.zip,fcec3c63124e8041789f09a99bc2c45d6409e319eb0c1caea19588660499bdfb,False,True,[],False
UP-Fall,upfall_s09_a09_t02_c1,upfall_subj_09,cam1,laboratory_room,18.17,9.96,181,640,480,False,picking_up_object,,,,CC-BY-4.0,dev,G:/My Drive/upfall_real/Subject9Activity9Trial2Camera1.zip,ad1bfc5472019cdb7abdbe75260a21e438cceaf93905c0d243642c167a9f99ad,False,True,[],False
UP-Fall,upfall_s09_a09_t02_c2,upfall_subj_09,cam2,laboratory_room,18.17,9.96,181,640,480,False,picking_up_object,,,,CC-BY-4.0,dev,G:/My Drive/upfall_real/Subject9Activity9Trial2Camera2.zip,a6a8a5ec097e72f11ec750673ec0ce0d964bb0f1fe9383dc11c7d4b71662d223,False,True,[],False
UP-Fall,upfall_s09_a09_t03_c1,upfall_subj_09,cam1,laboratory_room,17.91,9.941,178,640,480,False,picking_up_object,,,,CC-BY-4.0,dev,G:/My Drive/upfall_real/Subject9Activity9Trial3Camera1.zip,c37a79d59d9c2d817353a9be0fbe2aef8b808853c755f496eef95481f523fb99,False,True,[],False
UP-Fall,upfall_s09_a09_t03_c2,upfall_subj_09,cam2,laboratory_room,17.91,9.941,178,640,480,False,picking_up_object,,,,CC-BY-4.0,dev,G:/My Drive/upfall_real/Subject9Activity9Trial3Camera2.zip,3f9045b2176ee9027bc280808d575432abb4765b40b6a3c5a44b689783e41a16,False,True,[],False
LongformADL,longform_adl_001_HattieHomemaking_C6h7Yxo0Rrk_00m00-25m00,longform_subj_001,cam0,home_environment,25.0,1500.08,37502,1280,720,False,continuous_activity,,,,Research-Only,longform_adl,datasets/raw/longform_adl/HattieHomemaking_C6h7Yxo0Rrk_00m00-25m00.mkv,5410ec3d7884324a802593ef822a1e0f11451e3d0eaa907895a0579036b124f0,True,True,"[8.0, 15.0, 38.0, 43.0, 57.0, 75.0, 251.0, 260.0, 268.0, 297.0, 318.0, 358.0, 365.0, 434.0, 448.0, 468.0, 483.0, 700.0, 745.0, 785.0, 854.0, 886.0, 912.0, 945.0, 946.0, 949.0, 987.0, 1060.0, 1064.0, 1127.0, 1210.0, 1220.0, 1228.0, 1268.0, 1364.0, 1403.0, 1464.0, 1499.0, 1500.0]",True
LongformADL,longform_adl_002_HotCooking_netbhEdnrx8_00h00m-00h26m,longform_subj_002,cam0,home_environment,25.0,1560.04,39001,1920,1080,False,continuous_activity,,,,Research-Only,longform_adl,datasets/raw/longform_adl/HotCooking_netbhEdnrx8_00h00m-00h26m.mkv,ffe37b0847042d8902ddaf78879a3cf118cb36d4d7f4b7c1424af008ca35c1ae,True,True,"[17.0, 43.0, 47.0, 698.0, 703.0, 906.0, 909.0, 1488.0, 1502.0]",True
LongformADL,longform_adl_003_HotCooking_netbhEdnrx8_00h26m-00h52m,longform_subj_003,cam0,home_environment,25.0,1560.04,39001,1920,1080,False,continuous_activity,,,,Research-Only,longform_adl,datasets/raw/longform_adl/HotCooking_netbhEdnrx8_00h26m-00h52m.mkv,e66ccee896cc2b1677dfbb48c021b928780f274f1f6fabd2ca72f7dcbcb0e3c4,True,True,[],True
LongformADL,longform_adl_004_HotCooking_netbhEdnrx8_00h52m-01h18m,longform_subj_004,cam0,home_environment,25.0,1560.04,39001,1920,1080,False,continuous_activity,,,,Research-Only,longform_adl,datasets/raw/longform_adl/HotCooking_netbhEdnrx8_00h52m-01h18m.mkv,1df4d004f3ee92a0030424a6b70df74d14296b05ceb82fbaf0856a90ce84ad5b,True,True,"[1174.0, 1180.0, 1476.0]",True
LongformADL,longform_adl_005_HotCooking_netbhEdnrx8_01h18m-01h44m,longform_subj_005,cam0,home_environment,25.0,1560.04,39001,1920,1080,False,continuous_activity,,,,Research-Only,longform_adl,datasets/raw/longform_adl/HotCooking_netbhEdnrx8_01h18m-01h44m.mkv,971d21c9c1b9a775d6b3ea4d7bff81679369951bc333180d9b52caae11b8f71e,True,True,[],True
LongformADL,longform_adl_006_HotCooking_netbhEdnrx8_01h44m-02h10m,longform_subj_006,cam0,home_environment,25.0,1560.04,39001,1920,1080,False,continuous_activity,,,,Research-Only,longform_adl,datasets/raw/longform_adl/HotCooking_netbhEdnrx8_01h44m-02h10m.mkv,5a3e8a316a738ac6f1a5cbdc598e26f51aad501cd925c3aa7846729966f21db2,True,True,[1.0],True
LongformADL,longform_adl_007_HotCooking_T6LNhbn7y4M_00h00m-00h26m,longform_subj_007,cam0,home_environment,25.0,1560.04,39001,1920,1080,False,continuous_activity,,,,Research-Only,longform_adl,datasets/raw/longform_adl/HotCooking_T6LNhbn7y4M_00h00m-00h26m.mkv,b0d06cafc849ceedf56aa594d75507b878552a8cf80c30a297eda5fa18464bf5,True,True,[],True
LongformADL,longform_adl_008_HotCooking_T6LNhbn7y4M_00h26m-00h52m,longform_subj_008,cam0,home_environment,25.0,1560.04,39001,1920,1080,False,continuous_activity,,,,Research-Only,longform_adl,datasets/raw/longform_adl/HotCooking_T6LNhbn7y4M_00h26m-00h52m.mkv,5892fdd981ef22466f0d7d96137c1779df2f321ddb92752cfa5014b6622c28a8,True,True,[],True
LongformADL,longform_adl_009_HotCooking_T6LNhbn7y4M_00h52m-01h18m,longform_subj_009,cam0,home_environment,25.0,1560.04,39001,1920,1080,False,continuous_activity,,,,Research-Only,longform_adl,datasets/raw/longform_adl/HotCooking_T6LNhbn7y4M_00h52m-01h18m.mkv,94b16a5a69a2af9745d856395ced0928701726cb2c2b10b2bdc46c9598b311fc,True,True,[],True
LongformADL,longform_adl_010_HotCooking_T6LNhbn7y4M_01h18m-01h44m,longform_subj_010,cam0,home_environment,25.0,1560.04,39001,1920,1080,False,continuous_activity,,,,Research-Only,longform_adl,datasets/raw/longform_adl/HotCooking_T6LNhbn7y4M_01h18m-01h44m.mkv,cf4be97d6460e8956ad9bba8726e86303f070ef726eaa690e18647c4490bfba3,True,True,[],True
LongformADL,longform_adl_011_LaundryFolding_My0NnTNBsGw_00m00-25m00,longform_subj_011,cam0,home_environment,18.08,1500.249,27129,1280,720,False,continuous_activity,,,,Research-Only,longform_adl,datasets/raw/longform_adl/LaundryFolding_My0NnTNBsGw_00m00-25m00.mkv,90fc651d340f94b18df08fa3e6e4cb6bf4514b9a064f50c3da83e3cf75c9222c,True,True,"[71.891, 154.842, 427.197, 857.159, 858.541, 864.071, 866.836, 870.984, 895.869, 897.252, 900.017, 901.399, 913.842, 916.607, 1119.836]",True
LongformADL,longform_adl_012_LaurenWhittington_WKcUIpisV_o_00m00-25m00,longform_subj_012,cam0,home_environment,30.0,1500.067,45002,1920,1080,False,continuous_activity,,,,Research-Only,longform_adl,datasets/raw/longform_adl/LaurenWhittington_WKcUIpisV_o_00m00-25m00.mkv,7f2c1559d0b1b491e7e611de45294aa8a5500fd0f507d5bb17ba2c735a4bd942,True,True,"[1190.0, 1194.167, 1215.0, 1252.5, 1253.333, 1256.667]",True
